# step  MSD_x(Ang2)  MSD_y  MSD_z  MSD_total
# TimeStep c_msd_co2[1] c_msd_co2[2] c_msd_co2[3] c_msd_co2[4]
0 2.05566e-27 1.00068e-27 9.76712e-28 4.03304e-27
500 5.0669 5.36771 5.50115 15.9358
1000 14.002 15.4369 16.3626 45.8016
1500 25.7006 28.0933 31.0787 84.8725
2000 39.4943 41.3541 47.3555 128.204
2500 55.9516 55.6205 65.9901 177.562
3000 73.3123 72.0391 84.2822 229.634
3500 91.729 89.5114 102.937 284.177
4000 110.289 107.572 123.332 341.194
4500 129.112 125.421 143.161 397.694
5000 147.328 144.288 162.356 453.973
5500 164.214 163.277 179.727 507.218
6000 181.889 182.24 195.862 559.992
6500 198.341 203.964 213.009 615.314
7000 215.289 225.043 231.57 671.902
7500 231.964 246.358 251.739 730.061
8000 250.237 268.915 270.283 789.434
8500 271.532 290.942 290.084 852.558
9000 293.836 312.252 310.579 916.667
9500 315.313 334.578 328.945 978.835
10000 336.972 354.577 348.114 1039.66
10500 359.009 376.286 368.887 1104.18
11000 383.637 397.46 390.211 1171.31
11500 405.893 417.22 412.82 1235.93
12000 426.482 437.662 435.301 1299.44
12500 441.786 456.973 450.888 1349.65
13000 457.447 475.534 465.457 1398.44
13500 473.065 497.241 481.508 1451.81
14000 488.981 516.144 501.256 1506.38
14500 504.018 533.787 521.843 1559.65
15000 516.403 553.729 544.233 1614.36
15500 528.716 573.213 565.276 1667.21
16000 544.22 594.975 586.178 1725.37
16500 556.269 618.19 608.61 1783.07
17000 570.91 641.688 628.023 1840.62
17500 585.184 663.434 647.691 1896.31
18000 601.944 688.511 666.575 1957.03
18500 618.067 716.95 689.285 2024.3
19000 633.954 744.022 713.527 2091.5
19500 649.965 766.344 736.002 2152.31
20000 667.022 787.917 756.919 2211.86
20500 682.717 808.693 775.853 2267.26
21000 697.19 825.841 789.822 2312.85
21500 713.147 845.872 808.577 2367.6
22000 726.518 868.19 830.285 2424.99
22500 739.302 888.497 854.002 2481.8
23000 750.214 910.994 878.56 2539.77
23500 761.942 934.169 907.55 2603.66
24000 777.633 957.166 935.101 2669.9
24500 792.423 982.555 960.202 2735.18
25000 809.441 1007.69 982.87 2800
25500 829.619 1027.91 1002.62 2860.16
26000 849.485 1044.98 1030.55 2925.02
26500 867.909 1067.58 1050.63 2986.12
27000 886.781 1089.77 1067.02 3043.57
27500 901.886 1109.55 1087.59 3099.02
28000 918.506 1129.86 1111.33 3159.7
28500 936.789 1151.63 1134.4 3222.82
29000 954.155 1167.81 1154.53 3276.5
29500 967.506 1185.16 1176.84 3329.51
30000 985.068 1205.16 1196.58 3386.81
30500 1000.07 1222.69 1211.29 3434.06
31000 1017.63 1248.77 1227.17 3493.57
31500 1036.74 1282.38 1245.36 3564.48
32000 1058.45 1310.96 1263.05 3632.46
32500 1077.22 1335.69 1285.76 3698.67
33000 1094.71 1354.59 1307.53 3756.82
33500 1114.2 1376.25 1327.74 3818.19
34000 1126.44 1396.64 1351.02 3874.1
34500 1138.41 1416.58 1370.77 3925.76
35000 1153.92 1442.27 1388.99 3985.17
35500 1173.86 1467.94 1406.15 4047.94
36000 1201.8 1495.46 1420.22 4117.48
36500 1222.27 1524.09 1445.96 4192.32
37000 1239.78 1548.83 1473.01 4261.62
37500 1257.46 1568.19 1496.73 4322.37
38000 1273.52 1586.35 1520.44 4380.3
38500 1292.83 1604.55 1543.02 4440.4
39000 1311.3 1619.93 1569.07 4500.3
39500 1330.38 1634.24 1594.35 4558.96
40000 1348.13 1649.34 1614.87 4612.34
40500 1365.27 1668.79 1633.95 4668.01
41000 1382.96 1679.27 1647.74 4709.97
41500 1387.78 1694.33 1669.47 4751.58
42000 1394.32 1709.9 1697.19 4801.41
42500 1401.34 1726.34 1714.53 4842.2
43000 1408.49 1745.54 1731.73 4885.76
43500 1418.85 1765.96 1759.79 4944.6
44000 1434.55 1783.55 1785.87 5003.97
44500 1445.67 1801.88 1798.35 5045.9
45000 1456.96 1818.98 1815.52 5091.47
45500 1468.92 1842.21 1835.17 5146.3
46000 1487.61 1863.65 1858.22 5209.48
46500 1504.18 1885.13 1877.98 5267.29
47000 1520.9 1904.22 1898.94 5324.06
47500 1542.24 1919.05 1919.88 5381.18
48000 1562.67 1929.26 1950.12 5442.05
48500 1577.42 1938.61 1981.56 5497.59
49000 1592.86 1957.38 2011.35 5561.58
49500 1610.81 1977.58 2037.59 5625.98
50000 1626.76 1994.37 2063.52 5684.65
50500 1637.91 2005.53 2090.27 5733.71
51000 1657.12 2014.32 2114.85 5786.29
51500 1669.99 2029.01 2140.27 5839.26
52000 1684.66 2052.6 2158.03 5895.29
52500 1701.86 2080.78 2176.28 5958.92
53000 1717.66 2102.41 2191.65 6011.73
53500 1733.57 2124.68 2203.92 6062.17
54000 1753.01 2149.44 2223.69 6126.13
54500 1774.67 2180.24 2237.72 6192.64
55000 1792.14 2205.47 2259.42 6257.03
55500 1808.44 2232.14 2287.15 6327.74
56000 1822.64 2264.48 2318.06 6405.18
56500 1839.46 2300.85 2344.42 6484.72
57000 1847.85 2334.54 2367.85 6550.24
57500 1857.43 2359.8 2394.86 6612.09
58000 1866.28 2386.96 2426.9 6680.14
58500 1878.9 2408.12 2460.87 6747.88
59000 1886.61 2428.02 2488.94 6803.57
59500 1897.75 2446.04 2513.66 6857.45
60000 1899.5 2468.66 2538.1 6906.26
60500 1900.54 2486.14 2564.35 6951.03
61000 1906 2507.32 2580.28 6993.6
61500 1914.61 2533.71 2591.09 7039.41
62000 1926.54 2555.36 2611.4 7093.3
62500 1940.21 2578.6 2634.83 7153.64
63000 1955.1 2600 2655.18 7210.29
63500 1972.18 2622.78 2677.25 7272.22
64000 1994.25 2648.69 2696.63 7339.57
64500 2014.67 2674.12 2718.84 7407.63
65000 2037.4 2698.32 2742.54 7478.26
65500 2057.13 2712.93 2762.26 7532.32
66000 2081.76 2736.83 2766.73 7585.31
66500 2096.52 2759.53 2776.66 7632.71
67000 2105.89 2772.77 2791 7669.66
67500 2118.72 2792.43 2806.29 7717.44
68000 2128.76 2814.79 2826.81 7770.36
68500 2145.75 2835.73 2848.89 7830.38
69000 2161.88 2862.66 2857.96 7882.5
69500 2182.4 2886.59 2865.32 7934.31
70000 2193.73 2917.13 2878.46 7989.33
70500 2206.41 2943.68 2892.33 8042.41
71000 2221.52 2961.34 2908.38 8091.24
71500 2235.25 2978.62 2920.31 8134.17
72000 2252.62 3001.95 2927.33 8181.91
72500 2271.74 3021.03 2943.2 8235.98
73000 2288.57 3041.74 2968.48 8298.79
73500 2308.03 3072.07 2984.7 8364.8
74000 2326.02 3097.56 3003.23 8426.81
74500 2334.43 3117.58 3018.08 8470.08
75000 2346.14 3143.74 3037.77 8527.65
75500 2354.7 3163.33 3065.4 8583.43
76000 2363.64 3188.64 3099.28 8651.57
76500 2372.62 3208.89 3130.02 8711.53
77000 2380.96 3232.36 3158.42 8771.74
77500 2388.68 3255.49 3182.16 8826.34
78000 2398.6 3278.72 3216.93 8894.24
78500 2413.13 3303.81 3247.01 8963.95
79000 2429.26 3328.14 3269.58 9026.97
79500 2444.25 3356.74 3291.84 9092.83
80000 2461.91 3379.96 3320.94 9162.81
80500 2483.33 3396.7 3342 9222.03
81000 2502.91 3413.18 3369.44 9285.52
81500 2512.83 3434.74 3393.36 9340.93
82000 2528.76 3459.29 3411.32 9399.37
82500 2540.57 3493.2 3435.27 9469.04
83000 2552.52 3520.6 3451.4 9524.52
83500 2566.92 3541.92 3470.14 9578.98
84000 2579.08 3567.61 3491.6 9638.29
84500 2590.29 3584.51 3509.48 9684.27
85000 2608.07 3607.34 3526.25 9741.67
85500 2631.78 3625.24 3543.12 9800.14
86000 2655.18 3640.27 3564.12 9859.56
86500 2678.84 3655.35 3586.12 9920.31
87000 2701.94 3665.62 3609.58 9977.14
87500 2725.59 3684.92 3633.55 10044.1
88000 2741.35 3704.68 3658.11 10104.1
88500 2740.48 3733.09 3678.5 10152.1
89000 2748.39 3754.1 3699.68 10202.2
89500 2752.21 3787.85 3724.9 10265
90000 2759.43 3815.24 3761.88 10336.5
90500 2769.31 3858.28 3788.77 10416.4
91000 2775.86 3888.15 3806.31 10470.3
91500 2783.23 3924.08 3828.04 10535.4
92000 2784.89 3948.54 3853.48 10586.9
92500 2781.36 3971.04 3872.68 10625.1
93000 2792.76 3985.73 3893.95 10672.4
93500 2801.49 4009 3915.95 10726.4
94000 2814.97 4036.86 3933.35 10785.2
94500 2825.41 4060.08 3951.02 10836.5
95000 2835.34 4080.12 3960.77 10876.2
95500 2852.18 4099.21 3968.97 10920.4
96000 2872.21 4118.23 3980.82 10971.3
96500 2896.58 4138.81 3993.19 11028.6
97000 2917.56 4151.99 4014.21 11083.8
97500 2939.6 4169.85 4033.65 11143.1
98000 2954.06 4193.15 4049.02 11196.2
98500 2970.03 4217.99 4073.19 11261.2
99000 2979.67 4248.31 4100.87 11328.8
99500 2995.27 4269.94 4134.49 11399.7
100000 3007.73 4288.71 4162.64 11459.1
100500 3025.52 4315.58 4188.96 11530.1
101000 3045.1 4345.26 4217.8 11608.2
101500 3049.23 4374.56 4242.03 11665.8
102000 3056.63 4407.86 4265.38 11729.9
102500 3068.32 4431.45 4286.81 11786.6
103000 3078.61 4450.7 4312.6 11841.9
103500 3090.46 4471.64 4334.25 11896.3
104000 3103.28 4486.23 4358.46 11948
104500 3115.44 4499.6 4382.72 11997.8
105000 3130.76 4510.33 4399.33 12040.4
105500 3146.44 4517.64 4421.95 12086
106000 3159.11 4523 4443.69 12125.8
106500 3168.89 4534.23 4473.58 12176.7
107000 3178.19 4550.4 4503.98 12232.6
107500 3194.05 4571.01 4537.05 12302.1
108000 3211.85 4596.08 4569.51 12377.4
108500 3225.77 4622.84 4597.23 12445.8
109000 3227.53 4646.83 4625.52 12499.9
109500 3235.09 4665.45 4652.95 12553.5
110000 3243.56 4685.36 4677.35 12606.3
110500 3247.7 4708.59 4698.56 12654.8
111000 3254.53 4733.49 4720.9 12708.9
111500 3260.88 4759.99 4739.48 12760.4
112000 3274.14 4791.24 4744.94 12810.3
112500 3288.7 4813.99 4746.31 12849
113000 3301.82 4839.18 4748.58 12889.6
113500 3319.24 4859.96 4751.1 12930.3
114000 3331.56 4877.95 4754.95 12964.5
114500 3338.5 4894.66 4754.99 12988.2
115000 3349.47 4907 4769.98 13026.4
115500 3352.72 4917.36 4780.34 13050.4
116000 3355.12 4931.6 4783.29 13070
116500 3352.34 4957.63 4784.66 13094.6
117000 3352.09 4984.72 4784.97 13121.8
117500 3353.38 5011.73 4795.66 13160.8
118000 3360.19 5030.48 4804.96 13195.6
118500 3356.67 5043.4 4816.66 13216.7
119000 3355.45 5057.53 4827.44 13240.4
119500 3360.6 5070.18 4850.57 13281.3
120000 3359.37 5082.59 4874.36 13316.3
120500 3360.19 5105.87 4898.82 13364.9
121000 3364.19 5134.1 4910.38 13408.7
121500 3376.32 5160.99 4927.03 13464.3
122000 3391.31 5185.41 4937.54 13514.3
122500 3403.93 5196.49 4947.42 13547.8
123000 3412.66 5202.43 4960.64 13575.7
123500 3427.55 5218.45 4962.61 13608.6
124000 3440.03 5238.53 4960.8 13639.4
124500 3462.33 5259.65 4970.71 13692.7
125000 3477.46 5280.15 4997.92 13755.5
125500 3502.1 5300.78 5016.95 13819.8
126000 3517.62 5320.65 5025.08 13863.3
126500 3536.26 5340.69 5043.46 13920.4
127000 3552.21 5362.53 5060.34 13975.1
127500 3561.77 5388.27 5080.65 14030.7
128000 3572.4 5408.7 5104.75 14085.9
128500 3586.3 5431.05 5123.37 14140.7
129000 3603.88 5455.96 5137.3 14197.1
129500 3631.99 5472.13 5159.08 14263.2
130000 3654.59 5486.09 5175.1 14315.8
130500 3669.59 5508.64 5193.46 14371.7
131000 3688.86 5535.25 5216.65 14440.8
131500 3700.58 5567.9 5250.36 14518.8
132000 3715.35 5596.78 5274.38 14586.5
132500 3736.31 5603.29 5311.52 14651.1
133000 3748.32 5608.97 5330.74 14688
133500 3759.45 5629.61 5345.59 14734.7
134000 3766.29 5657.49 5366.63 14790.4
134500 3769.95 5677.26 5384.92 14832.1
135000 3787.25 5692.18 5396.81 14876.2
135500 3801.23 5705.39 5401.4 14908
136000 3817.19 5722.92 5413.86 14954
136500 3832.92 5740.07 5433.42 15006.4
137000 3840.38 5752.73 5451.34 15044.4
137500 3838.1 5765.59 5469.1 15072.8
138000 3840.34 5786.48 5480.11 15106.9
138500 3844.34 5813 5492.38 15149.7
139000 3849.84 5852.87 5495.38 15198.1
139500 3852.54 5902.86 5502.82 15258.2
140000 3858.5 5958.22 5516.65 15333.4
140500 3878.78 6003.29 5523.74 15405.8
141000 3888.04 6052.29 5529.83 15470.2
141500 3894.73 6086.54 5550.05 15531.3
142000 3910.18 6102.44 5571.8 15584.4
142500 3925.62 6115.41 5596.78 15637.8
143000 3939.61 6116.03 5619.37 15675
143500 3954.14 6122.11 5649.34 15725.6
144000 3960.44 6138.05 5680.88 15779.4
144500 3972.63 6151.48 5711.84 15835.9
145000 3980.73 6166.91 5726 15873.6
145500 3983.75 6172.05 5735.66 15891.5
146000 3991.5 6192.07 5759.29 15942.9
146500 4006.71 6214.56 5776.21 15997.5
147000 4027.76 6247.65 5792.29 16067.7
147500 4042.68 6273.22 5816.67 16132.6
148000 4055.42 6296.97 5842.33 16194.7
148500 4066.32 6316.28 5853.51 16236.1
149000 4082.29 6354.84 5865.71 16302.8
149500 4102.01 6385.62 5882.59 16370.2
150000 4122.8 6402.56 5901.04 16426.4
150500 4146.93 6426.64 5921.87 16495.4
151000 4166.79 6439.4 5945.13 16551.3
151500 4189.77 6454.73 5965.52 16610
152000 4204.91 6463.84 5995.42 16664.2
152500 4224.12 6479.36 6017.37 16720.8
153000 4238.76 6492.06 6040.75 16771.6
153500 4256.73 6512.48 6064.05 16833.3
154000 4274.78 6525.01 6085.12 16884.9
154500 4280 6542.78 6109.66 16932.4
155000 4278.71 6563.35 6131.69 16973.7
155500 4284.92 6567.93 6154.21 17007.1
156000 4284.62 6587.23 6176.16 17048
156500 4288.77 6616.31 6198.9 17104
157000 4292.6 6633.77 6207.01 17133.4
157500 4299.39 6647.34 6229.63 17176.4
158000 4308.09 6666.54 6246.95 17221.6
158500 4310 6692.55 6259.74 17262.3
159000 4315.67 6721.01 6274.27 17310.9
159500 4325.81 6745.49 6285.03 17356.3
160000 4354.95 6755.32 6304.98 17415.2
160500 4382.9 6763.88 6320.69 17467.5
161000 4398.2 6775.98 6334.58 17508.8
161500 4419.28 6783.02 6357.52 17559.8
162000 4432.88 6804.57 6378.02 17615.5
162500 4440.69 6821.34 6410.66 17672.7
163000 4453.42 6835.54 6442.19 17731.2
163500 4459.92 6854.9 6463.77 17778.6
164000 4460.77 6873.8 6478.85 17813.4
164500 4474.64 6879.63 6491.13 17845.4
165000 4481.72 6886.92 6506.59 17875.2
165500 4497.46 6891.49 6525.73 17914.7
166000 4514.08 6897.89 6537.29 17949.3
166500 4527.74 6912.93 6543.93 17984.6
167000 4541.23 6928.42 6538.65 18008.3
167500 4559.74 6931.91 6539.41 18031.1
168000 4583.77 6933.74 6540.46 18058
168500 4604.11 6933.27 6542.95 18080.3
169000 4621.93 6931.83 6568.83 18122.6
169500 4628.99 6938 6597.53 18164.5
170000 4642.07 6933.3 6611.73 18187.1
170500 4655.44 6941.4 6623.93 18220.8
171000 4665.65 6952.19 6637.98 18255.8
171500 4678.17 6957.64 6658.49 18294.3
172000 4688.34 6973.98 6679.42 18341.7
172500 4697.34 6996.24 6708.74 18402.3
173000 4713.41 7024.51 6736.43 18474.4
173500 4730.88 7044.12 6768.11 18543.1
174000 4741.09 7066.96 6791.87 18599.9
174500 4740.48 7092.29 6819 18651.8
175000 4731.48 7109.55 6841.84 18682.9
175500 4729.67 7132.29 6862.99 18724.9
176000 4722.02 7142.66 6876.91 18741.6
176500 4707.39 7152.53 6887.42 18747.3
177000 4694.28 7179.79 6910.96 18785
177500 4694.62 7206.92 6937.14 18838.7
178000 4701.42 7248.09 6964.36 18913.9
178500 4709.25 7284.64 6991.8 18985.7
179000 4703.78 7317.93 7025.08 19046.8
179500 4703.15 7348.07 7046.89 19098.1
180000 4707.05 7372.43 7071.17 19150.6
180500 4717.7 7393.1 7093.61 19204.4
181000 4734.42 7408.83 7096.86 19240.1
181500 4747.61 7434.47 7097.68 19279.8
182000 4763.37 7465.22 7105.09 19333.7
182500 4778.79 7485.77 7122.35 19386.9
183000 4794.96 7512.35 7145.42 19452.7
183500 4816.61 7525.14 7161.01 19502.8
184000 4836.74 7541.23 7179.06 19557
184500 4861.19 7561.19 7197.87 19620.3
185000 4875.73 7572.44 7230.28 19678.4
185500 4899.33 7586.89 7267.33 19753.5
186000 4920.02 7600.24 7299.85 19820.1
186500 4930.69 7608.13 7320.2 19859
187000 4942.06 7611.02 7343.67 19896.8
187500 4955.68 7621.77 7351.1 19928.6
188000 4964.37 7620.22 7353.38 19938
188500 4967.89 7620.6 7349.1 19937.6
189000 4977.37 7622.6 7360.74 19960.7
189500 4991.81 7620.28 7365.81 19977.9
190000 5000.83 7630.09 7366.36 19997.3
190500 5012.25 7640.79 7367.4 20020.4
191000 5024.52 7655.52 7366.7 20046.7
191500 5041.05 7674.38 7375.53 20091
192000 5061.52 7675.83 7389.16 20126.5
192500 5070.95 7681.55 7395.44 20147.9
193000 5076.32 7697.34 7431.21 20204.9
193500 5085.34 7710.61 7445.69 20241.6
194000 5114.39 7728.59 7468.1 20311.1
194500 5137.09 7754.47 7505.95 20397.5
195000 5155.28 7770.15 7532.01 20457.4
195500 5178.49 7791.28 7548.62 20518.4
196000 5200.11 7810.95 7562.8 20573.9
196500 5215.07 7844.36 7569.48 20628.9
197000 5221.43 7873.73 7587.97 20683.1
197500 5234.13 7893.65 7608.61 20736.4
198000 5244.69 7915.65 7623.13 20783.5
198500 5256.77 7943.71 7631.86 20832.3
199000 5268.5 7966.37 7647.45 20882.3
199500 5275.78 8001.3 7662.26 20939.3
200000 5287.2 8027.31 7676.08 20990.6
200500 5284.64 8037.07 7701.36 21023.1
201000 5290.52 8037.83 7735.99 21064.3
201500 5296.77 8050.94 7763.45 21111.2
202000 5313.51 8065.86 7780.11 21159.5
202500 5327.26 8074.31 7800.72 21202.3
203000 5340.21 8094.94 7830.71 21265.9
203500 5353.96 8110.36 7859.65 21324
204000 5367.2 8121.45 7890.91 21379.6
204500 5376.41 8135.89 7916.77 21429.1
205000 5392.71 8142.03 7933.97 21468.7
205500 5413.01 8154.37 7960.36 21527.7
206000 5427.15 8168.78 7990.19 21586.1
206500 5450.63 8185.72 8030.17 21666.5
207000 5466.47 8203.3 8062.8 21732.6
207500 5477.38 8224.41 8097.35 21799.1
208000 5485.82 8233.81 8118.69 21838.3
208500 5499.16 8262.4 8129.16 21890.7
209000 5502.08 8281.42 8142.27 21925.8
209500 5507.61 8285.64 8166.87 21960.1
210000 5511.73 8305.37 8196.35 22013.5
210500 5524.48 8322.28 8226.08 22072.8
211000 5535.83 8354.96 8257.86 22148.6
211500 5542.29 8374.29 8285.83 22202.4
212000 5546 8380.72 8303.92 22230.6
212500 5553.42 8406.03 8337.19 22296.6
213000 5578.26 8424.44 8371.71 22374.4
213500 5606.8 8433.48 8396.99 22437.3
214000 5621.06 8432.01 8414.87 22468
214500 5639.46 8439.17 8418.68 22497.3
215000 5644.14 8459.77 8427.91 22531.8
215500 5649.81 8479.09 8444.93 22573.8
216000 5654.84 8493.39 8446.3 22594.5
216500 5670.97 8501.56 8438.1 22610.6
217000 5692.54 8501.92 8427.81 22622.3
217500 5713 8494.65 8429.46 22637.1
218000 5726.27 8499.15 8416.19 22641.6
218500 5737.5 8509.96 8402.54 22650
219000 5750.66 8528.83 8406.88 22686.4
219500 5765.53 8534.59 8414.99 22715.1
220000 5772.5 8539.72 8429.54 22741.8
220500 5774.23 8545.92 8445.47 22765.6
221000 5770.01 8564.91 8469.17 22804.1
221500 5771.39 8588.98 8501.29 22861.7
222000 5777.14 8602.67 8537.35 22917.2
222500 5781.07 8623.3 8576.4 22980.8
223000 5799.22 8639.69 8599.78 23038.7
223500 5814.81 8654.78 8625.26 23094.8
224000 5830.35 8670.54 8652.87 23153.8
224500 5842.21 8692.72 8680.78 23215.7
225000 5863.26 8728.48 8710.28 23302
225500 5879.53 8749.73 8743.24 23372.5
226000 5902.34 8763.8 8752.34 23418.5
226500 5914.15 8771.12 8766.69 23452
227000 5926.17 8775.27 8769.36 23470.8
227500 5928.84 8783.21 8761.82 23473.9
228000 5937.56 8789.61 8777.74 23504.9
228500 5936.95 8798 8795.75 23530.7
229000 5945.79 8821.74 8812.08 23579.6
229500 5956.19 8834.8 8818.7 23609.7
230000 5963.23 8866.41 8827.14 23656.8
230500 5965.86 8878.82 8840.22 23684.9
231000 5975.88 8896.15 8841.22 23713.2
231500 5979.37 8915.28 8846.97 23741.6
232000 5986.4 8922.8 8867.1 23776.3
232500 5996.53 8934.08 8888.24 23818.9
233000 6008.64 8954.83 8899.52 23863
233500 6010.36 8975.44 8905.05 23890.8
234000 6027.73 8984.59 8911.84 23924.2
234500 6033.71 9002.8 8914.32 23950.8
235000 6038.95 9034.2 8905.16 23978.3
235500 6047.78 9061.72 8902.46 24012
236000 6060.44 9083.06 8915.94 24059.4
236500 6081.31 9117.79 8931.85 24130.9
237000 6095.55 9153.54 8946.34 24195.4
237500 6101.8 9184.37 8953.2 24239.4
238000 6112.89 9216.05 8962.22 24291.2
238500 6140.3 9237.77 8976.26 24354.3
239000 6155.31 9262.48 8989.87 24407.7
239500 6162.67 9301.7 9009.07 24473.4
240000 6175.82 9326.97 9034.48 24537.3
240500 6204.59 9338.6 9047.81 24591
241000 6246.04 9355.26 9062.25 24663.6
241500 6279.22 9355.93 9067.22 24702.4
242000 6301.33 9364.35 9073.6 24739.3
242500 6309.21 9372.55 9088.4 24770.2
243000 6324.18 9387.98 9097.66 24809.8
243500 6344.31 9394.54 9120.58 24859.4
244000 6373.89 9404.84 9132.74 24911.5
244500 6394.66 9428.35 9156.81 24979.8
245000 6420.37 9462.06 9175.97 25058.4
245500 6443.88 9493.15 9205.68 25142.7
246000 6469.31 9520.57 9239.84 25229.7
246500 6493.96 9560.34 9255.02 25309.3
247000 6515.69 9590.27 9272.09 25378
247500 6533.13 9608.97 9290.25 25432.4
248000 6545.97 9622.77 9298.17 25466.9
248500 6557.35 9647.65 9302.94 25507.9
249000 6567.52 9680.4 9326.03 25573.9
249500 6578.6 9713.59 9342.12 25634.3
250000 6585.24 9737.11 9355.94 25678.3
250500 6596.18 9751.03 9371.41 25718.6
251000 6609.22 9780.48 9372.34 25762
251500 6620.19 9815.08 9367.51 25802.8
252000 6629.8 9859.27 9366.91 25856
252500 6640.85 9891.35 9380.8 25913
253000 6644.31 9906.71 9403.24 25954.3
253500 6645.48 9926.57 9436.76 26008.8
254000 6646.48 9951.43 9484 26081.9
254500 6650.02 9971.86 9522.39 26144.3
255000 6653.47 10016.5 9566.4 26236.4
255500 6664.55 10061.8 9595.47 26321.9
256000 6679.57 10096.3 9609.09 26385
256500 6699.79 10123.6 9630.69 26454.1
257000 6714.72 10158.3 9641.17 26514.2
257500 6730.13 10187 9651.76 26568.9
258000 6734.78 10212.6 9673.92 26621.3
258500 6733.35 10223.1 9694.67 26651.1
259000 6745.35 10238.2 9700.62 26684.2
259500 6756.14 10261.8 9702.3 26720.3
260000 6761.71 10273.3 9716.11 26751.1
260500 6771.89 10271.6 9719.85 26763.4
261000 6784.08 10275.5 9720.57 26780.1
261500 6798.91 10289.3 9728.17 26816.4
262000 6818.16 10312.2 9726.45 26856.8
262500 6825.85 10330.4 9735.66 26891.9
263000 6828.1 10343.2 9753.07 26924.4
263500 6834.87 10363.4 9773.17 26971.5
264000 6846.6 10373.9 9792.58 27013.1
264500 6847.16 10391.3 9807.91 27046.4
265000 6855.07 10427.4 9813.98 27096.4
265500 6866.75 10468.6 9833.04 27168.4
266000 6872.89 10511.8 9838.98 27223.6
266500 6882.3 10546.1 9850.94 27279.3
267000 6884.81 10578.4 9877.08 27340.3
267500 6900.76 10596.7 9898.88 27396.4
268000 6906.53 10606.7 9917.38 27430.6
268500 6890.99 10617.9 9946.4 27455.3
269000 6895.96 10620.3 9975.03 27491.3
269500 6908.91 10623.8 10013.4 27546.1
270000 6933.83 10628.8 10052.8 27615.4
270500 6957.48 10644.9 10086 27688.4
271000 6986.26 10663.3 10106.1 27755.8
271500 7007.15 10687 10129.4 27823.5
272000 7014.16 10713.1 10164.5 27891.7
272500 7022.88 10740.1 10200.8 27963.8
273000 7035.67 10761.2 10233.6 28030.5
273500 7044.09 10791.3 10259.4 28094.7
274000 7046.98 10807.7 10278.8 28133.5
274500 7081.4 10824.7 10290.8 28197
275000 7113.28 10847.1 10309.6 28270
275500 7132.19 10885.7 10321.7 28339.7
276000 7165.64 10913.7 10345.3 28424.6
276500 7205.93 10927.6 10352.3 28485.8
277000 7232.2 10945.4 10367.9 28545.5
277500 7254.55 10961.9 10390.5 28606.9
278000 7275.34 10973.2 10423.1 28671.7
278500 7289.42 10993.7 10460.1 28743.2
279000 7308.29 11025.9 10484.3 28818.5
279500 7333.18 11058.3 10499.3 28890.8
280000 7360.09 11081.3 10520.7 28962.1
280500 7377.53 11101.3 10532.6 29011.3
281000 7401.7 11117 10547.3 29066
281500 7424.43 11133.9 10561.5 29119.9
282000 7434.91 11148.1 10575.9 29158.9
282500 7446.24 11152.9 10604.4 29203.5
283000 7462.49 11150.7 10625 29238.2
283500 7476.5 11153.4 10635.9 29265.7
284000 7482.79 11161.2 10655.5 29299.5
284500 7495.69 11162.2 10680.9 29338.8
285000 7497.15 11185.6 10690.4 29373.1
285500 7505.38 11203 10720.6 29429
286000 7511.02 11222.5 10746.7 29480.2
286500 7528.1 11227.4 10784.2 29539.7
287000 7547.26 11227.6 10825.7 29600.6
287500 7571.67 11246.8 10853.9 29672.4
288000 7578.73 11263.7 10876.8 29719.2
288500 7580.41 11272.2 10896.7 29749.2
289000 7582.25 11284.8 10933.9 29800.9
289500 7568.03 11291.2 10969.5 29828.7
290000 7563.94 11289.8 10990.8 29844.5
290500 7563.2 11289.1 11021.7 29874
291000 7562.04 11268.6 11066.1 29896.7
291500 7567.57 11270.6 11120.8 29958.9
292000 7583.1 11284.9 11149.4 30017.4
292500 7610.69 11292.3 11167.1 30070.1
293000 7626.69 11325.5 11192.1 30144.2
293500 7647.9 11354.8 11201.7 30204.4
294000 7675.23 11389.2 11233.3 30297.7
294500 7686 11412.5 11267.8 30366.3
295000 7694.02 11444 11298.3 30436.3
295500 7710.34 11468.6 11317.5 30496.5
296000 7732.08 11483.4 11339.2 30554.7
296500 7759.8 11508.4 11368.1 30636.3
297000 7767.01 11536.3 11381.1 30684.4
297500 7775.47 11570.3 11419.2 30764.9
298000 7797.43 11592.9 11459.4 30849.7
298500 7830.6 11599.2 11482.1 30911.9
299000 7868.49 11614.9 11513.7 30997.1
299500 7915.91 11642 11551.5 31109.4
300000 7965.81 11661.4 11593 31220.2
300500 8002.61 11670.6 11622.1 31295.3
301000 8034.77 11677.5 11659.7 31372
301500 8058.5 11689.1 11697 31444.5
302000 8077.53 11717.6 11741.3 31536.4
302500 8090.91 11750.5 11777.5 31618.9
303000 8087.97 11770.8 11799.3 31658
303500 8073.85 11781.5 11812 31667.4
304000 8068.57 11804.8 11857.5 31730.8
304500 8081.26 11837.2 11900.8 31819.3
305000 8094.62 11892.4 11956.6 31943.7
305500 8091.19 11914.4 12011.8 32017.3
306000 8101.86 11916.8 12058.3 32077
306500 8112.28 11941.3 12098.6 32152.1
307000 8128.06 11955.7 12141.2 32224.9
307500 8139.83 11958.3 12181.1 32279.2
308000 8146.67 11970.2 12232.9 32349.8
308500 8165.03 11978.8 12275.2 32419
309000 8189.71 11974.6 12317.5 32481.8
309500 8210.41 11980 12346 32536.3
310000 8218.87 11995.2 12368.3 32582.3
310500 8233.44 12009.9 12388.9 32632.3
311000 8242.5 12027.1 12414.4 32684
311500 8238.17 12056 12409.6 32703.8
312000 8239.59 12073.2 12411.8 32724.6
312500 8246.14 12102.4 12434.8 32783.3
313000 8252.69 12122.5 12456.7 32831.8
313500 8251.47 12151 12470.4 32872.8
314000 8258.61 12189.4 12476.8 32924.8
314500 8267.98 12232.4 12495.8 32996.2
315000 8283.57 12279.8 12517.8 33081.2
315500 8295.43 12308.1 12539.4 33142.9
316000 8307.39 12323.4 12547.4 33178.1
316500 8310.99 12347.9 12556.9 33215.8
317000 8313.61 12360.8 12568.3 33242.6
317500 8318.94 12379.1 12575.6 33273.7
318000 8321.32 12395.1 12596.9 33313.3
318500 8328.65 12408.7 12619.5 33356.9
319000 8337.7 12410.2 12651.5 33399.4
319500 8348.7 12409 12702.5 33460.2
320000 8347.1 12410.8 12718.4 33476.3
320500 8356.07 12422.3 12735.3 33513.7
321000 8369.1 12439.3 12737.2 33545.6
321500 8382.79 12454.6 12738.3 33575.6
322000 8398.36 12471.7 12749.8 33619.9
322500 8414.81 12477.7 12762.2 33654.8
323000 8438.09 12488.4 12776 33702.5
323500 8446.83 12493 12803.5 33743.3
324000 8457.86 12500 12834.3 33792.1
324500 8465.43 12503 12869 33837.4
325000 8486.42 12514.6 12886 33887
325500 8501.62 12509.7 12935.8 33947.2
326000 8526.1 12526.3 12969.1 34021.5
326500 8528.42 12543.9 13004.1 34076.4
327000 8544.09 12564.6 13026.1 34134.8
327500 8555.23 12598.1 13049.1 34202.4
328000 8570.71 12634.8 13077.3 34282.7
328500 8589.66 12674.4 13099 34363.1
329000 8601.27 12698.7 13131.5 34431.6
329500 8615.23 12718.8 13168.4 34502.5
330000 8648.36 12734.9 13208.7 34591.9
330500 8660.49 12752.9 13249.1 34662.5
331000 8676.99 12763.7 13264.8 34705.5
331500 8702.94 12776 13285.3 34764.3
332000 8732.71 12789.2 13313.8 34835.7
332500 8744.77 12800.9 13333.7 34879.4
333000 8749.45 12798.1 13364.7 34912.3
333500 8751.26 12801.7 13379.9 34932.8
334000 8767.2 12809.2 13410.3 34986.7
334500 8783.49 12821.4 13429.5 35034.4
335000 8801.53 12841 13445.6 35088.2
335500 8813.17 12846.4 13468.2 35127.8
336000 8807.83 12868.4 13501.9 35178.1
336500 8809.87 12893.9 13538.7 35242.5
337000 8819.46 12915.3 13549.8 35284.6
337500 8831.31 12945.4 13570.6 35347.3
338000 8836.55 12967.7 13616.6 35420.9
338500 8859.63 12990.1 13637.6 35487.3
339000 8871.51 13011.6 13661.1 35544.2
339500 8878.77 13039.7 13689.1 35607.5
340000 8886.85 13060.8 13732.1 35679.7
340500 8896.88 13072.3 13765.4 35734.6
341000 8909.98 13095.3 13787.7 35792.9
341500 8921.53 13112.5 13816.1 35850.1
342000 8929.73 13110.1 13839 35878.8
342500 8934.07 13126.1 13858.8 35918.9
343000 8944.21 13165.4 13871.2 35980.8
343500 8950.53 13193.4 13894.5 36038.4
344000 8959 13233.7 13920.6 36113.3
344500 8970.07 13265.8 13943 36178.9
345000 8993.9 13287 13978.4 36259.3
345500 9015.16 13327.5 13996.5 36339.1
346000 9019.9 13355.2 13999.1 36374.1
346500 9011.62 13362.5 14007.7 36381.8
347000 9008.88 13366.5 14034 36409.4
347500 9005.9 13409.8 14049 36464.7
348000 8996.56 13471.4 14075.1 36543
348500 8995.79 13509.6 14095.5 36600.9
349000 8998.4 13549.6 14120.6 36668.6
349500 8996.04 13567.2 14132 36695.3
350000 9001.93 13584.3 14157 36743.3
350500 9017.59 13602.6 14172 36792.2
351000 9037.52 13615.9 14208.9 36862.3
351500 9058.03 13624.2 14229.7 36911.9
352000 9056.9 13638.5 14250.5 36945.9
352500 9038.75 13657.7 14286.2 36982.7
353000 9038.17 13665.8 14319 37023
353500 9022.15 13655.4 14329.1 37006.6
354000 9013.31 13655.1 14339.4 37007.8
354500 9005.14 13651.6 14340.8 36997.5
355000 8994.76 13661.6 14354 37010.4
355500 9002.6 13696.6 14375.5 37074.7
356000 9011.01 13723 14387 37121.1
356500 9029.02 13768.6 14403.8 37201.5
357000 9043.92 13802.5 14430.8 37277.2
357500 9067.5 13821.4 14454.8 37343.7
358000 9085.27 13842.3 14465.9 37393.4
358500 9106.09 13877.4 14489.2 37472.6
359000 9119.73 13899.9 14501.6 37521.2
359500 9109.99 13925.5 14526.1 37561.6
360000 9121.42 13936.1 14543.4 37600.9
360500 9120.31 13955.4 14552.8 37628.5
361000 9114.4 13962.4 14559.5 37636.3
361500 9125.48 13973.1 14569.5 37668
362000 9136.92 13960.3 14590.4 37687.7
362500 9162.15 13959.7 14613.7 37735.6
363000 9187.28 13952.4 14649.6 37789.3
363500 9207.67 13953.1 14668.3 37829.1
364000 9227.78 13965.1 14713.5 37906.3
364500 9249.96 13982.1 14751.8 37983.9
365000 9260.7 14000.5 14782.2 38043.4
365500 9267.29 14020.3 14810 38097.5
366000 9275.31 14030.4 14852.8 38158.5
366500 9285.1 14041.5 14874.4 38200.9
367000 9300.54 14079.6 14913.3 38293.4
367500 9309.28 14119 14933.3 38361.6
368000 9322.16 14134.7 14940.9 38397.7
368500 9325.47 14164.4 14957.7 38447.6
369000 9329.93 14193.2 14979.6 38502.7
369500 9348.05 14196.7 14986.4 38531.1
370000 9363.04 14216.2 15018.4 38597.7
370500 9382.21 14228.9 15055.4 38666.6
371000 9377.36 14230 15080.6 38687.9
371500 9368.62 14248.7 15101.1 38718.4
372000 9363.46 14275.5 15123.3 38762.2
372500 9369.07 14307.7 15118.7 38795.4
373000 9382.11 14322.4 15121 38825.5
373500 9399.82 14356.9 15137.3 38894
374000 9400.13 14380.6 15150.8 38931.5
374500 9410.44 14399.6 15174.1 38984.1
375000 9433.9 14420.8 15203.8 39058.5
375500 9450.31 14423.9 15228.7 39102.9
376000 9459.82 14405.6 15267.5 39132.9
376500 9455.3 14407.7 15302.2 39165.2
377000 9464.94 14442.1 15339.8 39246.9
377500 9458.42 14475 15370.4 39303.8
378000 9459.94 14496.4 15400.7 39357
378500 9473.29 14528 15426.5 39427.8
379000 9480.3 14553.7 15433.4 39467.4
379500 9495.1 14586.6 15458.2 39539.8
380000 9510.62 14603.6 15492.9 39607.1
380500 9542.56 14627.4 15523.3 39693.3
381000 9569.41 14671.4 15558.5 39799.2
381500 9599.1 14712.7 15589.3 39901.1
382000 9615.29 14756.2 15599.2 39970.6
382500 9620.31 14790.7 15629.4 40040.4
383000 9629.5 14826.6 15657.6 40113.7
383500 9652.45 14848.7 15675 40176.2
384000 9669.52 14889.2 15701.2 40259.9
384500 9679.54 14910.6 15701.3 40291.4
385000 9682.7 14928.1 15699 40309.7
385500 9692.28 14948.4 15702.6 40343.3
386000 9695.07 14985.9 15709.2 40390.2
386500 9702.28 15013.5 15717.2 40433
387000 9712.73 15018.3 15737.4 40468.4
387500 9729.4 15030 15753.8 40513.2
388000 9754.13 15046.6 15785.2 40585.9
388500 9772.24 15067.1 15801.7 40641
389000 9778.54 15065 15823.9 40667.5
389500 9779.58 15082.7 15846.5 40708.8
390000 9792.29 15096 15860.5 40748.8
390500 9813.6 15099.6 15876.6 40789.7
391000 9826.92 15122 15886.9 40835.8
391500 9837.51 15132.4 15885.5 40855.4
392000 9834 15141.8 15903.9 40879.7
392500 9841.1 15131.2 15933.5 40905.8
393000 9847.99 15156.6 15949 40953.6
393500 9852.35 15163.5 15976.1 40991.9
394000 9860.96 15176.9 15994.7 41032.5
394500 9864.18 15180.3 16025.5 41070
395000 9868.19 15189.4 16067 41124.6
395500 9868.18 15182.5 16088.1 41138.7
396000 9865.75 15199.3 16117.7 41182.8
396500 9863.83 15204.8 16156.9 41225.5
397000 9874.66 15213.4 16196.5 41284.6
397500 9876.68 15219.3 16245.4 41341.4
398000 9896.51 15223 16277.2 41396.7
398500 9917.57 15244.7 16318.6 41480.8
399000 9940.31 15257.7 16364 41562
399500 9954.54 15273.9 16406.9 41635.3
400000 9977.46 15287.4 16440.6 41705.4
400500 9990.06 15295.4 16487.8 41773.2
401000 10011.3 15319.3 16525 41855.6
401500 10018.9 15328.8 16533.4 41881
402000 10032.2 15327.9 16531.1 41891.2
402500 10032.3 15353.2 16548 41933.6
403000 10035.7 15379.4 16557.5 41972.6
403500 10047.9 15421.5 16568.4 42037.7
404000 10056.2 15456.9 16558.9 42072.1
404500 10072.5 15485 16546.5 42104.1
405000 10106 15518.9 16548.8 42173.7
405500 10126 15542.3 16544.4 42212.7
406000 10138.2 15565.7 16556.2 42260.1
406500 10160.2 15591.9 16576 42328.1
407000 10190.6 15618 16583.8 42392.4
407500 10217.8 15644.6 16619.3 42481.7
408000 10238.9 15651.7 16660.3 42550.9
408500 10242.5 15669.7 16694.5 42606.6
409000 10242.4 15688.8 16725.8 42657
409500 10243 15726.6 16756.3 42725.9
410000 10251.5 15745.2 16765.3 42761.9
410500 10257.4 15771.7 16780.8 42809.8
411000 10266.9 15778.1 16783.7 42828.7
411500 10282.7 15808.1 16806.8 42897.7
412000 10303.6 15826.9 16836.1 42966.7
412500 10320 15843 16859.5 43022.6
413000 10334.7 15862 16883.6 43080.3
413500 10345.1 15883.7 16917.3 43146.1
414000 10354.7 15881.7 16955.9 43192.4
414500 10364.9 15880.8 16985.4 43231.2
415000 10382.3 15885 17015.3 43282.6
415500 10385.3 15875.1 17023.2 43283.6
416000 10394.3 15885.6 17038.4 43318.4
416500 10396.3 15907.2 17063.2 43366.7
417000 10415.3 15924.9 17093.1 43433.3
417500 10422.5 15954.2 17137.3 43514
418000 10422.9 15967.5 17177.6 43568
418500 10421.4 15973.9 17218.1 43613.4
419000 10429.3 15986.8 17246 43662
419500 10436.9 16015.1 17282.1 43734.1
420000 10445.1 16046.1 17298.7 43789.9
420500 10461.9 16056.2 17303.1 43821.2
421000 10479.1 16085.4 17288.3 43852.7
421500 10485.5 16121.1 17280.9 43887.5
422000 10498.8 16151.4 17281.8 43932
422500 10504.4 16167.4 17293.5 43965.3
423000 10509.8 16180.4 17305.4 43995.6
423500 10523.6 16187.1 17324.6 44035.3
424000 10546.7 16198.9 17333.1 44078.8
424500 10566.5 16224.5 17321 44112
425000 10567.5 16225.4 17316.3 44109.2
425500 10578.5 16223.4 17314.3 44116.3
426000 10596.7 16237.7 17334.6 44168.9
426500 10606.5 16242 17347 44195.5
427000 10618 16253.1 17373.2 44244.3
427500 10617 16285.1 17400.8 44302.9
428000 10622.4 16332.3 17406.5 44361.1
428500 10643.5 16353.3 17408.1 44404.8
429000 10652.4 16367.6 17404.2 44424.2
429500 10682.2 16373.3 17410.7 44466.3
430000 10691.9 16409.6 17417.8 44519.3
430500 10708.5 16449.1 17421.8 44579.5
431000 10734.3 16471.6 17423 44628.9
431500 10745.6 16492.8 17424.8 44663.2
432000 10754.6 16517.2 17436.8 44708.6
432500 10766.6 16557.7 17463.3 44787.6
433000 10778.6 16588.8 17475.9 44843.2
433500 10798.6 16597 17486.2 44881.8
434000 10789.6 16617.5 17506.7 44913.8
434500 10800.6 16626.5 17540.2 44967.3
435000 10817.7 16649.5 17557 45024.2
435500 10829.6 16667.6 17585.8 45083
436000 10850.8 16675.8 17598.9 45125.4
436500 10865.8 16681.1 17611.1 45158
437000 10876.2 16703.6 17632.9 45212.7
437500 10889 16744.8 17657.8 45291.7
438000 10898.6 16773.7 17673.4 45345.7
438500 10895.9 16806.7 17683.9 45386.5
439000 10895.2 16831.9 17694.1 45421.2
439500 10890.1 16864 17709.4 45463.6
440000 10879.4 16897.8 17728.1 45505.3
440500 10882 16951.9 17746.7 45580.6
441000 10887.5 16992 17756.1 45635.6
441500 10882.5 17011.7 17768.5 45662.7
442000 10882.2 17035.3 17771.6 45689.2
442500 10896.9 17057.5 17777.2 45731.6
443000 10913.6 17065.6 17796 45775.2
443500 10931.2 17063.1 17810.3 45804.6
444000 10954.9 17082.3 17806 45843.1
444500 10965.3 17107.4 17811.1 45883.7
445000 10957.7 17131.6 17829 45918.3
445500 10979.4 17178.8 17869.5 46027.7
446000 11005.3 17211.7 17899.8 46116.7
446500 11034.8 17249.8 17905.7 46190.3
447000 11048.2 17273 17916.8 46238
447500 11077.4 17276.9 17928.2 46282.5
448000 11078.4 17302.1 17945.1 46325.5
448500 11075.9 17306.3 17940.4 46322.7
449000 11073.7 17297.7 17945.6 46317
449500 11071.6 17281.5 17959.9 46312.9
450000 11075.5 17262.8 17976.6 46314.9
450500 11076.4 17257.7 17987.7 46321.8
451000 11103.3 17291.6 18011.2 46406.1
451500 11127.4 17326.5 18042.4 46496.3
452000 11152.2 17351.6 18074.7 46578.5
452500 11157.5 17375.8 18105.4 46638.8
453000 11166.7 17383.8 18140.4 46690.9
453500 11172.1 17399 18166.9 46737.9
454000 11178.4 17416.5 18193 46787.9
454500 11187.7 17425.4 18209.2 46822.3
455000 11197.1 17421.5 18212.8 46831.5
455500 11212.6 17426.6 18215 46854.1
456000 11234.6 17446.5 18236.5 46917.6
456500 11253.1 17463.9 18238.2 46955.2
457000 11277 17478.3 18261.2 47016.5
457500 11306.6 17520.9 18265.1 47092.6
458000 11321.7 17550.2 18260.7 47132.6
458500 11325.1 17586 18258.1 47169.2
459000 11330.2 17619.8 18251.2 47201.2
459500 11332.8 17644.7 18259.6 47237.2
460000 11340.9 17683 18259.5 47283.3
460500 11359.8 17722.2 18284.2 47366.3
461000 11380.7 17743.1 18308.2 47432.1
461500 11408.2 17742.1 18311.2 47461.5
462000 11430.1 17722 18357.4 47509.5
462500 11443.4 17706.7 18401 47551.2
463000 11455.2 17728.9 18405.1 47589.2
463500 11455.3 17744.1 18435.7 47635.1
464000 11460.3 17777 18443.9 47681.2
464500 11474.3 17797.3 18468.6 47740.2
465000 11492 17806.1 18509.4 47807.4
465500 11512 17826 18539.4 47877.3
466000 11527 17835.1 18582.8 47944.9
466500 11539.6 17821.5 18611.7 47972.8
467000 11541.6 17829.6 18646.6 48017.8
467500 11540.9 17855.4 18689.8 48086.1
468000 11538.1 17868.6 18715.6 48122.3
468500 11572.4 17879.5 18718.6 48170.5
469000 11596.1 17888.7 18735.1 48219.9
469500 11597.4 17882.7 18758.6 48238.7
470000 11619 17881.2 18788.8 48288.9
470500 11638 17881.2 18815 48334.3
471000 11653.1 17902.3 18843.4 48398.8
471500 11655.7 17928.5 18868.6 48452.8
472000 11669.4 17960.5 18871.7 48501.6
472500 11664 17971.5 18873.3 48508.8
473000 11669.3 17971.9 18879.2 48520.4
473500 11670.1 17979 18887.7 48536.8
474000 11681.1 17987.9 18920.2 48589.2
474500 11679.6 17988.7 18934.1 48602.4
475000 11680.3 17978.7 18962.6 48621.6
475500 11684.7 17962.7 18972.6 48620.1
476000 11679.9 17956.8 18982.5 48619.2
476500 11676.7 17954.8 18998.4 48630
477000 11676.7 17976 19029.6 48682.3
477500 11682 18003.2 19044.9 48730.1
478000 11705.4 18017.1 19055.2 48777.7
478500 11715.7 18016.1 19066.9 48798.7
479000 11718.4 18032.5 19068.2 48819
479500 11718.8 18074.7 19069 48862.5
480000 11731.9 18117.5 19071.7 48921.1
480500 11758.5 18158.5 19060 48977
481000 11780.2 18190.8 19059.5 49030.4
481500 11781.9 18213.4 19067.1 49062.4
482000 11811.5 18250.1 19092.9 49154.5
482500 11813.4 18248.8 19108.5 49170.7
483000 11825.3 18255.4 19162.5 49243.2
483500 11849.7 18249.5 19227.4 49326.6
484000 11857.2 18256 19270 49383.2
484500 11878.3 18273 19314.7 49466
485000 11896.2 18290.4 19347 49533.5
485500 11911.2 18324.3 19370 49605.4
486000 11942.5 18376.4 19376.8 49695.7
486500 11980.8 18397.9 19386.2 49765
487000 11996.4 18408.3 19391.1 49795.7
487500 12008.1 18434.8 19409.6 49852.5
488000 12016.7 18472.2 19430.5 49919.4
488500 12021.7 18484.9 19452 49958.6
489000 12021.3 18508.1 19461.5 49990.9
489500 12024.5 18546.3 19492.2 50063
490000 12027.8 18576.6 19520.3 50124.7
490500 12033.2 18603.7 19545.9 50182.8
491000 12046.6 18655.1 19558.4 50260.2
491500 12064.6 18676.9 19557.7 50299.2
492000 12069.7 18721.4 19562.2 50353.3
492500 12090.6 18762.4 19553.8 50406.8
493000 12102.4 18800.9 19540.6 50443.9
493500 12116.3 18835.8 19545.7 50497.7
494000 12133.3 18863 19554.3 50550.5
494500 12160.7 18875.7 19555.7 50592.2
495000 12174.6 18905.2 19569.8 50649.6
495500 12183.4 18935.3 19600.3 50719.1
496000 12188.2 18969.8 19628.7 50786.8
496500 12181.4 19022.1 19653.7 50857.2
497000 12189.3 19054.6 19677.2 50921.1
497500 12197 19082.4 19728.5 51007.9
498000 12202 19111.3 19769.4 51082.7
498500 12203.6 19124.6 19806.8 51135
499000 12196.3 19141.2 19845.2 51182.7
499500 12188.1 19154.5 19877.3 51219.9
500000 12192 19177.2 19915.8 51284.9
500500 12183.6 19237.3 19921 51342
501000 12196.1 19278.8 19923.7 51398.7
501500 12199.6 19317.1 19925.9 51442.6
502000 12219.4 19336.2 19924 51479.7
502500 12227.9 19358.9 19927.9 51514.8
503000 12239 19389.7 19929.6 51558.4
503500 12268.2 19423 19947.3 51638.5
504000 12292.1 19488.3 19970.4 51750.8
504500 12294 19535.8 19987.3 51817.1
505000 12287.3 19575.6 19998.2 51861.1
505500 12297.9 19597.3 20017.2 51912.4
506000 12299.7 19595.4 20018.7 51913.8
506500 12308.8 19607.2 20037.9 51954
507000 12313.9 19640.1 20062.5 52016.5
507500 12336.5 19666.6 20092.5 52095.6
508000 12344.3 19695.5 20133.3 52173.1
508500 12350.4 19746.4 20187.1 52283.9
509000 12362.9 19788.3 20222.7 52374
509500 12370.9 19815 20237.9 52423.8
510000 12391.6 19834.2 20278 52503.8
510500 12407.2 19847 20340.6 52594.7
511000 12423.7 19876.6 20374.9 52675.2
511500 12450.6 19900.1 20373.6 52724.2
512000 12460 19915.8 20390 52765.8
512500 12457.5 19945.2 20390.5 52793.3
513000 12467.8 19959.3 20382.5 52809.6
513500 12498.1 19968 20371.8 52837.9
514000 12517 19976.1 20369.9 52863
514500 12532.1 19965.2 20364.1 52861.4
515000 12552.3 19977.1 20363.1 52892.5
515500 12569.1 20001.7 20366.1 52937
516000 12588 20009.3 20381.3 52978.6
516500 12608 20032.7 20395.9 53036.6
517000 12620.7 20049.8 20381.1 53051.5
517500 12626.1 20073.8 20387.6 53087.5
518000 12647.7 20103 20385.9 53136.6
518500 12667.8 20107.1 20407.1 53182
519000 12685 20119.8 20436.8 53241.5
519500 12688.3 20125.1 20455.7 53269.1
520000 12693.5 20151.7 20483.4 53328.5
520500 12709 20176.9 20487.5 53373.4
521000 12719.8 20219.3 20492.8 53431.9
521500 12739.9 20258.1 20497.6 53495.6
522000 12751.6 20286.9 20513.8 53552.4
522500 12779 20306.5 20565.4 53650.9
523000 12808 20345.6 20590.4 53743.9
523500 12833.5 20390.5 20621.7 53845.7
524000 12848.3 20406.5 20647.9 53902.7
524500 12863.6 20421.1 20675 53959.7
525000 12885.7 20442 20697.6 54025.2
525500 12912.7 20448.4 20735.5 54096.7
526000 12931.1 20453.9 20756.4 54141.4
526500 12952.5 20453.9 20770.1 54176.5
527000 12969.7 20462 20792.7 54224.4
527500 12988.9 20470.9 20800 54259.8
528000 12996 20466.5 20816.3 54278.7
528500 13015.9 20449.4 20827.9 54293.2
529000 13036.5 20455.6 20850.8 54342.9
529500 13036.3 20452 20891.9 54380.2
530000 13040.9 20445.2 20919.2 54405.3
530500 13055.2 20448.9 20926.5 54430.6
531000 13050.4 20462.4 20931.1 54443.9
531500 13057.3 20471.6 20952.6 54481.4
532000 13066.7 20471.5 20961.7 54499.9
532500 13069.9 20477.2 20986.8 54533.9
533000 13060.3 20481.4 20987.4 54529.2
533500 13052.5 20490.6 20991.6 54534.7
534000 13051.1 20500.8 21014 54565.9
534500 13066.8 20510.7 21047.5 54625
535000 13078.5 20537.7 21051 54667.3
535500 13089.3 20549.7 21053.8 54692.8
536000 13110.7 20558.8 21049.8 54719.2
536500 13138.3 20574 21058 54770.3
537000 13169.2 20581.5 21071.7 54822.5
537500 13177.9 20582.1 21101.5 54861.5
538000 13200 20603.4 21122.9 54926.3
538500 13202.5 20630.2 21148.3 54981
539000 13220.2 20659.8 21170.6 55050.6
539500 13245.4 20678.3 21181.2 55104.8
540000 13271.3 20704.2 21190.1 55165.5
540500 13299.2 20710 21197.7 55207
541000 13313.8 20720.2 21217.2 55251.2
541500 13324.4 20752.6 21241.8 55318.8
542000 13326.4 20781.7 21255.7 55363.7
542500 13342.2 20806 21282.7 55430.9
543000 13365.3 20837.9 21342.4 55545.7
543500 13409.5 20857.5 21387.9 55654.9
544000 13458.4 20867.5 21424.5 55750.4
544500 13482.9 20879.9 21470.1 55833
545000 13513.7 20892 21534.9 55940.6
545500 13551.1 20917.7 21584.6 56053.4
546000 13595.9 20919.2 21617.3 56132.4
546500 13634 20947.4 21634.1 56215.5
547000 13649.8 20960.4 21660.5 56270.7
547500 13691.1 20977.1 21694.3 56362.5
548000 13720 21002.8 21691.8 56414.6
548500 13731.9 21050.3 21720 56502.2
549000 13728.9 21075.4 21757.6 56561.9
549500 13732.8 21114.1 21793.6 56640.5
550000 13759.2 21143.2 21825.6 56728
550500 13776.8 21148.9 21866.9 56792.5
551000 13819.4 21151.5 21898.4 56869.2
551500 13864.1 21169 21927.4 56960.6
552000 13877.4 21195.6 21953 57026.1
552500 13891.1 21216 21976 57083.1
553000 13905.2 21232.7 21975.3 57113.2
553500 13926.7 21263.7 21964 57154.4
554000 13944.5 21295.1 21971.9 57211.5
554500 13958.2 21325.2 21979.6 57263
555000 13968.3 21349 21994.5 57311.8
555500 14003.8 21380 22019.2 57403
556000 14007.3 21384.9 22058.6 57450.9
556500 14027.3 21400.3 22108.8 57536.4
557000 14052.2 21409 22122 57583.2
557500 14070.2 21431.2 22135.6 57637.1
558000 14074.6 21427.7 22146.2 57648.5
558500 14094.6 21445.1 22162.3 57702
559000 14103.5 21467.6 22176.4 57747.6
559500 14095 21500.8 22206.7 57802.6
560000 14086.9 21545.8 22232.3 57865.1
560500 14075.8 21598 22239.2 57913
561000 14064.1 21655.6 22243.8 57963.4
561500 14057.7 21694.4 22242.7 57994.9
562000 14048.6 21738.2 22269.6 58056.4
562500 14044.2 21773.3 22272.9 58090.4
563000 14041.1 21819.5 22288.6 58149.2
563500 14032.5 21852.1 22327.2 58211.7
564000 14034.2 21871.8 22374 58280
564500 14025.9 21920.8 22419.1 58365.7
565000 14035.8 21982.6 22447.7 58466.1
565500 14057.8 22012.5 22480.1 58550.4
566000 14059.3 22031.8 22518.1 58609.3
566500 14081.9 22057.1 22540.7 58679.7
567000 14105.3 22061.3 22533.5 58700.1
567500 14125.8 22044.5 22522.8 58693
568000 14132.4 22034.4 22515 58681.8
568500 14154.1 22057.8 22523.5 58735.4
569000 14186.4 22072 22547.1 58805.5
569500 14216.2 22086.5 22578.9 58881.6
570000 14247.2 22109.9 22613.6 58970.7
570500 14267.3 22145.8 22654 59067.2
571000 14286.7 22188.3 22687.5 59162.5
571500 14309.6 22226.8 22688.4 59224.8
572000 14320.1 22241.6 22697.6 59259.4
572500 14327.7 22231.9 22721.2 59280.9
573000 14335.9 22236.3 22740.2 59312.4
573500 14352.3 22245 22757.8 59355
574000 14383.7 22255.3 22780.3 59419.3
574500 14418.4 22258 22803.8 59480.2
575000 14442.8 22265.3 22830.5 59538.6
575500 14452.4 22259.1 22845.7 59557.2
576000 14479.6 22273.1 22870.6 59623.3
576500 14521.4 22286.2 22885.2 59692.7
577000 14537.1 22304 22933.2 59774.3
577500 14550.2 22322.4 22997.7 59870.3
578000 14560.8 22363.7 23072.2 59996.7
578500 14561.1 22394 23126.3 60081.4
579000 14545.8 22411.4 23172.1 60129.3
579500 14550.8 22421.8 23202.5 60175.1
580000 14565.2 22420.1 23237.6 60222.9
580500 14591.9 22431.1 23229.9 60252.9
581000 14613.4 22419.8 23248.2 60281.4
581500 14632.4 22428.3 23251.4 60312.1
582000 14666.8 22449.3 23285.3 60401.4
582500 14700 22487.3 23340 60527.3
583000 14708.5 22542.2 23395.2 60645.8
583500 14721.9 22612.6 23428 60762.5
584000 14758.5 22651.5 23455.5 60865.4
584500 14803.4 22655.2 23514 60972.6
585000 14827.6 22635 23560.4 61022.9
585500 14846.7 22646.5 23577.6 61070.7
586000 14867.4 22652.6 23595.7 61115.7
586500 14874.6 22684.1 23604.3 61163.1
587000 14889 22701.3 23629.9 61220.3
587500 14919.7 22710.7 23646.9 61277.3
588000 14941.2 22719.4 23666.5 61327.1
588500 14949.6 22711.5 23693.1 61354.2
589000 14959.9 22732.3 23728 61420.3
589500 14983 22763.2 23764.6 61510.8
590000 14996.3 22778.8 23784.6 61559.7
590500 15016.4 22776.8 23803.2 61596.4
591000 15045.7 22769.9 23830.3 61645.9
591500 15072.6 22767 23843.1 61682.7
592000 15073.4 22770.8 23843.7 61687.9
592500 15056.9 22782.6 23851.9 61691.4
593000 15062.4 22772.9 23864.3 61699.6
593500 15069.6 22790.4 23884.5 61744.4
594000 15063.4 22803.4 23915.5 61782.3
594500 15057.1 22822.6 23922.3 61802
595000 15033.1 22838.9 23943 61815
595500 15021.7 22857.2 23984.8 61863.8
596000 15009.5 22877.3 24012.7 61899.5
596500 14987.2 22911.2 24038.6 61937
597000 14979.5 22940.5 24056.3 61976.3
597500 14976 22953.4 24078.4 62007.7
598000 14985.1 22955.2 24086.5 62026.8
598500 14977.9 22965.6 24100.9 62044.3
599000 14987.9 22990.1 24122.7 62100.6
599500 14987.9 23011.5 24135.3 62134.7
600000 14999.6 23049.5 24144.2 62193.2
600500 15024.6 23108.7 24155.2 62288.5
601000 15051.9 23173 24189.1 62414
601500 15065 23190.1 24216.9 62472
602000 15075.8 23201.3 24238.9 62516
602500 15081.8 23210.8 24271.4 62564
603000 15092.8 23223.4 24288.7 62604.9
603500 15103.3 23217.7 24328.8 62649.8
604000 15111 23198.6 24363.9 62673.4
604500 15120.4 23180.5 24383.2 62684.1
605000 15141.2 23215.6 24409.3 62766.2
605500 15164.2 23244.4 24426.7 62835.4
606000 15187.8 23282.6 24452 62922.5
606500 15222.1 23323.8 24471.3 63017.2
607000 15252 23340.1 24514 63106.1
607500 15288.2 23369.9 24530.9 63189
608000 15322.5 23398.6 24543 63264.1
608500 15367.6 23419.7 24539.5 63326.7
609000 15386.1 23441.2 24565.3 63392.6
609500 15414.8 23463.9 24603.1 63481.7
610000 15438 23472.7 24637.6 63548.2
610500 15470.9 23483.4 24651.3 63605.6
611000 15485.6 23509 24652 63646.6
611500 15501.5 23514.4 24652 63667.9
612000 15516.1 23529.5 24670 63715.7
612500 15522.9 23539.5 24689.8 63752.2
613000 15525.1 23541.1 24716 63782.2
613500 15531.1 23543.3 24733.8 63808.3
614000 15532.3 23548.9 24734.7 63815.9
614500 15535.9 23583.5 24747.2 63866.6
615000 15531.8 23612.8 24780.1 63924.8
615500 15547.4 23668.4 24815.7 64031.5
616000 15566.4 23714.4 24850.2 64131.1
616500 15593.4 23756.9 24881.6 64231.9
617000 15617 23801.7 24881.2 64299.9
617500 15626.6 23850.7 24876.9 64354.2
618000 15647.6 23872 24886.3 64405.9
618500 15674.7 23881.2 24918.5 64474.4
619000 15704.9 23882.3 24943.3 64530.5
619500 15745.5 23916.7 24978 64640.2
620000 15777 23945.6 24992.9 64715.6
620500 15802 23953.1 25020.3 64775.4
621000 15817.5 23960 25039.4 64816.9
621500 15819.6 23972.3 25084.7 64876.5
622000 15821.7 24000.1 25126.8 64948.5
622500 15829.3 24020.1 25170.4 65019.8
623000 15838.9 24013.7 25209.5 65062.1
623500 15849.5 24029.3 25252.7 65131.5
624000 15865.4 24026.9 25313.4 65205.7
624500 15873.4 24047.9 25356.8 65278.1
625000 15879.1 24061.3 25410.8 65351.2
625500 15883.3 24062 25436.8 65382
626000 15902.9 24097.5 25466.1 65466.5
626500 15909.1 24103.1 25495.2 65507.4
627000 15900.5 24111.8 25517.2 65529.5
627500 15907.9 24125 25528.2 65561.1
628000 15925 24131.3 25531 65587.3
628500 15939.5 24138.6 25531.6 65609.7
629000 15943.3 24165.2 25529.7 65638.2
629500 15946.6 24185.3 25531.6 65663.5
630000 15951.6 24197.3 25566.6 65715.5
630500 15935 24216.4 25600.8 65752.2
631000 15939.8 24234.6 25622.4 65796.7
631500 15942.2 24245.9 25643.2 65831.3
632000 15945 24262.7 25659.8 65867.6
632500 15981.9 24262.6 25667.9 65912.5
633000 16004.9 24293.3 25680.8 65979
633500 16012.1 24333.6 25715.2 66060.9
634000 16024 24375.9 25734.9 66134.8
634500 16048.4 24413.9 25762.5 66224.7
635000 16060.9 24437.9 25796.4 66295.2
635500 16070.1 24461.9 25799.6 66331.7
636000 16071.5 24489.4 25816.2 66377.1
636500 16096.8 24507.3 25838.6 66442.7
637000 16125.3 24530.9 25842.2 66498.4
637500 16138.4 24554.2 25861.7 66554.3
638000 16155.3 24575.3 25899.6 66630.2
638500 16166.7 24590.2 25934.4 66691.2
639000 16157.8 24611.7 25981.8 66751.2
639500 16161.8 24630.6 26002.4 66794.9
640000 16167.6 24663.8 26016.1 66847.4
640500 16159.4 24686.7 26034 66880
641000 16145.2 24687.4 26059.9 66892.5
641500 16164.8 24691.3 26110.1 66966.2
642000 16190.2 24697.2 26139.1 67026.4
642500 16209.1 24691.7 26190 67090.7
643000 16231.3 24708.1 26201.5 67140.9
643500 16241.4 24738.1 26211.7 67191.3
644000 16228.1 24748.5 26244 67220.7
644500 16240.7 24755.6 26304.6 67300.9
645000 16247.5 24770.6 26362 67380.1
645500 16258.9 24779.9 26415.8 67454.6
646000 16249 24777 26472.2 67498.2
646500 16268.2 24779.6 26503.1 67550.9
647000 16308.4 24767.7 26528.4 67604.5
647500 16323.4 24787.4 26535.6 67646.5
648000 16329.6 24803.7 26530 67663.3
648500 16344.5 24833.1 26535.3 67712.8
649000 16350.4 24864.6 26555.5 67770.5
649500 16348.2 24908.2 26579.9 67836.3
650000 16351.8 24931 26575.5 67858.3
650500 16360.9 24928.7 26587.4 67876.9
651000 16355.4 24922.9 26596.2 67874.6
651500 16360 24930.6 26624.1 67914.7
652000 16351.2 24922.4 26614.9 67888.5
652500 16358.3 24937.8 26618.7 67914.9
653000 16380.5 24956.5 26651.2 67988.2
653500 16403.7 24986.4 26666.4 68056.5
654000 16401.7 25009.4 26700.4 68111.5
654500 16370.5 25042.1 26751 68163.7
655000 16369.6 25072 26770.1 68211.8
655500 16355.4 25088.6 26795.1 68239
656000 16344.2 25120.2 26810.2 68274.7
656500 16332.5 25143.3 26823.5 68299.3
657000 16341.2 25162.9 26846.4 68350.4
657500 16350.4 25155.2 26862.8 68368.4
658000 16356.4 25158 26891.8 68406.2
658500 16354.7 25166.2 26943.5 68464.3
659000 16353.5 25168.9 26994.1 68516.5
659500 16354.8 25177.5 27007.4 68539.7
660000 16364.4 25174.4 27076.8 68615.6
660500 16379.6 25192.9 27108.6 68681.1
661000 16425.1 25206.7 27131.1 68762.9
661500 16442.7 25228.1 27168.4 68839.2
662000 16460.9 25235.9 27217.3 68914.1
662500 16475.5 25252.2 27281.6 69009.4
663000 16480 25264.3 27324.6 69068.9
663500 16499.7 25292.3 27347.8 69139.8
664000 16508.9 25317.4 27368.9 69195.1
664500 16527.9 25368 27386.2 69282.2
665000 16549.6 25413.6 27414.1 69377.2
665500 16547.4 25428.3 27420.9 69396.5
666000 16541.5 25449.3 27433.8 69424.6
666500 16535 25451.5 27445.9 69432.4
667000 16525.5 25448.7 27474.9 69449.1
667500 16528.7 25451 27516.7 69496.4
668000 16549.7 25467.4 27553.5 69570.6
668500 16571.1 25487 27608.5 69666.6
669000 16578.8 25504.8 27641.8 69725.5
669500 16598.1 25531.6 27667.2 69797
670000 16611.3 25561.2 27680.3 69852.9
670500 16642.2 25574.3 27689.1 69905.6
671000 16662.6 25608.4 27720.2 69991.2
671500 16662.2 25648 27749.8 70060
672000 16683.8 25693.1 27782.3 70159.2
672500 16701.6 25749.2 27808.9 70259.8
673000 16702.1 25792.6 27792.8 70287.6
673500 16715 25832.8 27793.3 70341.1
674000 16724.5 25850.3 27830.9 70405.8
674500 16729.1 25863.5 27860.5 70453.1
675000 16735.3 25894.1 27886.7 70516.1
675500 16757.3 25911.4 27908.4 70577.2
676000 16770.1 25921 27937.4 70628.5
676500 16781 25923 27982.2 70686.3
677000 16788.6 25951.3 28017.4 70757.3
677500 16777.7 25968 28038.9 70784.5
678000 16783.9 25984.4 28064.6 70832.9
678500 16778.9 25999.5 28120.2 70898.7
679000 16766.5 26029.2 28143.4 70939
679500 16772.4 26055.5 28162.2 70990.1
680000 16771.7 26076 28177.6 71025.3
680500 16779.1 26102.8 28167.8 71049.7
681000 16782.9 26136.7 28180 71099.6
681500 16797.5 26170 28165.6 71133.1
682000 16803.6 26195.7 28149.5 71148.9
682500 16805.9 26229.5 28152.6 71187.9
683000 16803.4 26250.4 28145.4 71199.2
683500 16804.8 26270.6 28157.5 71232.8
684000 16792.4 26278.4 28155.7 71226.5
684500 16804.8 26316.5 28174.4 71295.7
685000 16802.7 26328.5 28225.6 71356.8
685500 16812.2 26352 28245.2 71409.4
686000 16820.9 26351.4 28240.6 71412.9
686500 16850 26372.4 28212.3 71434.8
687000 16883.9 26385.6 28203.9 71473.4
687500 16902.1 26384.1 28198.1 71484.3
688000 16928.5 26405.1 28210.8 71544.4
688500 16949.4 26417.4 28221.7 71588.5
689000 16952.7 26462.7 28224.3 71639.7
689500 16964.3 26507.5 28251.2 71723
690000 16975.3 26525.2 28304.4 71804.9
690500 16977.4 26549.6 28317.8 71844.8
691000 16986.6 26558.7 28330.9 71876.2
691500 16991.9 26578.4 28354.6 71924.8
692000 17010.2 26591.7 28409.3 72011.2
692500 17013.6 26618.9 28455.2 72087.8
693000 17012.8 26646 28467.4 72126.1
693500 17021.4 26650.8 28479.9 72152.1
694000 17024.2 26681.5 28481.5 72187.1
694500 17025 26678.1 28510 72213.1
695000 17021.4 26671 28517.2 72209.6
695500 17032.3 26674.9 28514.6 72221.7
696000 17031.4 26696.2 28527.8 72255.4
696500 17045.3 26696.9 28568.2 72310.4
697000 17040.4 26719.3 28577.7 72337.4
697500 17022.6 26749.3 28604.2 72376.1
698000 17037.1 26774.7 28615.9 72427.6
698500 17051.7 26804.3 28624.1 72480
699000 17061.9 26811.9 28639 72512.9
699500 17060 26829.7 28644.6 72534.3
700000 17071.5 26883 28662.2 72616.8
700500 17076.5 26941.2 28665.3 72683.1
701000 17080.4 26978.3 28692.6 72751.3
701500 17090.9 27000.6 28708.5 72800
702000 17107.7 26983.1 28719.6 72810.3
702500 17121.1 26970.4 28720.1 72811.7
703000 17131.9 26976.7 28735.3 72843.9
703500 17131.6 26983.8 28746.6 72862
704000 17144 26991.5 28762.9 72898.4
704500 17141 27017 28764.2 72922.3
705000 17120.6 27042.5 28793 72956
705500 17114.9 27084.8 28848.1 73047.8
706000 17139.2 27147.1 28896.8 73183.1
706500 17183.9 27190.4 28950.5 73324.8
707000 17205.3 27228.6 28995.7 73429.6
707500 17203.7 27269.3 29023.6 73496.6
708000 17200.4 27300.9 29020 73521.3
708500 17194.8 27329.8 29062.7 73587.3
709000 17227.4 27346.2 29121 73694.6
709500 17257.5 27375.9 29166.2 73799.6
710000 17290 27387.3 29218.8 73896.1
710500 17326.9 27429.3 29273.1 74029.3
711000 17363.3 27478.9 29326.2 74168.4
711500 17393.7 27527.7 29380.2 74301.7
712000 17389 27540.8 29444.3 74374.1
712500 17412.8 27583.3 29496.8 74492.9
713000 17450.3 27614.6 29536.1 74601
713500 17469.4 27655.6 29550.8 74675.8
714000 17481.4 27706.7 29565.2 74753.2
714500 17492.6 27747.7 29562.8 74803.2
715000 17489.1 27761.2 29592.5 74842.8
715500 17521.8 27781 29615.6 74918.3
716000 17540.7 27797.6 29642.4 74980.6
716500 17544.9 27817.1 29662.8 75024.7
717000 17544.6 27833.5 29679.9 75058
717500 17565.5 27870.5 29697.4 75133.3
718000 17600.2 27875.6 29711.5 75187.3
718500 17621.2 27888.5 29739.2 75248.9
719000 17646.6 27918 29772.6 75337.2
719500 17656 27956.2 29778.8 75391.1
720000 17679.3 28025.4 29811.1 75515.8
720500 17703.4 28060.6 29852.2 75616.1
721000 17715.6 28107.1 29894.1 75716.8
721500 17725.9 28128.9 29929.1 75783.9
722000 17730.4 28142.2 29976.1 75848.7
722500 17726.3 28177 30010.5 75913.7
723000 17735.1 28221.6 30038 75994.7
723500 17741.3 28238.1 30069.6 76049.1
724000 17761.2 28265.9 30101.2 76128.3
724500 17783.5 28289.8 30089.7 76163
725000 17808.4 28320.5 30092.2 76221.1
725500 17827.1 28352.6 30113.9 76293.6
726000 17867.3 28395 30123.5 76385.8
726500 17891.9 28435.2 30145.6 76472.6
727000 17907.7 28477.9 30132.4 76518
727500 17913.1 28531.4 30142.8 76587.3
728000 17913 28552.2 30158.7 76623.9
728500 17923 28578.6 30153.9 76655.4
729000 17952.7 28597.6 30156.9 76707.2
729500 17984.9 28623.6 30163.3 76771.8
730000 17993.1 28649 30146.8 76788.9
730500 18009.5 28668.3 30142.6 76820.4
731000 18023.7 28693.6 30151.9 76869.2
731500 18051.4 28703.1 30169.8 76924.2
732000 18056.1 28696.4 30201.6 76954.1
732500 18059.2 28686.6 30222.1 76967.9
733000 18052.3 28704.2 30241.1 76997.7
733500 18059.8 28740.1 30251.4 77051.3
734000 18072.1 28775.4 30251.7 77099.2
734500 18084.7 28820.2 30261.1 77166
735000 18095.1 28860.5 30262.7 77218.3
735500 18114.7 28909.2 30253 77276.9
736000 18146.4 28951.6 30244.3 77342.3
736500 18166.5 28972.4 30244.2 77383.2
737000 18195.4 29007.5 30255.9 77458.7
737500 18223.5 29026.4 30275.9 77525.9
738000 18244.2 29042.6 30313.2 77600
738500 18255.7 29049.5 30347.3 77652.5
739000 18266.3 29046.3 30387.2 77699.8
739500 18268.2 29051.2 30415.1 77734.6
740000 18254.3 29065.1 30442.3 77761.7
740500 18245 29090.4 30446.4 77781.8
741000 18255.2 29111.5 30451.9 77818.6
741500 18285.4 29110 30461.2 77856.6
742000 18320.3 29124 30505.4 77949.8
742500 18345.6 29147.1 30532.8 78025.6
743000 18356.8 29166 30546 78068.9
743500 18372.6 29207.7 30580.2 78160.5
744000 18378.4 29259.2 30599.5 78237
744500 18374.2 29301.6 30620.1 78295.8
745000 18348.4 29335.2 30651 78334.6
745500 18354.1 29360.9 30717.6 78432.6
746000 18350.2 29385.1 30750.4 78485.8
746500 18352.8 29389.7 30796.9 78539.3
747000 18370.3 29416.5 30851.8 78638.6
747500 18379.9 29440.6 30913.9 78734.4
748000 18389.8 29432.8 30969.2 78791.7
748500 18410.9 29423.2 31003.5 78837.5
749000 18430.6 29420.5 31035.8 78886.8
749500 18435.4 29409.3 31049.3 78894
750000 18445.5 29417.1 31082.5 78945.1
750500 18446.6 29390.5 31097.4 78934.4
751000 18432.9 29396.9 31126.3 78956.2
751500 18421.7 29421.9 31143 78986.6
752000 18428.2 29401.1 31162.7 78992
752500 18459.2 29403.9 31180.1 79043.1
753000 18507.7 29414.9 31212.8 79135.4
753500 18569 29441 31271.6 79281.5
754000 18626 29467.6 31300.7 79394.2
754500 18645.5 29472.5 31331.8 79449.8
755000 18673.5 29502.7 31326.3 79502.5
755500 18707.8 29535.2 31340.7 79583.7
756000 18729.4 29581.9 31363.6 79674.9
756500 18765.9 29608.2 31386.4 79760.5
757000 18796.7 29631.7 31399.8 79828.3
757500 18808.3 29661.2 31423.4 79892.9
758000 18824.8 29691.3 31453.9 79970
758500 18844.9 29730.3 31481 80056.2
759000 18859.9 29776.9 31511 80147.8
759500 18861.3 29807.4 31542.7 80211.3
760000 18860.1 29845 31573.2 80278.3
760500 18863.1 29869.5 31581 80313.6
761000 18876.8 29898 31601.1 80375.9
761500 18864.6 29921.7 31615.6 80401.9
762000 18866.9 29928.7 31658.9 80454.5
762500 18879 29945.1 31719.5 80543.6
763000 18872.2 29974.8 31733.9 80580.8
763500 18883.9 30018.2 31746.9 80648.9
764000 18889.1 30060 31777.1 80726.3
764500 18902.9 30071.6 31811.4 80785.9
765000 18908.4 30113.7 31830.4 80852.5
765500 18915.6 30118.8 31853.5 80887.9
766000 18921.2 30160.3 31873.6 80955.1
766500 18942.9 30199.8 31891.2 81033.8
767000 18976.5 30241 31919.6 81137.1
767500 18985.1 30276 31914.8 81175.9
768000 18996.5 30315.8 31937.2 81249.5
768500 19008.7 30328.7 31967.1 81304.6
769000 19008.5 30328.3 31998.3 81335.2
769500 19021.1 30338.7 32065.6 81425.3
770000 19034.4 30373.6 32136.2 81544.2
770500 19054.1 30392.7 32174.1 81620.9
771000 19070.6 30407.7 32194 81672.3
771500 19070 30444 32230.2 81744.2
772000 19061.2 30481.2 32273.7 81816
772500 19060.1 30471.7 32290.5 81822.3
773000 19046.7 30456.1 32351.6 81854.3
773500 19034 30450.6 32401.2 81885.8
774000 19009.1 30424.7 32442.9 81876.7
774500 19004.7 30405.6 32454.4 81864.7
775000 19003.1 30416.4 32452.3 81871.8
775500 19000.6 30380 32459.9 81840.6
776000 18986.3 30370.8 32473.9 81831
776500 18993.3 30377 32490.9 81861.2
777000 18979.1 30397.8 32525.6 81902.5
777500 18981.8 30435.7 32578.5 81996.1
778000 18965.4 30476.9 32616.7 82059
778500 18936 30513.8 32658.9 82108.7
779000 18915.9 30535.5 32686.1 82137.5
779500 18889 30557 32727.3 82173.2
780000 18889.3 30550.2 32763.6 82203.1
780500 18890.5 30556.9 32808.8 82256.2
781000 18914.2 30572.9 32829 82316.2
781500 18908.9 30594.5 32843.9 82347.3
782000 18926.9 30615 32868.6 82410.5
782500 18943 30597.4 32863.2 82403.6
783000 18963.3 30598.1 32863.8 82425.2
783500 18985.7 30612 32897.9 82495.6
784000 19010.6 30620.6 32956 82587.2
784500 19030.9 30652.6 33003.5 82687
785000 19052.8 30665.8 33022.6 82741.1
785500 19062.8 30679.3 33059.3 82801.4
786000 19081.7 30705.9 33067.7 82855.4
786500 19105.2 30735.3 33050.7 82891.2
787000 19111.6 30766.1 33086.6 82964.4
787500 19142.2 30796.4 33110 83048.7
788000 19148.1 30816.6 33153.2 83117.9
788500 19172.8 30827.3 33171.1 83171.2
789000 19186.4 30840.3 33218 83244.6
789500 19214.9 30870 33255.4 83340.3
790000 19233.9 30897.4 33275.6 83407
790500 19256.3 30917.8 33302.6 83476.7
791000 19249.1 30944.8 33333.9 83527.7
791500 19233.2 30973.9 33355.4 83562.5
792000 19200 31015.9 33403 83618.8
792500 19194.7 31059.7 33418.4 83672.8
793000 19212.9 31103.7 33447 83763.6
793500 19230.8 31121.2 33484.4 83836.5
794000 19256.7 31141.3 33510.9 83908.8
794500 19278.3 31152.3 33526 83956.6
795000 19287.1 31185.2 33546.2 84018.5
795500 19313.4 31204.5 33560 84077.9
796000 19326.3 31222.4 33604.9 84153.5
796500 19330.6 31227.6 33636.6 84194.8
797000 19337.8 31229.5 33664.1 84231.3
797500 19363.7 31236 33704.5 84304.2
798000 19395.6 31273.5 33721.4 84390.4
798500 19401.6 31304.4 33758.7 84464.7
799000 19418.6 31353.2 33782.4 84554.2
799500 19436.3 31406.4 33801.7 84644.4
800000 19453.3 31426.3 33826.2 84705.7
800500 19452.3 31461.4 33866.9 84780.6
801000 19453.3 31485.2 33881.9 84820.4
801500 19466.5 31540.6 33918.9 84926
802000 19497.6 31569 33945.9 85012.5
802500 19521.7 31616.3 33950.5 85088.5
803000 19534.1 31668.8 33956.1 85159
803500 19554.6 31717.7 33995.1 85267.4
804000 19564.3 31731.6 34002.8 85298.7
804500 19566.2 31772.8 34021.4 85360.4
805000 19529.1 31815.3 34044 85388.4
805500 19528.3 31834 34056.7 85419
806000 19558.2 31857.6 34053.2 85469
806500 19583.8 31875.4 34061.6 85520.8
807000 19586.6 31889.3 34071.8 85547.7
807500 19592.4 31902.9 34081.2 85576.5
808000 19617.7 31883.9 34103.9 85605.5
808500 19632.4 31891.4 34128.1 85651.8
809000 19643.3 31894.7 34124.4 85662.4
809500 19647.5 31956.9 34113.5 85717.8
810000 19646.8 31999.7 34109.1 85755.6
810500 19643.4 32076.5 34125.6 85845.6
811000 19654.6 32157.8 34143.9 85956.3
811500 19656.5 32208.3 34172.8 86037.6
812000 19682.4 32251.9 34187.6 86121.9
812500 19693.1 32282.8 34202.7 86178.6
813000 19695.9 32295.4 34238.5 86229.8
813500 19683.9 32302.9 34245.5 86232.3
814000 19666.7 32297.1 34303.8 86267.7
814500 19666 32292.8 34330.4 86289.2
815000 19692.7 32286.1 34307.5 86286.3
815500 19703.7 32268.4 34307.2 86279.3
816000 19713.7 32253.7 34293.2 86260.5
816500 19734.5 32250.7 34288.1 86273.3
817000 19747.5 32253.8 34303.6 86304.9
817500 19776.2 32261.6 34309.9 86347.7
818000 19800.5 32261.7 34334.7 86397
818500 19807.7 32251.6 34333.9 86393.2
819000 19813.5 32243 34349.9 86406.4
819500 19824.3 32230.7 34350.8 86405.8
820000 19830.2 32191.2 34342.6 86364
820500 19837.9 32156.6 34343 86337.5
821000 19845.4 32138.7 34370.5 86354.6
821500 19852.1 32111.1 34376.6 86339.7
822000 19860.5 32122.5 34410.5 86393.5
822500 19871.8 32177.1 34458 86506.8
823000 19900.4 32209.9 34488 86598.3
823500 19934.7 32215.6 34509.6 86660
824000 19940.8 32233.4 34586.8 86761.1
824500 19948.4 32223.8 34667.6 86839.8
825000 19971.9 32227.3 34719.3 86918.5
825500 19991.8 32239.6 34770.2 87001.6
826000 20001.6 32281.8 34809.1 87092.4
826500 19985.1 32297.3 34836.6 87119
827000 20005.9 32313.1 34850.5 87169.6
827500 20034.8 32347.6 34895.6 87278.1
828000 20055.5 32371.3 34948.8 87375.6
828500 20057.8 32401.6 34995.6 87455
829000 20044.2 32438.6 35039.1 87521.9
829500 20046.6 32474 35071.2 87591.8
830000 20044.6 32523.8 35062.5 87630.8
830500 20065.5 32551.3 35087.2 87704
831000 20080.5 32584.6 35108.1 87773.2
831500 20091.6 32593.4 35129.1 87814.1
832000 20101.5 32625.9 35184.2 87911.6
832500 20113.9 32665.9 35250.4 88030.2
833000 20124.6 32712.5 35315.3 88152.4
833500 20119.4 32728.3 35342.7 88190.4
834000 20109.1 32730.2 35361 88200.3
834500 20107.7 32740 35395.1 88242.8
835000 20111 32759.3 35403.9 88274.2
835500 20120.6 32787 35409.3 88316.9
836000 20145.5 32812.5 35376.9 88334.9
836500 20164.9 32838 35381.1 88384
837000 20190.5 32881 35369.4 88440.9
837500 20183.9 32926.8 35385 88495.6
838000 20188.2 32935.3 35372.1 88495.6
838500 20178.2 32953.1 35350.5 88481.8
839000 20186.1 32960.9 35345.5 88492.6
839500 20175.9 32981 35349.3 88506.3
840000 20151.8 33003.7 35367.1 88522.6
840500 20139.1 33029.8 35349.7 88518.5
841000 20125.4 33033.7 35305.3 88464.5
841500 20106.8 33030.5 35308.1 88445.4
842000 20088.4 33032.3 35329.8 88450.5
842500 20059.9 33064.6 35358.2 88482.7
843000 20027.5 33097 35360.5 88485
843500 20013.6 33147.8 35368.8 88530.2
844000 20017.6 33184.8 35412.4 88614.8
844500 20014.2 33192.2 35434.2 88640.5
845000 19991.4 33243.1 35461.3 88695.8
845500 19993.6 33323.4 35496.9 88813.9
846000 19974.8 33385.8 35489.2 88849.7
846500 19943.2 33449.6 35466 88858.8
847000 19919.7 33469.7 35482.5 88871.9
847500 19895.1 33480.8 35483 88858.9
848000 19861.3 33498.9 35498.3 88858.4
848500 19828.5 33546.9 35512.7 88888.1
849000 19818.8 33599.3 35536.7 88954.7
849500 19813.6 33661.5 35565.9 89041
850000 19828.4 33675.2 35630.6 89134.2
850500 19860.9 33696.8 35666.4 89224
851000 19865.8 33707.2 35699.1 89272
851500 19874.6 33680.7 35735.8 89291
852000 19890 33656.7 35746.6 89293.3
852500 19886.9 33676.3 35754.2 89317.4
853000 19905.5 33660.7 35755.9 89322.1
853500 19933.8 33676.6 35759.8 89370.2
854000 19960.8 33684.8 35767 89412.7
854500 19978.4 33705.2 35744.6 89428.2
855000 19996 33726.9 35745.3 89468.3
855500 20027.1 33769.1 35769.1 89565.3
856000 20088.7 33808.4 35800.4 89697.5
856500 20129.8 33828.8 35824 89782.6
857000 20167.5 33845 35840.4 89852.9
857500 20198 33858.4 35834.5 89890.8
858000 20237.8 33879.9 35839 89956.6
858500 20245.1 33898.5 35820.3 89963.8
859000 20255.9 33918 35835.8 90009.7
859500 20238 33945.3 35859.1 90042.4
860000 20234.3 33981.9 35877.9 90094.1
860500 20234.9 34020.8 35916.8 90172.5
861000 20228.4 34071 35928.7 90228
861500 20231 34127 35943.1 90301.1
862000 20253.1 34160.3 35962 90375.4
862500 20243.6 34174.8 35982.4 90400.8
863000 20249.4 34196.9 35991.7 90438
863500 20267.3 34194.7 36018.1 90480.1
864000 20283.3 34184 36040.1 90507.4
864500 20278.5 34178.3 36049.2 90506
865000 20287.7 34179.2 36072.7 90539.7
865500 20294.5 34186.6 36078.6 90559.7
866000 20292.7 34181.7 36117.7 90592.1
866500 20306.2 34237.1 36144.5 90687.7
867000 20299.9 34270.5 36182.9 90753.3
867500 20314.7 34303.4 36247.3 90865.4
868000 20322.9 34348 36289.9 90960.8
868500 20318.2 34341.5 36348 91007.7
869000 20300.9 34381.6 36402.4 91085
869500 20325.9 34386.9 36415.6 91128.4
870000 20356.3 34412.4 36430.4 91199.1
870500 20380.3 34462.7 36445.2 91288.2
871000 20404.2 34526.6 36476.6 91407.3
871500 20430.4 34588.9 36517.8 91537
872000 20459.4 34643.3 36571.1 91673.8
872500 20488.5 34680.4 36601.2 91770.1
873000 20523.3 34723.1 36627.4 91873.8
873500 20526.8 34767.2 36677.1 91971.1
874000 20529.4 34790 36685.8 92005.3
874500 20561.8 34828.9 36711.2 92101.8
875000 20602.5 34845.5 36712.4 92160.5
875500 20627.4 34859.5 36705.6 92192.6
876000 20641.5 34872.4 36720.2 92234.2
876500 20646.1 34877.8 36721.9 92245.9
877000 20658 34895.9 36754.9 92308.8
877500 20661.6 34862.7 36789.2 92313.6
878000 20659 34846.6 36793.1 92298.6
878500 20691.5 34859.7 36806.8 92358
879000 20726 34864.3 36795.2 92385.5
879500 20765.5 34898.4 36784.1 92448
880000 20806.9 34904.4 36803.3 92514.7
880500 20837.7 34919.6 36811.9 92569.2
881000 20885.6 34928.4 36820.1 92634.1
881500 20894.5 34928.2 36837.4 92660.1
882000 20910.8 34932.1 36860.4 92703.4
882500 20905.4 34953.5 36890.8 92749.7
883000 20882.8 34957.2 36921.7 92761.7
883500 20871.6 34944.3 36949.6 92765.5
884000 20851.1 34941.6 36959.8 92752.5
884500 20824.7 34973.1 36980.5 92778.3
885000 20804.7 34989.6 37038.5 92832.7
885500 20790.6 35019.6 37071 92881.3
886000 20756 35039.5 37072.3 92867.7
886500 20767.2 35062.8 37080.2 92910.3
887000 20787.2 35105.8 37074.6 92967.7
887500 20787.5 35108.3 37080.9 92976.8
888000 20799.6 35099.1 37109.3 93008.1
888500 20795.3 35128.1 37144.5 93068
889000 20804.3 35145.3 37182.7 93132.3
889500 20836.1 35173.9 37189.1 93199.1
890000 20846.2 35240 37194.4 93280.6
890500 20863.5 35294.7 37192.9 93351.1
891000 20885.9 35338.9 37202.5 93427.3
891500 20857.9 35381.9 37244.7 93484.4
892000 20859.8 35435.4 37262.1 93557.3
892500 20854.7 35478.3 37259.9 93592.9
893000 20838.4 35486.6 37277.4 93602.4
893500 20832.6 35500.6 37276.2 93609.4
894000 20833.4 35536.6 37254.1 93624
894500 20842 35588 37241.8 93671.9
895000 20843.4 35631.2 37221.9 93696.4
895500 20840.8 35650.4 37193.7 93684.8
896000 20864.2 35691.3 37203.6 93759.1
896500 20867.4 35704.8 37228.3 93800.5
897000 20878.5 35714.2 37227.7 93820.4
897500 20901.1 35721.8 37235.3 93858.2
898000 20914.5 35724.6 37234.3 93873.3
898500 20920.8 35716.2 37214.1 93851.1
899000 20925.3 35750.9 37199.2 93875.3
899500 20942.9 35746 37203.4 93892.2
900000 20971.4 35736.5 37186 93893.9
900500 20999.5 35749.5 37189.7 93938.8
901000 21034.4 35749.2 37208.4 93992
901500 21069.3 35765.2 37212.9 94047.3
902000 21075 35776.6 37234.8 94086.4
902500 21095.6 35812.4 37264 94172.1
903000 21121 35824.5 37275.2 94220.6
903500 21152.6 35822.1 37304.9 94279.6
904000 21164.6 35822.8 37330.9 94318.3
904500 21202.4 35838.2 37331.6 94372.2
905000 21227.6 35853.9 37352.6 94434.2
905500 21259.8 35847.5 37377.5 94484.8
906000 21307.4 35845.6 37410.5 94563.5
906500 21323.4 35865.5 37405 94594
907000 21323.1 35896.2 37377.4 94596.7
907500 21322.6 35914.6 37366.4 94603.5
908000 21336.5 35939.5 37356.3 94632.3
908500 21342.5 35934.9 37357.5 94635
909000 21359.3 35954.4 37344.5 94658.2
909500 21369.7 35979.7 37330.7 94680.1
910000 21371.1 35992.7 37307.6 94671.4
910500 21355.7 36014.5 37310 94680.1
911000 21361.5 36032.1 37299.7 94693.3
911500 21366.2 36059.6 37286.9 94712.6
912000 21395 36088.1 37299.2 94782.3
912500 21421.9 36100.6 37286.1 94808.6
913000 21401.2 36107 37278.1 94786.2
913500 21392 36117.6 37310.6 94820.2
914000 21387.4 36119.7 37339.8 94846.9
914500 21376.9 36122 37339.1 94838
915000 21363.1 36126.7 37368.3 94858.1
915500 21353.1 36129.9 37403.3 94886.4
916000 21332.1 36163.1 37427.5 94922.7
916500 21334 36181.4 37471.7 94987.1
917000 21359.5 36212.7 37502.5 95074.7
917500 21377.5 36204.4 37524.8 95106.8
918000 21386.3 36209.3 37534.1 95129.7
918500 21398.2 36229.2 37587.9 95215.3
919000 21402.3 36240.9 37616.4 95259.5
919500 21425.3 36287.3 37633.1 95345.7
920000 21451.1 36306.7 37643.8 95401.6
920500 21462.7 36363.8 37653.4 95479.9
921000 21467.6 36386.6 37655.4 95509.6
921500 21496.7 36427.2 37645.1 95569
922000 21542.2 36478.2 37656.1 95676.6
922500 21566.3 36525 37693.9 95785.2
923000 21569.6 36576.8 37723 95869.4
923500 21578.5 36620.3 37743.1 95941.9
924000 21595.3 36642.1 37759.5 95996.9
924500 21594.3 36694.4 37759.8 96048.5
925000 21598.3 36715 37773.9 96087.2
925500 21607.1 36757.5 37765.6 96130.2
926000 21626.3 36799 37789.7 96215
926500 21638.9 36837.3 37768.5 96244.7
927000 21664.9 36859.5 37779.5 96304
927500 21689.9 36894.3 37787.3 96371.5
928000 21705.1 36902.2 37800.1 96407.4
928500 21714.9 36930.7 37790.7 96436.3
929000 21768.4 36956.9 37778.7 96504
929500 21809.7 36944.6 37741.8 96496.1
930000 21832.7 36969.2 37737.8 96539.7
930500 21861.9 36982.5 37760.8 96605.2
931000 21862.1 37009.4 37800.4 96672
931500 21880.4 37007.4 37841.6 96729.3
932000 21899.6 37030.8 37842.8 96773.1
932500 21903 37067.4 37840.5 96810.9
933000 21922.2 37082.7 37848.4 96853.3
933500 21964.7 37067.8 37824.6 96857.1
934000 21993.5 37053.9 37826 96873.4
934500 22027.4 37039.1 37839.9 96906.3
935000 22049.7 37024.9 37863.6 96938.2
935500 22042.6 37032.9 37896.6 96972.1
936000 22044.1 37056.6 37932.1 97032.8
936500 22036.4 37056.6 37978.3 97071.3
937000 22010.3 37091.6 38035.7 97137.6
937500 22010.6 37125.7 38056.5 97192.9
938000 22028.6 37133.7 38094.2 97256.5
938500 22040.2 37144.9 38147.4 97332.5
939000 22038.2 37182.1 38158.3 97378.6
939500 22041.7 37202.4 38158.9 97402.9
940000 22053.9 37217.6 38166.1 97437.6
940500 22057.4 37199.6 38175.3 97432.3
941000 22053.8 37185 38194 97432.8
941500 22057 37162.4 38233.7 97453.1
942000 22072.1 37130.9 38285 97487.9
942500 22094.9 37125.2 38306 97526.1
943000 22119.3 37110.1 38307 97536.5
943500 22144.8 37112.9 38323.7 97581.5
944000 22170.8 37117.3 38362.3 97650.5
944500 22181.5 37161.1 38405.3 97747.9
945000 22179.6 37160.5 38435 97775.2
945500 22172.8 37177 38463.5 97813.3
946000 22174.7 37200.4 38485.2 97860.2
946500 22156.8 37241.3 38499.6 97897.6
947000 22177.9 37284.5 38524 97986.3
947500 22196.4 37295.4 38541.5 98033.3
948000 22221.7 37337.4 38544.8 98103.9
948500 22240.8 37370.5 38546.6 98157.9
949000 22270.9 37403.6 38555.8 98230.3
949500 22288.1 37424 38547.5 98259.6
950000 22294.3 37428.3 38553.8 98276.4
950500 22299.6 37439.4 38554.4 98293.3
951000 22297.1 37479.5 38540.3 98316.9
951500 22315.1 37506.4 38533.5 98355
952000 22340.5 37542.2 38522 98404.6
952500 22360.9 37566.5 38488.5 98415.9
953000 22397.8 37585.7 38481 98464.5
953500 22416.9 37606.5 38498.4 98521.7
954000 22438.5 37612.7 38533.4 98584.6
954500 22455 37631.8 38581.3 98668
955000 22471.7 37687.1 38598.8 98757.6
955500 22478.6 37730.1 38632.4 98841.1
956000 22511.5 37735.3 38638.5 98885.2
956500 22518.6 37755.6 38663.1 98937.3
957000 22530.2 37796.3 38717.4 99043.8
957500 22531.4 37847.2 38784.9 99163.5
958000 22507.3 37891.3 38847.3 99246
958500 22490.3 37911.5 38879.3 99281.1
959000 22493 37933.2 38900.6 99326.8
959500 22491 37962.7 38888.9 99342.6
960000 22478.4 37978.1 38855.6 99312.1
960500 22485.5 37973.8 38860.6 99319.9
961000 22499.4 37983.2 38842.1 99324.7
961500 22532.1 37989.7 38805.3 99327.1
962000 22575.1 38004.9 38807.7 99387.6
962500 22601.5 38010.6 38796.4 99408.4
963000 22633 37997 38794.4 99424.4
963500 22674.5 38022.4 38786.3 99483.2
964000 22696.1 38069.4 38810.4 99575.9
964500 22717.8 38081.7 38823.3 99622.8
965000 22749.2 38121.4 38847.4 99718
965500 22772.9 38143.2 38845.9 99762
966000 22781 38184.4 38846.2 99811.6
966500 22777.5 38224.7 38886.6 99888.8
967000 22777.8 38229 38874.4 99881.3
967500 22808.9 38245.7 38866.5 99921.1
968000 22827.3 38299.8 38859.7 99986.8
968500 22823.2 38350.2 38840.4 100014
969000 22833.2 38394.9 38831.3 100059
969500 22849.8 38433.9 38800.2 100084
970000 22849.9 38461.8 38806.2 100118
970500 22848.6 38485.6 38799.7 100134
971000 22845.3 38503.6 38801.6 100150
971500 22870.1 38553 38820.3 100243
972000 22896.5 38554.8 38817.4 100269
972500 22908.7 38588.8 38821.6 100319
973000 22911.9 38602.1 38833 100347
973500 22933.1 38605.1 38824.2 100362
974000 22958.7 38603.2 38805 100367
974500 22985.1 38593.7 38814.1 100393
975000 22997.3 38596.6 38795.2 100389
975500 23011.5 38623.1 38768.4 100403
976000 23049.1 38655.9 38749.3 100454
976500 23049.7 38669.8 38705.9 100425
977000 23046.8 38662.1 38658 100367
977500 23067.4 38641.7 38667.6 100377
978000 23118.4 38634 38695.8 100448
978500 23148.6 38641.6 38696.3 100487
979000 23175.8 38644 38710.6 100530
979500 23176.5 38646.4 38715.7 100539
980000 23177.8 38681.4 38764 100623
980500 23188.6 38709 38799.6 100697
981000 23185.4 38755.2 38837.3 100778
981500 23188.9 38787.8 38861.9 100839
982000 23199.6 38809 38885.7 100894
982500 23244.9 38839.5 38902.3 100987
983000 23281.7 38858.2 38935 101075
983500 23325 38910 38972.7 101208
984000 23374.2 38964.3 38992.1 101331
984500 23410.9 39001.1 38977.5 101390
985000 23463.9 39039.2 38970.8 101474
985500 23518.4 39071.3 38992.5 101582
986000 23536.6 39087.6 39006.8 101631
986500 23560.1 39118.1 39018.2 101696
987000 23563.6 39128.3 39049.9 101742
987500 23565.1 39121.6 39109.1 101796
988000 23557.1 39170.6 39113.3 101841
988500 23561.5 39235.6 39120.2 101917
989000 23558.7 39277.5 39133.4 101970
989500 23563.8 39303.9 39144.1 102012
990000 23553.8 39334.3 39148.5 102037
990500 23553.4 39353.4 39143.2 102050
991000 23557.6 39395.1 39151 102104
991500 23542 39427 39182.4 102151
992000 23536.2 39454.8 39179.4 102170
992500 23529.3 39484 39175.1 102188
993000 23531 39467.8 39176.4 102175
993500 23534.1 39466.4 39176 102177
994000 23547.1 39495.2 39182.1 102224
994500 23549.4 39529.7 39163.5 102243
995000 23550 39576.3 39152.6 102279
995500 23551.5 39623.9 39151.5 102327
996000 23525.9 39670.9 39153.7 102350
996500 23515.8 39692.5 39157 102365
997000 23525.8 39716.6 39172.5 102415
997500 23566.6 39734.8 39179.9 102481
998000 23607 39752 39200.3 102559
998500 23654.3 39786 39227.7 102668
999000 23675.1 39817.6 39231.1 102724
999500 23715.6 39842.5 39248.9 102807
1000000 23753.4 39880.2 39260.9 102895
1000500 23814.1 39901.5 39274.4 102990
1001000 23845.6 39969 39280.8 103095
1001500 23868 40018.9 39299.5 103186
1002000 23885.2 40076.6 39300.8 103263
1002500 23900.7 40136.8 39328 103365
1003000 23864.2 40143.1 39336.1 103343
1003500 23853.3 40135.1 39351.4 103340
1004000 23836.9 40158.1 39368.4 103363
1004500 23849.4 40191.2 39379.8 103420
1005000 23863.1 40219.4 39416.9 103499
1005500 23885.7 40254.8 39490.5 103631
1006000 23888.3 40280.7 39552.1 103721
1006500 23895.3 40304.7 39560.4 103760
1007000 23897 40304.1 39589.3 103790
1007500 23888.4 40299.2 39641.6 103829
1008000 23871 40297.7 39687.9 103857
1008500 23871.7 40290.6 39749.7 103912
1009000 23902.5 40316.4 39813 104032
1009500 23899 40324.5 39863.9 104087
1010000 23908.3 40323.6 39919 104151
1010500 23924.6 40327.8 39960.4 104213
1011000 23930.5 40362.3 40013.1 104306
1011500 23936.6 40375.8 40043.8 104356
1012000 23959 40398.3 40104.7 104462
1012500 23966.1 40387.5 40147.2 104501
1013000 23958.8 40377.4 40191.2 104527
1013500 23977.3 40361.6 40219.1 104558
1014000 23963.2 40405.3 40238.6 104607
1014500 23960.5 40432.4 40274 104667
1015000 23934.4 40452.6 40285.9 104673
1015500 23951.2 40460.7 40288 104700
1016000 23988.6 40489.6 40302.7 104781
1016500 23992.7 40504.4 40340.4 104838
1017000 24014 40501.2 40407.3 104923
1017500 24010.9 40508.3 40454.7 104974
1018000 24029 40525.6 40516.7 105071
1018500 24058.9 40515.5 40556 105130
1019000 24089.5 40525.7 40578.8 105194
1019500 24100.2 40541.4 40583 105225
1020000 24091.6 40574.1 40591.9 105258
1020500 24083.3 40634.5 40616.6 105334
1021000 24079 40655.6 40643.6 105378
1021500 24081.2 40680.1 40682.4 105444
1022000 24092.2 40691 40738.9 105522
1022500 24121.3 40729.6 40806.7 105658
1023000 24140.4 40743.5 40823.8 105708
1023500 24149.3 40753.3 40850 105753
1024000 24154 40754.7 40861.8 105770
1024500 24152.3 40748.5 40876.2 105777
1025000 24150.1 40754.4 40881.9 105786
1025500 24171.5 40747.8 40877.7 105797
1026000 24161.2 40776.7 40865.8 105804
1026500 24159.8 40810.5 40879.8 105850
1027000 24182.9 40814.1 40904.9 105902
1027500 24217.5 40848.4 40895.2 105961
1028000 24213.6 40873.9 40891.2 105979
1028500 24221.5 40912.7 40876.3 106011
1029000 24217.2 40950.8 40883.3 106051
1029500 24233.3 40998.5 40906 106138
1030000 24246.2 41051.3 40915.2 106213
1030500 24271 41102.2 40907 106280
1031000 24273 41148.8 40919.3 106341
1031500 24275.8 41199.5 40917.2 106393
1032000 24271.3 41250.9 40929.8 106452
1032500 24278 41271.9 40922.3 106472
1033000 24290.3 41309.5 40948.2 106548
1033500 24307 41358.1 40969.4 106634
1034000 24307.7 41400.2 41014.7 106723
1034500 24309.2 41437.1 41016.8 106763
1035000 24309 41456.4 41009.3 106775
1035500 24299 41439.5 40990.3 106729
1036000 24296.2 41466 40977.8 106740
1036500 24297.7 41494.3 40941.6 106734
1037000 24298.9 41532.8 40945.9 106778
1037500 24293.3 41576.7 40973.1 106843
1038000 24291.1 41599.5 40993 106884
1038500 24300.1 41608.4 41046.3 106955
1039000 24282 41628.7 41053.9 106965
1039500 24307.4 41619.3 41058.3 106985
1040000 24310.8 41640.4 41072.1 107023
1040500 24320.8 41666.8 41084.9 107073
1041000 24329 41660.4 41097.8 107087
1041500 24351.1 41650.6 41101.8 107104
1042000 24356.7 41635.7 41095 107087
1042500 24382.6 41632.3 41119.1 107134
1043000 24409.4 41626.6 41128.3 107164
1043500 24458.6 41606.1 41142.8 107207
1044000 24501.8 41566.1 41139.9 107208
1044500 24526.2 41539.1 41155.5 107221
1045000 24550.5 41534.1 41170 107255
1045500 24563.9 41560.3 41152.8 107277
1046000 24585.1 41534.7 41168.2 107288
1046500 24578.8 41526.1 41185.8 107291
1047000 24592.6 41529 41218.6 107340
1047500 24581.6 41536.8 41231.6 107350
1048000 24571.5 41576.8 41211.8 107360
1048500 24553.6 41617.2 41231.2 107402
1049000 24532 41657.5 41261 107450
1049500 24509.8 41661.2 41283.5 107454
1050000 24508.6 41697.9 41334.6 107541
1050500 24523.8 41714.6 41418 107656
1051000 24525.4 41729.3 41480.7 107735
1051500 24536.4 41738.7 41485.7 107761
1052000 24558.5 41750.2 41471.4 107780
1052500 24583.2 41727.5 41494.9 107806
1053000 24590.6 41750.7 41548.8 107890
1053500 24603.3 41760.4 41611.7 107975
1054000 24632.7 41763.3 41647.2 108043
1054500 24648.8 41774.5 41687.9 108111
1055000 24666.8 41761.3 41708.4 108137
1055500 24681.2 41769.4 41743.1 108194
1056000 24697.6 41802.2 41782.5 108282
1056500 24697.5 41822.8 41787.6 108308
1057000 24710.7 41836.5 41821.5 108369
1057500 24721.2 41862 41832.8 108416
1058000 24733.9 41883.9 41840.5 108458
1058500 24753.9 41872.8 41842.3 108469
1059000 24765.3 41892.6 41870.4 108528
1059500 24783.6 41902.9 41886.7 108573
1060000 24798.2 41890.2 41876.2 108565
1060500 24843.2 41912.6 41863.1 108619
1061000 24866.8 41921.5 41867.5 108656
1061500 24909.1 41920.7 41867.9 108698
1062000 24954.9 41934 41895.5 108784
1062500 24982.6 41951.9 41947.4 108882
1063000 25003.1 41984.3 41985.5 108973
1063500 25004.7 42008 42034 109047
1064000 25027.9 41982.5 42068.4 109079
1064500 25057.5 41981.4 42087.5 109126
1065000 25092.9 41957.6 42102.3 109153
1065500 25119.3 41952.2 42084.9 109156
1066000 25142 41980.3 42071.1 109193
1066500 25145 42010.3 42088.9 109244
1067000 25136.9 42035.8 42107 109280
1067500 25131.7 42057.6 42122.7 109312
1068000 25118.9 42045.2 42143.7 109308
1068500 25140.2 42070.3 42173.1 109384
1069000 25140.3 42122.8 42186.8 109450
1069500 25164 42150.2 42208.4 109523
1070000 25155.1 42185.9 42219.4 109560
1070500 25167.6 42188.4 42217.8 109574
1071000 25183.4 42178.6 42204.5 109566
1071500 25182.7 42208.9 42215.1 109607
1072000 25180.5 42241.3 42240.5 109662
1072500 25203 42278.8 42251.6 109733
1073000 25226.5 42309.2 42259.3 109795
1073500 25253 42325.1 42276.3 109854
1074000 25268.7 42348.9 42274.2 109892
1074500 25283.3 42405.2 42267.4 109956
1075000 25315.4 42460.8 42249.4 110026
1075500 25341.9 42522.8 42229.8 110094
1076000 25368.2 42589.5 42246.6 110204
1076500 25351.8 42652.7 42258.6 110263
1077000 25340.3 42707.4 42252.8 110300
1077500 25332 42777.2 42262 110371
1078000 25346.6 42821.8 42321.6 110490
1078500 25378.3 42866.5 42394.5 110639
1079000 25403.7 42873.1 42448.3 110725
1079500 25427.1 42888.7 42494.1 110810
1080000 25438.2 42886.7 42523.9 110849
1080500 25456.6 42896.6 42550.8 110904
1081000 25475 42910 42614.3 110999
1081500 25491 42944.4 42645.2 111081
1082000 25497.4 42972.6 42670.6 111140
1082500 25484.1 42968.6 42673.8 111127
1083000 25473.3 42963.3 42644.8 111081
1083500 25479.3 42951.4 42634.2 111065
1084000 25464.5 42977.7 42662.3 111104
1084500 25463.8 43001.8 42709 111175
1085000 25472.7 43003.2 42697.3 111173
1085500 25509.1 42983.8 42695 111188
1086000 25522.2 42985.7 42702.1 111210
1086500 25513.8 43017.2 42715.8 111247
1087000 25511 43031.4 42721.2 111264
1087500 25537.9 43044.2 42727.3 111309
1088000 25548.8 43063.8 42722.3 111335
1088500 25550.4 43085.4 42704.2 111340
1089000 25576.6 43080.9 42683 111340
1089500 25613.4 43096 42686.7 111396
1090000 25659.4 43110.5 42696.2 111466
1090500 25685.9 43123.9 42698.7 111509
1091000 25666.9 43140.2 42721.6 111529
1091500 25658.7 43176 42762 111597
1092000 25660.3 43185 42776.5 111622
1092500 25679.5 43206 42799.1 111685
1093000 25687.9 43236.2 42845.9 111770
1093500 25691.4 43253.6 42876.2 111821
1094000 25700.3 43237.3 42908.7 111846
1094500 25696 43282.9 42924.4 111903
1095000 25701.8 43319.6 42929.9 111951
1095500 25726 43326.9 42950.9 112004
1096000 25770.3 43310.5 42969.5 112050
1096500 25763 43316.6 42971.5 112051
1097000 25757.2 43330.9 42997.2 112085
1097500 25737.1 43345.1 43005.5 112088
1098000 25713.9 43346.9 43022.3 112083
1098500 25701.5 43379.8 43051 112132
1099000 25718.1 43417.6 43077.3 112213
1099500 25756.2 43472.9 43103.9 112333
1100000 25778.9 43520.5 43125.7 112425
1100500 25801.3 43558.6 43172.2 112532
1101000 25818.8 43553 43201.5 112573
1101500 25835 43557.7 43235.7 112628
1102000 25844 43587.5 43295.4 112727
1102500 25852.8 43621.7 43334 112808
1103000 25865.4 43656.9 43339.7 112862
1103500 25882.9 43706.6 43375.4 112965
1104000 25924.6 43758.9 43383.7 113067
1104500 25940.1 43835.3 43379.3 113155
1105000 25964.3 43890.4 43393.2 113248
1105500 25959.2 43952.1 43423.8 113335
1106000 25966.5 43958 43440 113365
1106500 25978.9 43957.3 43476.1 113412
1107000 26001.4 43932.6 43515.1 113449
1107500 26019.2 43959.2 43540.3 113519
1108000 26028.4 43972 43571 113571
1108500 26035.9 43989.9 43585.7 113612
1109000 26040.4 44004.6 43606.7 113652
1109500 26055.5 44036.9 43636.6 113729
1110000 26096 44106.4 43643.3 113846
1110500 26112.9 44180.7 43654.7 113948
1111000 26116.2 44225.6 43650.4 113992
1111500 26135.6 44295.5 43676.2 114107
1112000 26180 44335.9 43677.6 114194
1112500 26223.1 44368.1 43696 114287
1113000 26277.9 44411.5 43758.6 114448
1113500 26342.4 44457.5 43800.5 114600
1114000 26415.2 44479.1 43843.4 114738
1114500 26447.2 44515.9 43895.2 114858
1115000 26481.1 44567 43960.9 115009
1115500 26495.1 44605.4 43995.2 115096
1116000 26510 44618.8 44015.1 115144
1116500 26500.3 44623.9 44019.5 115144
1117000 26453.3 44627 44040.6 115121
1117500 26448 44665.6 44054 115168
1118000 26444.8 44686.6 44092.1 115223
1118500 26452.3 44686.7 44092 115231
1119000 26466.5 44698.9 44055.4 115221
1119500 26466.7 44735.7 44060.5 115263
1120000 26484.4 44751.2 44058.1 115294
1120500 26498.1 44768.7 44046.4 115313
1121000 26553 44821.4 44042.8 115417
1121500 26600.6 44856 44031.7 115488
1122000 26606.7 44873.6 44034.8 115515
1122500 26611.9 44876.3 44030.4 115519
1123000 26644.3 44895.8 44007 115547
1123500 26706.7 44911.4 44008.3 115626
1124000 26768.3 44947 43995.1 115710
1124500 26807.7 44973 43994.2 115775
1125000 26867.6 45017.8 43982.4 115868
1125500 26891.7 45063.4 44006.2 115961
1126000 26921.9 45103.5 44025.6 116051
1126500 26917.6 45122.9 44045.2 116086
1127000 26917.4 45136 44043.6 116097
1127500 26931.5 45139.9 44055.2 116127
1128000 26960.3 45145.7 44047.9 116154
1128500 26964.3 45128.1 44008.4 116101
1129000 26967.3 45139.3 43937.9 116044
1129500 26976.3 45184.5 43878.9 116040
1130000 26976.3 45239.2 43831.5 116047
1130500 26982.4 45277 43791.4 116051
1131000 26965 45274 43775.1 116014
1131500 26955.3 45292 43758.6 116006
1132000 26970.7 45319.7 43758 116048
1132500 26976.9 45360.1 43767.8 116105
1133000 26987.3 45374.9 43782.7 116145
1133500 26999.9 45392.3 43819.6 116212
1134000 26987.7 45384 43844.7 116216
1134500 26976.1 45341.4 43903.2 116221
1135000 26991.3 45322.7 43931 116245
1135500 26993.7 45323 43943 116260
1136000 26988.3 45327 43964.9 116280
1136500 27003.5 45307.9 43972.2 116284
1137000 27000 45328.5 43970.3 116299
1137500 27002.3 45373 43944.9 116320
1138000 26993.7 45392.7 43935.9 116322
1138500 26985.2 45403.6 43961.7 116350
1139000 26963.4 45424.4 43979.4 116367
1139500 26982.1 45410.2 43986.9 116379
1140000 26982.8 45407.1 43984.7 116375
1140500 27008.9 45444.3 44016.7 116470
1141000 27049.1 45465.7 43997.4 116512
1141500 27055.2 45469.7 44016 116541
1142000 27077.2 45511.4 44039.3 116628
1142500 27134.3 45556 44063 116753
1143000 27193.2 45556.1 44066.6 116816
1143500 27230.3 45559.5 44076.9 116867
1144000 27230 45607.7 44099.3 116937
1144500 27226.2 45630.1 44095.6 116952
1145000 27222.1 45653.8 44092.5 116968
1145500 27195.4 45667.3 44084.4 116947
1146000 27208.7 45703.8 44090.9 117003
1146500 27193.6 45741.1 44116 117051
1147000 27182 45766.4 44133.3 117082
1147500 27203.7 45765.2 44156.4 117125
1148000 27195.8 45748.7 44162.5 117107
1148500 27183.8 45749.2 44136 117069
1149000 27175.1 45749.6 44103.3 117028
1149500 27187.2 45766.4 44092.4 117046
1150000 27210 45771 44099.4 117080
1150500 27223.8 45767.4 44089.3 117080
1151000 27255.7 45787.9 44079.8 117123
1151500 27275.1 45802.8 44091.7 117170
1152000 27298 45852 44107.7 117258
1152500 27321.6 45876.1 44140.7 117338
1153000 27354.8 45916.9 44174.2 117446
1153500 27387.4 45918.1 44203.9 117509
1154000 27400.6 45901.9 44236.1 117539
1154500 27423.2 45868.3 44286.6 117578
1155000 27463.3 45857.3 44316.1 117637
1155500 27472 45864 44339.1 117675
1156000 27503.8 45844.7 44368.1 117717
1156500 27514 45843.8 44393 117751
1157000 27519.2 45860.4 44402.4 117782
1157500 27523.1 45889.9 44435.4 117848
1158000 27522.8 45947 44472.1 117942
1158500 27527.7 46016.7 44526.9 118071
1159000 27532.5 46083.7 44558.7 118175
1159500 27526.6 46139.3 44625 118291
1160000 27495.2 46173.1 44683.2 118352
1160500 27484.1 46214.2 44725.6 118424
1161000 27479.8 46252.1 44786.1 118518
1161500 27468.7 46277.4 44844.5 118591
1162000 27452.8 46284.2 44868.6 118606
1162500 27436.1 46295.7 44918.7 118650
1163000 27416.8 46285.3 44946.6 118649
1163500 27417.1 46309.1 44999.3 118725
1164000 27415.8 46358.2 44993.2 118767
1164500 27459 46378.6 45003.4 118841
1165000 27495.4 46404.6 45047.9 118948
1165500 27525 46414.3 45078 119017
1166000 27564.3 46461.9 45088.1 119114
1166500 27571.1 46521 45135 119227
1167000 27569.5 46568.6 45145.7 119284
1167500 27571.8 46580.7 45164.2 119317
1168000 27579.1 46562.5 45175.6 119317
1168500 27593.2 46570.3 45200.7 119364
1169000 27605.6 46561.9 45219.2 119387
1169500 27647.1 46544.2 45220.6 119412
1170000 27702.5 46551.4 45251 119505
1170500 27728.2 46568.4 45263.9 119561
1171000 27769 46608 45245.1 119622
1171500 27779.3 46643.4 45219.2 119642
1172000 27764.1 46694.8 45219.7 119679
1172500 27779.1 46751.3 45233.2 119764
1173000 27774.6 46749 45220.4 119744
1173500 27797.3 46787.4 45185.9 119771
1174000 27818.5 46804.5 45168.8 119792
1174500 27849.2 46823.9 45151.5 119824
1175000 27876.2 46822.8 45167.4 119866
1175500 27899.6 46846.5 45203 119949
1176000 27921.7 46866.7 45236.1 120025
1176500 27935.4 46912.2 45251 120099
1177000 27952.3 46961.2 45258.7 120172
1177500 27987 46942.8 45262.5 120192
1178000 28018.3 46911.7 45279.6 120210
1178500 28032 46919.6 45301.7 120253
1179000 28064.1 46939.8 45317.7 120322
1179500 28101.8 46938.6 45331.3 120372
1180000 28131.4 46967.6 45336.6 120436
1180500 28136 46990.5 45329.7 120456
1181000 28163.5 47027.3 45320.2 120511
1181500 28183.3 47018.1 45364.9 120566
1182000 28210.2 46979.7 45416.6 120607
1182500 28205.6 46965.2 45459.6 120630
1183000 28192.5 46964.3 45513 120670
1183500 28218.5 46983.7 45559.8 120762
1184000 28225.5 46996.8 45595.3 120818
1184500 28215.6 46990.1 45635.7 120841
1185000 28241.7 47016 45660.9 120919
1185500 28272.2 47033.1 45670.4 120976
1186000 28262 47046.5 45686.4 120995
1186500 28266.1 47082 45685.2 121033
1187000 28266.5 47130.5 45667.1 121064
1187500 28251.7 47178.5 45647.1 121077
1188000 28254.6 47205.9 45636.2 121097
1188500 28280.9 47248.9 45651 121181
1189000 28274.2 47339 45661.9 121275
1189500 28257.9 47411.7 45687.1 121357
1190000 28237.2 47466.7 45695.6 121399
1190500 28208.3 47522.9 45706.8 121438
1191000 28203.5 47552.8 45757.2 121514
1191500 28190.8 47588.9 45793 121573
1192000 28183 47599.4 45820.8 121603
1192500 28167.4 47597.4 45827.7 121592
1193000 28136.2 47561.3 45835.5 121533
1193500 28110.1 47578.7 45858 121547
1194000 28096.7 47597.3 45885.9 121580
1194500 28106 47614 45882.7 121603
1195000 28124.3 47631.9 45894.6 121651
1195500 28157.6 47640.6 45912.5 121711
1196000 28179.2 47676 45961.1 121816
1196500 28201.5 47711 45977.8 121890
1197000 28211.2 47734.2 45964.8 121910
1197500 28240.3 47783.9 45988.3 122013
1198000 28243.6 47813.1 46036.2 122093
1198500 28247.7 47844.8 46079.5 122172
1199000 28256.4 47890.2 46127.8 122274
1199500 28278 47914 46172.2 122364
1200000 28286.9 47928.4 46185.7 122401
1200500 28310.9 47935.9 46194.9 122442
1201000 28332.6 47965.4 46195.9 122494
1201500 28365.4 47989.5 46196.9 122552
1202000 28380.6 48001.4 46202.1 122584
1202500 28380.8 47995.1 46214.6 122590
1203000 28406.6 47991.7 46217.4 122616
1203500 28416.7 47974.6 46244.6 122636
1204000 28416 47973.4 46261.7 122651
1204500 28407.8 48023.5 46311.3 122743
1205000 28400.3 48036.1 46357.7 122794
1205500 28388.8 48058 46377 122824
1206000 28421.1 48086.7 46374.4 122882
1206500 28438.6 48109.9 46367.8 122916
1207000 28448.6 48142.8 46384.1 122976
1207500 28431.5 48172.6 46406.5 123011
1208000 28431.3 48177.4 46394.9 123004
1208500 28418.5 48203.6 46412.3 123034
1209000 28386.9 48200.6 46421 123009
1209500 28374.2 48167.6 46453.9 122996
1210000 28376.9 48163.5 46480.6 123021
1210500 28358.3 48172.9 46488.1 123019
1211000 28353.2 48205.1 46528.8 123087
1211500 28337.4 48245.6 46558.3 123141
1212000 28319.1 48248.5 46588.6 123156
1212500 28324.3 48259.3 46605.7 123189
1213000 28347 48295.2 46626.1 123268
1213500 28377.7 48288.9 46660.5 123327
1214000 28376 48300.7 46698.2 123375
1214500 28361 48294.1 46740.1 123395
1215000 28349.6 48300.8 46767.7 123418
1215500 28314.3 48319.8 46803.1 123437
1216000 28285.5 48352.7 46793.2 123431
1216500 28304.8 48421.9 46793.7 123520
1217000 28308.5 48464.6 46791.6 123565
1217500 28293.9 48524.5 46799 123617
1218000 28297.4 48571.4 46795 123664
1218500 28313.1 48612.7 46815.8 123742
1219000 28313.8 48665.8 46870.8 123850
1219500 28345.9 48707.4 46918.1 123971
1220000 28356.5 48739.8 46938.3 124035
1220500 28358.9 48761.7 46957.2 124078
1221000 28366.1 48813.7 46986.5 124166
1221500 28379.3 48861.5 46993 124234
1222000 28388.6 48935.3 46984 124308
1222500 28381.4 48969.4 46991.5 124342
1223000 28363.6 49004.6 46998.3 124367
1223500 28362.8 49044.1 47030.2 124437
1224000 28378.9 49060.7 47057.4 124497
1224500 28393 49066.5 47060.7 124520
1225000 28403.9 49117.5 47073 124594
1225500 28380.3 49176.1 47094.6 124651
1226000 28377 49205.7 47119.4 124702
1226500 28370.4 49238.8 47137 124746
1227000 28380.5 49287.4 47147.2 124815
1227500 28402.3 49293.1 47179.8 124875
1228000 28396.4 49313.1 47211.5 124921
1228500 28406.8 49318.7 47247.6 124973
1229000 28419.8 49327.2 47311.5 125058
1229500 28418.5 49321.9 47341.6 125082
1230000 28423.3 49300.4 47316.5 125040
1230500 28442.2 49289.7 47322.2 125054
1231000 28436.4 49294.8 47348.7 125080
1231500 28423.4 49294.1 47394.4 125112
1232000 28431.5 49327.3 47448.9 125208
1232500 28448.8 49379.6 47441.4 125270
1233000 28451.4 49396 47434.8 125282
1233500 28478.9 49442.2 47444 125365
1234000 28492.3 49465 47449.7 125407
1234500 28524.6 49489.1 47476.2 125490
1235000 28527.7 49521 47500.2 125549
1235500 28518 49530.6 47533.8 125582
1236000 28525 49493.1 47551.9 125570
1236500 28542.3 49442.6 47578.2 125563
1237000 28593.2 49411.1 47594 125598
1237500 28645.9 49380.6 47608.4 125635
1238000 28686.9 49341.4 47621.9 125650
1238500 28731.8 49294.9 47636.6 125663
1239000 28741.9 49244.4 47663.8 125650
1239500 28741.8 49218.5 47690.1 125650
1240000 28750.8 49215 47707.5 125673
1240500 28752.5 49209.4 47710.8 125673
1241000 28755.2 49211.2 47726.9 125693
1241500 28741.8 49234.4 47769.1 125745
1242000 28750.4 49250.7 47782.3 125783
1242500 28770 49275.6 47776.4 125822
1243000 28804.8 49282 47795.6 125882
1243500 28828.4 49299.1 47816.3 125944
1244000 28876.3 49324.6 47831.6 126033
1244500 28886.7 49361.3 47824.4 126072
1245000 28907.9 49384.2 47814.2 126106
1245500 28930.8 49404.2 47839.3 126174
1246000 28935 49422.7 47880.8 126239
1246500 28963.1 49443.3 47905.4 126312
1247000 28980.5 49466.1 47948.4 126395
1247500 28992.3 49491.3 47930 126414
1248000 28987 49518.5 47912.6 126418
1248500 29004 49584.2 47926.2 126514
1249000 28999.6 49622.8 47925.1 126547
1249500 29000.6 49665.6 47915.6 126582
1250000 28990.7 49690 47912.1 126593
1250500 28964.7 49728.7 47884.7 126578
1251000 28968 49771.3 47868.9 126608
1251500 28976.8 49829.5 47891.2 126697
1252000 28974 49904.9 47895.5 126774
1252500 28957.1 49942.8 47960.7 126861
1253000 28948.5 49966.4 48000.8 126916
1253500 28956.2 49996.2 48032 126984
1254000 28952.9 50004.2 48045.6 127003
1254500 28969.7 49996.9 48072.9 127039
1255000 28959.8 49990.1 48076.3 127026
1255500 28974.8 49991 48077.4 127043
1256000 28997.7 50014.7 48056.2 127069
1256500 28996.4 50009.1 48081.7 127087
1257000 29024.1 50007.7 48124.3 127156
1257500 29044.5 50029.3 48147.2 127221
1258000 29056.5 50042.8 48181.2 127280
1258500 29065.1 50065.6 48230.1 127361
1259000 29087.9 50091 48229.1 127408
1259500 29104.1 50114.4 48227 127445
1260000 29148.4 50134 48249.8 127532
1260500 29170 50159.2 48263.7 127593
1261000 29179.2 50199 48275.1 127653
1261500 29188 50224.6 48275.9 127689
1262000 29179.9 50237.4 48282.3 127700
1262500 29179.8 50244.9 48304.9 127730
1263000 29187.3 50238.1 48332.2 127758
1263500 29184.6 50256.8 48368.3 127810
1264000 29164.1 50253.9 48395 127813
1264500 29123.9 50264.2 48457.4 127845
1265000 29118.9 50252.2 48517.3 127888
1265500 29119.8 50278 48566.2 127964
1266000 29104.6 50317.1 48592.9 128015
1266500 29088.5 50319.5 48609.2 128017
1267000 29078 50350.4 48621.2 128050
1267500 29067.3 50366.1 48621 128054
1268000 29065.7 50404.4 48616.3 128086
1268500 29077 50444.2 48642.6 128164
1269000 29083.1 50479.6 48650.6 128213
1269500 29094.5 50525.1 48621.4 128241
1270000 29091.9 50564.9 48625.1 128282
1270500 29093 50598.4 48645.3 128337
1271000 29142.4 50622.8 48676.8 128442
1271500 29167.9 50669.6 48669.9 128507
1272000 29153.7 50728.8 48688.7 128571
1272500 29168.9 50792.9 48700.7 128663
1273000 29166.8 50841.5 48704.8 128713
1273500 29175.1 50889.5 48730.7 128795
1274000 29176.3 50927 48726.2 128830
1274500 29196.9 50974.3 48717.7 128889
1275000 29198.6 51017.7 48720.3 128937
1275500 29205 51052.5 48717.5 128975
1276000 29214.4 51075.8 48722.6 129013
1276500 29200.7 51069.1 48741.6 129011
1277000 29210 51124.8 48768.4 129103
1277500 29219.3 51136.4 48816.3 129172
1278000 29238.2 51197.8 48837.1 129273
1278500 29262.2 51259.1 48870.3 129392
1279000 29247.5 51315.5 48925 129488
1279500 29251.5 51381.1 48973.4 129606
1280000 29264.2 51436.2 49013.3 129714
1280500 29266.4 51489 49047.5 129803
1281000 29301.6 51558.4 49048.9 129909
1281500 29343.8 51610.9 49064.6 130019
1282000 29354.1 51674.3 49065.6 130094
1282500 29368.8 51735.3 49085.3 130189
1283000 29354.7 51749.1 49118.2 130222
1283500 29344.8 51772.3 49165.3 130282
1284000 29322.1 51779.8 49203.6 130305
1284500 29344.8 51784.6 49246 130375
1285000 29351.4 51800.2 49261.4 130413
1285500 29358.9 51808.8 49278.3 130446
1286000 29369 51829.6 49299.3 130498
1286500 29382.7 51843.8 49327.6 130554
1287000 29391.4 51879.8 49357.2 130628
1287500 29383.7 51868.9 49362.8 130615
1288000 29406.5 51890.5 49362.2 130659
1288500 29427.9 51894.1 49373.5 130696
1289000 29453.2 51907.7 49393.6 130754
1289500 29444.1 51920.5 49427.4 130792
1290000 29422.4 51919 49420 130761
1290500 29417.5 51941.4 49424 130783
1291000 29412.2 51976.4 49439.1 130828
1291500 29423.8 51996.5 49448.3 130869
1292000 29443.9 52016.1 49424.3 130884
1292500 29447.1 52065 49430.5 130943
1293000 29476.5 52069.9 49462.4 131009
1293500 29484.8 52071.9 49492.9 131050
1294000 29505.2 52089.3 49501.3 131096
1294500 29535.1 52100.3 49499.7 131135
1295000 29572.3 52122.4 49515.9 131211
1295500 29583.5 52117.3 49522.1 131223
1296000 29588.8 52101.2 49527.7 131218
1296500 29601.7 52093.3 49542 131237
1297000 29610.2 52095.8 49582.4 131288
1297500 29625.9 52147 49614.8 131388
1298000 29635.6 52177.2 49647.9 131461
1298500 29639.6 52213.4 49685.6 131539
1299000 29629.6 52225 49727.1 131582
1299500 29603.4 52230.7 49734.8 131569
1300000 29613 52234.1 49783.7 131631
1300500 29621.8 52270.8 49774.5 131667
1301000 29616.8 52308 49769.2 131694
1301500 29620.1 52344.5 49835.7 131800
1302000 29659 52382 49895.1 131936
1302500 29690.9 52404 49944.8 132040
1303000 29740.6 52482.9 49994.3 132218
1303500 29770.9 52486.6 50008.7 132266
1304000 29785.8 52465.1 50045.6 132297
1304500 29819.8 52463.7 50057.4 132341
1305000 29855.3 52439 50055.8 132350
1305500 29889.2 52406.5 50088.1 132384
1306000 29913.9 52376.4 50133.7 132424
1306500 29946.1 52356 50169.5 132472
1307000 29956.2 52350.2 50194.5 132501
1307500 29988.4 52357.4 50188.9 132535
1308000 30011.1 52366.5 50215.7 132593
1308500 30060.7 52383.1 50227.9 132672
1309000 30103.1 52394.3 50215.1 132713
1309500 30097.5 52413.4 50190.5 132701
1310000 30115.1 52448.2 50187.6 132751
1310500 30116.3 52493.4 50151.8 132761
1311000 30113.2 52531 50120.7 132765
1311500 30087.6 52581 50116 132785
1312000 30067 52608 50149.2 132824
1312500 30076.7 52656.7 50139 132872
1313000 30106.5 52672.8 50174.7 132954
1313500 30085.1 52677.7 50222.5 132985
1314000 30079.2 52699.2 50241.6 133020
1314500 30084.5 52739.5 50257.2 133081
1315000 30107.7 52761.9 50298.8 133168
1315500 30094.3 52798.8 50320.2 133213
1316000 30090.9 52832.2 50341.3 133264
1316500 30083.9 52870.6 50345.6 133300
1317000 30082.2 52865.3 50335.5 133283
1317500 30063.7 52888.1 50344.8 133297
1318000 30044.9 52877.6 50355.1 133278
1318500 30043.8 52854.6 50386 133284
1319000 30036.5 52832 50417.8 133286
1319500 30023 52818.5 50455.8 133297
1320000 30006.9 52833.3 50495.6 133336
1320500 29999.4 52822.9 50517.3 133340
1321000 29988 52840.4 50578.4 133407
1321500 29985 52818.8 50659.5 133463
1322000 29983.2 52797.3 50702.3 133483
1322500 29981.1 52778.2 50710.9 133470
1323000 29979.1 52800.2 50727.7 133507
1323500 29952.8 52836.9 50740.5 133530
1324000 29947 52910.9 50741.4 133599
1324500 29934.2 52981 50756.3 133671
1325000 29933.5 53024.2 50778 133736
1325500 29943.4 53076.8 50840.6 133861
1326000 29944.5 53073.1 50868.5 133886
1326500 29948.7 53070.4 50889.9 133909
1327000 29912.3 53074.7 50924.1 133911
1327500 29888.5 53080.5 50960.7 133930
1328000 29899.3 53141.6 50989.4 134030
1328500 29905 53149.9 51007.8 134063
1329000 29937.9 53181.3 51021.4 134141
1329500 29978.8 53248.6 51019 134246
1330000 30006.5 53261.7 51003.7 134272
1330500 30028.8 53288.8 51039.7 134357
1331000 30057.6 53322 51071.2 134451
1331500 30069.9 53371.4 51094.3 134536
1332000 30073.1 53389.1 51110.8 134573
1332500 30060.9 53423.9 51093.8 134579
1333000 30101.6 53481.6 51107.1 134690
1333500 30143.4 53542.1 51132.1 134818
1334000 30177.6 53589.2 51163.8 134931
1334500 30199.5 53588.5 51192.7 134981
1335000 30237.8 53597.6 51210 135045
1335500 30263.9 53586.8 51240.7 135091
1336000 30305.7 53588.9 51261.6 135156
1336500 30348.7 53622.3 51281.5 135252
1337000 30375.9 53648.1 51308.1 135332
1337500 30410.3 53655.3 51354.5 135420
1338000 30423.5 53684.7 51383.8 135492
1338500 30448.7 53716.2 51407.8 135573
1339000 30472.6 53770.2 51422.7 135666
1339500 30485.1 53811 51427.8 135724
1340000 30480.6 53811.9 51418.6 135711
1340500 30498.1 53850.3 51450.6 135799
1341000 30518.3 53822.5 51493 135834
1341500 30535.2 53831.9 51536 135903
1342000 30526.1 53859.8 51561 135947
1342500 30534.8 53895.9 51592.4 136023
1343000 30536.1 53896.2 51619.8 136052
1343500 30552.8 53908.7 51638.6 136100
1344000 30597.6 53917.3 51687.7 136203
1344500 30622.1 53927.6 51733.7 136283
1345000 30639.6 53952.9 51777.6 136370
1345500 30656.1 53993.8 51791.9 136442
1346000 30653.1 53998.6 51814.4 136466
1346500 30636.5 54026.6 51833.4 136496
1347000 30629 54069.8 51874.1 136573
1347500 30645.6 54073.8 51895.5 136615
1348000 30641.9 54109.6 51913.4 136665
1348500 30624 54165.2 51941.8 136731
1349000 30617.4 54210.9 52003.9 136832
1349500 30612.9 54270.2 52017.4 136900
1350000 30625.7 54315.3 52050.4 136991
1350500 30622.7 54344.7 52065.4 137033
1351000 30645.9 54376 52115 137137
1351500 30634 54411.8 52132.1 137178
1352000 30627.2 54442.2 52152.6 137222
1352500 30624.8 54455.3 52201.4 137281
1353000 30610.3 54490.9 52260.5 137362
1353500 30608.5 54499.6 52271.5 137380
1354000 30631.4 54511 52276.8 137419
1354500 30667 54535.7 52312.2 137515
1355000 30672.4 54551.3 52318 137542
1355500 30680.9 54599.6 52328.3 137609
1356000 30702.8 54611.5 52341.8 137656
1356500 30722.2 54624.1 52364.6 137711
1357000 30741.2 54645.1 52393.4 137780
1357500 30779.5 54710.2 52420.9 137911
1358000 30821.1 54747.1 52433.6 138002
1358500 30861.2 54753.1 52436.6 138051
1359000 30877.2 54748.6 52450 138076
1359500 30902 54743.7 52464.1 138110
1360000 30932.3 54754.5 52490.1 138177
1360500 30962.8 54741.5 52554.5 138259
1361000 30992.5 54760.3 52615.5 138368
1361500 31051 54780.5 52650.8 138482
1362000 31093.4 54837.1 52716.9 138647
1362500 31111 54885.5 52809.2 138806
1363000 31107.2 54925.4 52855.7 138888
1363500 31110.2 54950.9 52932.4 138993
1364000 31115.2 54933.1 52984.8 139033
1364500 31151 54930.3 53044.4 139126
1365000 31186 55023.1 53096.8 139306
1365500 31233.5 55060.7 53132.5 139427
1366000 31264.7 55112.8 53151.1 139529
1366500 31291.5 55167.3 53166.1 139625
1367000 31302.1 55212.5 53167.2 139682
1367500 31311.4 55264.9 53173 139749
1368000 31330.2 55311.3 53186.2 139828
1368500 31364 55343.7 53201.1 139909
1369000 31375.3 55397.6 53219.3 139992
1369500 31381.7 55409.8 53216.6 140008
1370000 31390.9 55433.5 53224.7 140049
1370500 31396.1 55449.7 53224.1 140070
1371000 31403.5 55470.2 53258.3 140132
1371500 31418.7 55478.3 53288.7 140186
1372000 31442.1 55492.2 53318.3 140253
1372500 31446.7 55517.6 53347.1 140311
1373000 31467.1 55535 53385 140387
1373500 31452.8 55539.2 53409.7 140402
1374000 31479.5 55577.5 53431.6 140489
1374500 31487.8 55596.7 53487.4 140572
1375000 31498.1 55635 53545.6 140679
1375500 31499.3 55677.6 53567.5 140744
1376000 31501.6 55722.1 53577.5 140801
1376500 31490.6 55784.5 53599 140874
1377000 31497 55804.5 53616 140917
1377500 31490.1 55795.1 53643.4 140929
1378000 31491.8 55813.6 53666.4 140972
1378500 31498.1 55845.5 53693.8 141037
1379000 31534.2 55888.2 53656.6 141079
1379500 31553.2 55902.2 53673.1 141129
1380000 31565.9 55953.6 53672 141192
1380500 31604.5 56009.2 53703 141317
1381000 31650.9 56048.3 53751.8 141451
1381500 31671.4 56093.4 53780.9 141546
1382000 31696.1 56121.7 53847.5 141665
1382500 31698.6 56152.2 53881.3 141732
1383000 31684.9 56148.2 53894.9 141728
1383500 31689.4 56140.3 53915.4 141745
1384000 31702.1 56138.8 53904.6 141745
1384500 31711.4 56140.1 53912.5 141764
1385000 31742.5 56146.6 53877.8 141767
1385500 31747.3 56184.7 53873.1 141805
1386000 31737.8 56233 53875.7 141846
1386500 31729.1 56256.6 53910.5 141896
1387000 31734.6 56298.7 53900.1 141933
1387500 31744.8 56328.5 53916.8 141990
1388000 31745.2 56365.1 53912.3 142023
1388500 31747.6 56368.8 53913.4 142030
1389000 31730.3 56392.5 53895.7 142019
1389500 31704.7 56421.4 53901.4 142028
1390000 31701.3 56443.3 53898.9 142043
1390500 31715.3 56431.5 53889.1 142036
1391000 31712.9 56402.6 53936 142052
1391500 31689.4 56389.5 54000.9 142080
1392000 31678.6 56408.5 54039.5 142127
1392500 31679.8 56424.1 54051.7 142156
1393000 31677.6 56466.4 54066.5 142210
1393500 31675.1 56485.2 54080.1 142240
1394000 31681.2 56507.6 54093.2 142282
1394500 31680 56528.1 54081.9 142290
1395000 31707.2 56574.3 54079 142361
1395500 31726.1 56590.7 54080.1 142397
1396000 31709 56596.9 54112.5 142418
1396500 31684.1 56627.6 54150.8 142462
1397000 31668.2 56635.9 54234.7 142539
1397500 31658.8 56633.9 54307.9 142601
1398000 31637.9 56640.3 54355.8 142634
1398500 31633.7 56634.6 54380.1 142648
1399000 31605.9 56657.5 54380.4 142644
1399500 31608.4 56703.8 54385.7 142698
1400000 31634.9 56726.1 54409.2 142770
1400500 31654.6 56750.2 54404.7 142810
1401000 31672.1 56779.6 54436.6 142888
1401500 31697.5 56803.9 54471.6 142973
1402000 31717.2 56818.4 54505.6 143041
1402500 31739.4 56876.2 54518.2 143134
1403000 31776.5 56936.7 54569.2 143282
1403500 31787.5 56962.6 54621.1 143371
1404000 31818.8 57030.2 54650.1 143499
1404500 31839.9 57060.5 54696.1 143597
1405000 31865.8 57125.9 54710.4 143702
1405500 31910.8 57181.3 54717.7 143810
1406000 31948.2 57217.1 54728.2 143893
1406500 31985.3 57246.5 54768.3 144000
1407000 31975.2 57298.5 54756.1 144030
1407500 31977.4 57341.6 54779.7 144099
1408000 31992.3 57352.3 54812.8 144157
1408500 31998.5 57336.8 54843.9 144179
1409000 31977.9 57315.7 54839.2 144133
1409500 31952 57332.3 54825.3 144110
1410000 31931.1 57337.9 54804.9 144074
1410500 31918.8 57307.4 54788.8 144015
1411000 31908.4 57355.5 54777.4 144041
1411500 31917.2 57364 54777.1 144058
1412000 31905.3 57401.8 54775.8 144083
1412500 31905.6 57441.3 54823.6 144170
1413000 31903 57453.1 54887.3 144243
1413500 31893.5 57468.4 54867.5 144229
1414000 31898.6 57505.9 54880.5 144285
1414500 31888.6 57523.4 54878.2 144290
1415000 31888.3 57552.2 54883.8 144324
1415500 31894.2 57574.3 54913.9 144382
1416000 31912.9 57624.6 54934.9 144472
1416500 31933.3 57645.1 54972.7 144551
1417000 31952.5 57647.4 55039.3 144639
1417500 31972.3 57693.3 55060 144726
1418000 31995.8 57725.1 55064.1 144785
1418500 32018.7 57754.7 55086 144859
1419000 32042.4 57806.3 55104 144953
1419500 32061 57845 55103.9 145010
1420000 32081.7 57853.3 55142.9 145078
1420500 32089.5 57856.3 55174 145120
1421000 32072.7 57890.7 55184.3 145148
1421500 32071.2 57902.1 55179.4 145153
1422000 32107.6 57865.8 55165 145138
1422500 32140.4 57853.4 55183.6 145177
1423000 32145 57866 55189.4 145200
1423500 32146.6 57916.6 55191.6 145255
1424000 32133.5 57994.1 55183.5 145311
1424500 32132.7 58060.8 55165.5 145359
1425000 32139 58137.6 55134.1 145411
1425500 32148.5 58189 55127.9 145465
1426000 32143.9 58244.1 55123.8 145512
1426500 32136.4 58315.7 55142.5 145595
1427000 32180.3 58371.3 55148 145700
1427500 32183.2 58408.5 55198.9 145791
1428000 32192.6 58423.1 55232.5 145848
1428500 32205.4 58424.2 55259.9 145890
1429000 32205.8 58410.1 55282.3 145898
1429500 32201.8 58387.8 55288.5 145878
1430000 32192.3 58355.8 55292.6 145841
1430500 32211.5 58307.6 55307 145826
1431000 32221.3 58283.1 55309.7 145814
1431500 32237.2 58245.9 55259.6 145743
1432000 32270.8 58228.2 55222.7 145722
1432500 32277.1 58218.3 55169 145664
1433000 32272.7 58218.6 55132.8 145624
1433500 32286.3 58249.3 55073.8 145609
1434000 32313.6 58281.3 55050 145645
1434500 32347.9 58327 55028 145703
1435000 32401.2 58361.1 55038.7 145801
1435500 32425.1 58393.8 55056.5 145875
1436000 32456.9 58447.4 55047.7 145952
1436500 32463.3 58490.8 55038.2 145992
1437000 32506.6 58564.6 55048.4 146120
1437500 32524.3 58643.5 55009.9 146178
1438000 32553.4 58671.4 54985.3 146210
1438500 32574.6 58694 54974.3 146243
1439000 32620.3 58725.5 54940.7 146287
1439500 32666.9 58784.6 54925.2 146377
1440000 32702.1 58825.2 54922.6 146450
1440500 32756.1 58856.8 54905.8 146519
1441000 32789.5 58898.5 54910.2 146598
1441500 32824 58927.7 54906.2 146658
1442000 32845 58935.4 54906.1 146686
1442500 32891.9 58966.8 54934.4 146793
1443000 32935.1 59001.8 54951 146888
1443500 32966.4 59040.1 54991.3 146998
1444000 32955 59048.2 55020.8 147024
1444500 32954.3 59058 55073.9 147086
1445000 32944.4 59083.3 55128 147156
1445500 32914.9 59065 55140.4 147120
1446000 32919.9 59083.3 55140.8 147144
1446500 32939.9 59109.1 55186.7 147236
1447000 32943 59157.8 55198.9 147300
1447500 32943.4 59193.9 55205.2 147343
1448000 32948.8 59209.3 55236.9 147395
1448500 32930.2 59265.9 55263 147459
1449000 32928.2 59340.8 55286.7 147556
1449500 32925.6 59364.8 55315.9 147606
1450000 32942.1 59386 55345.9 147674
1450500 32948.3 59393.2 55350.4 147692
1451000 32980.1 59437.3 55375.6 147793
1451500 32989.9 59487.8 55431.5 147909
1452000 32983.3 59483.8 55467.8 147935
1452500 33006 59484.2 55487.9 147978
1453000 32997.8 59478.1 55522 147998
1453500 32976.5 59478.2 55541 147996
1454000 33003.6 59517.9 55566.7 148088
1454500 33003.9 59599.4 55564.2 148167
1455000 33009.5 59653.1 55539.7 148202
1455500 32999.3 59720 55540 148259
1456000 32999.8 59751.8 55535 148287
1456500 33025.6 59778.4 55531.1 148335
1457000 33016.3 59787.5 55540.7 148345
1457500 33023 59835.8 55538.9 148398
1458000 33066 59858.7 55548.3 148473
1458500 33099.7 59871.1 55581.7 148552
1459000 33156.9 59875.3 55575.1 148607
1459500 33178.9 59910.8 55605.5 148695
1460000 33156.1 59933.3 55629.9 148719
1460500 33146.3 59974.2 55685.5 148806
1461000 33139.3 60059.6 55719.6 148918
1461500 33154.8 60134.8 55757.2 149047
1462000 33148.5 60220.1 55813.5 149182
1462500 33149.8 60263.8 55853.1 149267
1463000 33143.4 60295.6 55880.4 149319
1463500 33183.9 60280.2 55900.6 149365
1464000 33206.2 60277.3 55935.6 149419
1464500 33247.3 60265.1 55934.8 149447
1465000 33274.8 60273.9 55920.4 149469
1465500 33306.5 60275.6 55916.2 149498
1466000 33325.8 60321.9 55905.7 149553
1466500 33325.8 60369.7 55921.3 149617
1467000 33309.3 60424.1 55926.9 149660
1467500 33313.7 60388.1 55976.2 149678
1468000 33301 60385.6 56014.3 149701
1468500 33294.2 60396.6 56022.2 149713
1469000 33311.5 60373.4 56024.7 149710
1469500 33333.8 60358.5 56019.7 149712
1470000 33347.8 60329.2 56053.6 149731
1470500 33346.6 60334.3 56083.7 149765
1471000 33368.7 60351.1 56098.1 149818
1471500 33375.5 60328.8 56084.9 149789
1472000 33398.9 60347.5 56114.1 149860
1472500 33402.5 60334.3 56113.8 149851
1473000 33418.1 60356.5 56088.4 149863
1473500 33456.2 60414.5 56118.2 149989
1474000 33487 60439.6 56123.1 150050
1474500 33490.4 60443.4 56152.8 150087
1475000 33521.9 60496.7 56147.2 150166
1475500 33543.4 60537.8 56116.7 150198
1476000 33542.4 60552.2 56098.2 150193
1476500 33558 60572.7 56058.2 150189
1477000 33578.7 60624.5 56028.4 150232
1477500 33605.6 60679.5 56014.7 150300
1478000 33621.6 60712.2 56005.1 150339
1478500 33620.2 60681.1 55998.7 150300
1479000 33623.3 60697.5 55981.6 150302
1479500 33647.7 60716.9 55982.6 150347
1480000 33645.5 60737.5 56016.3 150399
1480500 33665.2 60742.5 56056.2 150464
1481000 33671.6 60794.4 56089.7 150556
1481500 33676.4 60824 56128.2 150629
1482000 33635.5 60841.7 56164.2 150641
1482500 33631 60882.9 56205.4 150719
1483000 33624.3 60947.5 56251.3 150823
1483500 33640.9 60984 56313.7 150939
1484000 33666.6 61052.5 56365.7 151085
1484500 33694.1 61105.9 56384.2 151184
1485000 33724.3 61139.9 56403.3 151267
1485500 33750.2 61181.4 56448.7 151380
1486000 33776.2 61219.6 56469.5 151465
1486500 33778.8 61275.1 56485.1 151539
1487000 33781.2 61329.3 56489.6 151600
1487500 33758 61363.4 56559.6 151681
1488000 33718.6 61387.8 56630 151736
1488500 33697.1 61415.7 56664.4 151777
1489000 33682.5 61444.7 56688 151815
1489500 33677.8 61487 56724.4 151889
1490000 33684.5 61514.9 56736.5 151936
1490500 33680.8 61567.2 56750.9 151999
1491000 33688.1 61613 56766.8 152068
1491500 33718.4 61685.7 56767.1 152171
1492000 33728.7 61735.9 56755.1 152220
1492500 33712.5 61775.5 56722.5 152211
1493000 33725.4 61772.6 56699.3 152197
1493500 33752.1 61798 56713.5 152264
1494000 33756.7 61810.3 56711.2 152278
1494500 33776.5 61813.1 56725.8 152315
1495000 33790.1 61840.5 56710.2 152341
1495500 33814 61856.2 56750.5 152421
1496000 33826.1 61853 56751.2 152430
1496500 33833.3 61863.9 56757.4 152455
1497000 33864.9 61858 56769.4 152492
1497500 33891 61864.8 56789.8 152546
1498000 33926.9 61851.5 56793 152571
1498500 33934.5 61811.7 56781.2 152527
1499000 33962.2 61777.4 56809.4 152549
1499500 33988.3 61741.9 56809.4 152540
1500000 33970 61739.6 56802.5 152512
1500500 33971.3 61729.7 56797.4 152498
1501000 33983.2 61701 56807.1 152491
1501500 34006.5 61712 56821.7 152540
1502000 34037.9 61714 56841.7 152594
1502500 34057.7 61701.5 56879.1 152638
1503000 34091.5 61694.3 56903.2 152689
1503500 34109.9 61693 56926.4 152729
1504000 34117.8 61716.7 56977 152812
1504500 34123.8 61752.6 57014.8 152891
1505000 34129.5 61750.2 56987 152867
1505500 34156.8 61778.6 56971.9 152907
1506000 34153.2 61773.4 56935.9 152862
1506500 34166.2 61764.9 56927.8 152859
1507000 34161.2 61750.7 56932.1 152844
1507500 34176.4 61805.2 56971.9 152954
1508000 34185.5 61792.8 56974.1 152952
1508500 34207.9 61797.3 57037.9 153043
1509000 34210.2 61834.7 57093.9 153139
1509500 34229 61903.1 57160.4 153292
1510000 34215.4 61979.5 57237.5 153432
1510500 34213 62019.8 57276.6 153509
1511000 34203.4 62078.3 57335 153617
1511500 34201.6 62086.1 57389.3 153677
1512000 34194.2 62112.4 57411.6 153718
1512500 34214.8 62159.1 57427.6 153801
1513000 34206.9 62183.6 57437.8 153828
1513500 34197.1 62214.7 57461.5 153873
1514000 34189.7 62241.4 57480 153911
1514500 34197.5 62210.9 57472.8 153881
1515000 34193.4 62225.7 57457.3 153876
1515500 34196.2 62211.6 57423.8 153832
1516000 34193.3 62203 57417.6 153814
1516500 34210.4 62229.9 57437.4 153878
1517000 34237.2 62265.2 57414.9 153917
1517500 34270.5 62284.1 57410.9 153965
1518000 34319 62290.8 57409.7 154020
1518500 34337.6 62336.9 57413.2 154088
1519000 34344.6 62298.8 57451.5 154095
1519500 34365.5 62284 57462.6 154112
1520000 34392.3 62292.1 57474.2 154159
1520500 34415.2 62239.2 57499.7 154154
1521000 34430.9 62211.5 57555.3 154198
1521500 34449.6 62199.7 57602.8 154252
1522000 34446.7 62214.6 57635.9 154297
1522500 34466.6 62200.5 57658.9 154326
1523000 34466.6 62192.1 57688.2 154347
1523500 34446.1 62176.2 57711.3 154334
1524000 34456.6 62122.7 57776.1 154355
1524500 34473.5 62082 57834.2 154390
1525000 34485.1 62071.6 57862.7 154419
1525500 34514.7 62080 57897.5 154492
1526000 34540.6 62121 57888 154550
1526500 34530.6 62137.5 57847.2 154515
1527000 34532.9 62161.9 57845.4 154540
1527500 34518.7 62157.2 57823.1 154499
1528000 34537.3 62155.9 57836.4 154530
1528500 34564.4 62169.1 57824.9 154558
1529000 34590.3 62209.8 57839.8 154640
1529500 34590.9 62253 57870.4 154714
1530000 34583.6 62308.3 57898 154790
1530500 34559.6 62357.3 57949.2 154866
1531000 34558.4 62376.1 57974 154908
1531500 34545.4 62419.4 58006.1 154971
1532000 34554.1 62453.8 58062 155070
1532500 34545.5 62525.2 58082.3 155153
1533000 34562.7 62597.8 58085.9 155246
1533500 34577.6 62667.3 58071.3 155316
1534000 34602 62673.9 58093.1 155369
1534500 34620.3 62643.8 58126.4 155390
1535000 34645.5 62626.5 58151.1 155423
1535500 34687.2 62641.2 58205.5 155534
1536000 34705.5 62673.3 58206 155585
1536500 34691 62691.4 58149.2 155532
1537000 34688.7 62766.6 58135.2 155590
1537500 34695.5 62843.2 58147.1 155686
1538000 34689.2 62926.3 58197.9 155813
1538500 34715.8 63014.8 58234 155965
1539000 34727.2 63081.5 58270 156079
1539500 34726.5 63118.8 58257.4 156103
1540000 34748.8 63151.4 58247.2 156147
1540500 34710.4 63147.2 58242.5 156100
1541000 34671.8 63139.9 58210.2 156022
1541500 34637.5 63157.2 58185.1 155980
1542000 34628.6 63184.4 58189.7 156003
1542500 34629.3 63184.5 58169.6 155983
1543000 34589.8 63208.4 58138.9 155937
1543500 34598 63228.9 58126.8 155954
1544000 34609.3 63242.7 58154.3 156006
1544500 34601.3 63273.7 58164.3 156039
1545000 34629.3 63340 58228.2 156197
1545500 34631.9 63368.1 58298.3 156298
1546000 34666.2 63381.7 58346.4 156394
1546500 34669.1 63423.2 58408.4 156501
1547000 34707.5 63458.7 58454.2 156620
1547500 34734.1 63514.5 58481.9 156731
1548000 34734.3 63556.3 58493.6 156784
1548500 34720.6 63583.6 58522.5 156827
1549000 34731.2 63603.1 58517.8 156852
1549500 34735.4 63616.7 58540.6 156893
1550000 34740.5 63651.6 58575 156967
1550500 34718.9 63665.1 58641 157025
1551000 34697.3 63710.9 58669.3 157078
1551500 34698 63753.4 58689.5 157141
1552000 34709.5 63783.5 58726.7 157220
1552500 34727.2 63845.2 58778.1 157351
1553000 34748.8 63903.7 58781 157434
1553500 34757.2 63932.7 58774.4 157464
1554000 34754.4 63965.6 58784.4 157504
1554500 34755.7 63996.1 58830.7 157582
1555000 34757.5 64050.4 58915.1 157723
1555500 34759.9 64094.5 58969 157823
1556000 34760.8 64176.6 59010.9 157948
1556500 34769.4 64221.7 59051.9 158043
1557000 34755.1 64234 59093.4 158083
1557500 34731.5 64261.6 59085.9 158079
1558000 34697.7 64257.7 59066.1 158021
1558500 34665.7 64301.5 59054.9 158022
1559000 34645.9 64337.3 59060.2 158043
1559500 34628.6 64349.6 59065.1 158043
1560000 34584.7 64370.2 59098.4 158053
1560500 34569.2 64392.9 59094.7 158057
1561000 34551 64415.2 59091 158057
1561500 34508.2 64378.5 59071.8 157958
1562000 34488.8 64373.7 59068.1 157931
1562500 34466 64398 59065.2 157929
1563000 34465.6 64412.4 59051.6 157930
1563500 34461.3 64474.7 59054.4 157990
1564000 34441.7 64510.4 59061.3 158013
1564500 34414.4 64551.1 59093.8 158059
1565000 34404.3 64563.4 59069.7 158037
1565500 34402.9 64563.2 59093.1 158059
1566000 34411.4 64546.2 59117.9 158075
1566500 34434.9 64590.7 59138.9 158165
1567000 34457.5 64645.1 59147.7 158250
1567500 34456.8 64678.7 59152.3 158288
1568000 34429.4 64701.8 59176.7 158308
1568500 34418.1 64709.8 59212.9 158341
1569000 34419.3 64719.1 59258.4 158397
1569500 34397.7 64705.7 59260.5 158364
1570000 34370.7 64703.4 59285.2 158359
1570500 34360.7 64723 59293.4 158377
1571000 34364.8 64721 59328.1 158414
1571500 34346.1 64692.3 59335.4 158374
1572000 34366.2 64688.9 59321.3 158376
1572500 34406.1 64689.3 59332.1 158427
1573000 34419.4 64725.6 59337.5 158482
1573500 34404.3 64769.7 59373.3 158547
1574000 34364.6 64851.3 59401.7 158618
1574500 34342.8 64898.1 59441.8 158683
1575000 34340.4 64914.2 59477.7 158732
1575500 34343.7 64879.2 59499.4 158722
1576000 34305.3 64878.3 59509.8 158693
1576500 34280.7 64894.6 59549.7 158725
1577000 34314.7 64917.4 59642.5 158875
1577500 34370.8 64937.1 59689.4 158997
1578000 34392 64946.6 59686.6 159025
1578500 34418.1 64995 59716.9 159130
1579000 34410.7 65041.5 59742.1 159194
1579500 34415 65073.4 59746.8 159235
1580000 34436.3 65068.5 59743.1 159248
1580500 34460.3 65087.2 59745.7 159293
1581000 34501.9 65089 59765.2 159356
1581500 34508.7 65111.8 59797.8 159418
1582000 34513.8 65117.1 59839.1 159470
1582500 34478.5 65141.6 59847.7 159468
1583000 34483.2 65163.5 59866.1 159513
1583500 34486.8 65174.9 59868.6 159530
1584000 34518.6 65175.9 59888 159582
1584500 34533.3 65156.4 59927.7 159617
1585000 34552 65164.7 59913.6 159630
1585500 34579 65193.4 59903.2 159676
1586000 34604.4 65238.4 59912.6 159755
1586500 34623.8 65237.6 59922.8 159784
1587000 34634 65237.2 59935.3 159806
1587500 34661.5 65261 59965 159888
1588000 34698.2 65292.1 59966.2 159957
1588500 34704 65310.2 59964.6 159979
1589000 34692.6 65347.2 59981.9 160022
1589500 34684.6 65342.9 59954.4 159982
1590000 34680 65377 59920 159977
1590500 34715.2 65398.9 59920.8 160035
1591000 34734.5 65425.3 59942.3 160102
1591500 34733.5 65458.8 59937.9 160130
1592000 34748.4 65484.2 59916 160149
1592500 34755 65511 59901.6 160168
1593000 34770.6 65548.6 59887.6 160207
1593500 34785 65591.2 59869.2 160245
1594000 34798.2 65603 59826.6 160228
1594500 34826.9 65613.9 59771.4 160212
1595000 34862.6 65630.2 59707 160200
1595500 34897.9 65638.5 59647.2 160184
1596000 34922.7 65623.1 59631.6 160177
1596500 34914.2 65591.5 59605.4 160111
1597000 34908.6 65602.4 59594.6 160106
1597500 34918.1 65576.3 59610.4 160105
1598000 34948.7 65618.5 59642.4 160210
1598500 34985.5 65665.1 59677 160328
1599000 35017.4 65715.7 59710.9 160444
1599500 35040.7 65769.9 59756.3 160567
1600000 35034.8 65827.5 59805.8 160668
1600500 35042.9 65847 59845.7 160736
1601000 35029.9 65909.2 59897.6 160837
1601500 35009.1 65974.3 59966.7 160950
1602000 35027.1 66011.1 60015.3 161054
1602500 34988.6 66052.8 60074 161115
1603000 34981.3 66101.4 60124.8 161207
1603500 34960.3 66135.7 60167.6 161264
1604000 34944.3 66185.9 60236.3 161366
1604500 34939.3 66213.2 60298.1 161451
1605000 34942.3 66251.2 60363 161556
1605500 34925.6 66285 60389.3 161600
1606000 34927.1 66311.9 60417.7 161657
1606500 34911.5 66315.2 60446.8 161674
1607000 34886.5 66266.4 60457.5 161610
1607500 34880.8 66227.7 60451.8 161560
1608000 34895.7 66235.3 60431.1 161562
1608500 34900.9 66266.7 60484.1 161652
1609000 34909 66301.8 60528.4 161739
1609500 34914.5 66315.7 60589 161819
1610000 34922.9 66359.5 60565.8 161848
1610500 34933.2 66375.9 60570.5 161880
1611000 34932.9 66397.2 60592.9 161923
1611500 34947.8 66385.6 60661.3 161995
1612000 34979.3 66396.2 60704.7 162080
1612500 34991.2 66393.6 60758.8 162144
1613000 34998.5 66421.2 60788.2 162208
1613500 35039.5 66444.7 60770.2 162254
1614000 35049 66472.4 60779.5 162301
1614500 35028.2 66456.4 60803.8 162288
1615000 35030.1 66463.5 60824.8 162318
1615500 35012.2 66495.5 60832.7 162340
1616000 34985.8 66525.8 60845.9 162357
1616500 34964.6 66545.1 60883.4 162393
1617000 34940.2 66574.2 60906.6 162421
1617500 34942.3 66617.6 60928.1 162488
1618000 34955.4 66670.3 60970.4 162596
1618500 34975.2 66740.9 60981.9 162698
1619000 34964 66774.1 60959.3 162697
1619500 34984.3 66766.3 60931.3 162682
1620000 35022.3 66765.8 60892.5 162681
1620500 35047.8 66780.8 60882 162711
1621000 35043.9 66789.4 60870.3 162704
1621500 35028.7 66793.9 60825.9 162648
1622000 35007.5 66818.4 60827.9 162654
1622500 34995.3 66834.7 60864.8 162695
1623000 34973.9 66847.2 60883.9 162705
1623500 34980.1 66879.4 60885.8 162745
1624000 34967.6 66878.9 60920 162766
1624500 34973.5 66908.6 60932.5 162815
1625000 34968.4 66902 60990.8 162861
1625500 34986.1 66928.8 61014.8 162930
1626000 35010.2 66971.1 61042.3 163024
1626500 35030.8 66983.4 61070 163084
1627000 35055.8 67013.5 61115.9 163185
1627500 35050.6 67022.9 61140.3 163214
1628000 35067.1 67053.7 61168 163289
1628500 35096.8 67090.3 61234.1 163421
1629000 35114.5 67101.1 61324.2 163540
1629500 35134 67122.1 61409.1 163665
1630000 35163.7 67168.1 61507.6 163839
1630500 35200.7 67166.9 61601.1 163969
1631000 35232 67167.4 61666.1 164065
1631500 35297.7 67166 61714.9 164178
1632000 35331.4 67181.3 61773.4 164286
1632500 35378.3 67219.3 61821.9 164419
1633000 35407.1 67263.4 61902.8 164573
1633500 35451.6 67254.4 61991.5 164698
1634000 35471.8 67231.6 62048.1 164752
1634500 35485.7 67251 62088.4 164825
1635000 35519 67280.7 62127.4 164927
1635500 35555.3 67315.3 62181.2 165052
1636000 35577.4 67319.2 62199.3 165096
1636500 35601.7 67346.2 62216.3 165164
1637000 35615.3 67388.4 62208.6 165212
1637500 35627 67398.4 62203.5 165229
1638000 35636.9 67390.3 62246.3 165274
1638500 35631.5 67377 62258.7 165267
1639000 35616.5 67399.8 62247.3 165264
1639500 35608.6 67392.4 62267.5 165269
1640000 35587.7 67411.5 62321.3 165320
1640500 35567.9 67442.7 62369 165380
1641000 35574.4 67477.9 62383.8 165436
1641500 35562.7 67471.9 62400.1 165435
1642000 35588.9 67444.6 62383.2 165417
1642500 35607.3 67430.1 62395.9 165433
1643000 35620.1 67434 62409.2 165463
1643500 35641.6 67458.6 62457.6 165558
1644000 35642.5 67469.1 62456 165568
1644500 35679.2 67505.8 62488.7 165674
1645000 35728.4 67538 62513 165779
1645500 35745.3 67570 62538.4 165854
1646000 35764.5 67613 62557 165935
1646500 35783.6 67636.9 62570 165990
1647000 35817.2 67655.3 62590.2 166063
1647500 35828.5 67664.6 62640.5 166134
1648000 35855.8 67698.9 62694.4 166249
1648500 35846 67703.3 62749.6 166299
1649000 35832.9 67716 62821.6 166371
1649500 35822 67781 62905.3 166508
1650000 35813.5 67823.2 62936.4 166573
1650500 35807.5 67887 62947.7 166642
1651000 35806.2 67928.8 62961.3 166696
1651500 35836.5 67952.8 62908.1 166697
1652000 35848.4 67974 62924.1 166746
1652500 35866.2 67996.8 62921.7 166785
1653000 35865.4 68043 62946.4 166855
1653500 35857.3 68062 62973 166892
1654000 35845.2 68078.3 62987.6 166911
1654500 35830 68107.8 63000 166938
1655000 35800.8 68168.2 63001 166970
1655500 35798.6 68179.2 63017 166995
1656000 35805.2 68162.3 63058.7 167026
1656500 35813.3 68130.6 63046 166990
1657000 35824.2 68102.7 63027.7 166955
1657500 35819.5 68091.4 63002.7 166914
1658000 35820.1 68096.4 63015.6 166932
1658500 35844.9 68095.1 62998.3 166938
1659000 35870.3 68104 62994.6 166969
1659500 35901.9 68120.6 63009 167031
1660000 35945.3 68131.4 63047.4 167124
1660500 35981.6 68148.3 63055.5 167185
1661000 36000.5 68160 63056.3 167217
1661500 36018.8 68180 63066.5 167265
1662000 36012.7 68170.6 63076.9 167260
1662500 36017.1 68146.8 63102.3 167266
1663000 36001.3 68167.3 63110.7 167279
1663500 35989.2 68187.2 63130.2 167307
1664000 36019.7 68210.9 63130.5 167361
1664500 36022.9 68248.9 63139.9 167412
1665000 36019 68244.5 63162.3 167426
1665500 36021.8 68257.5 63189.1 167468
1666000 36012.4 68292.7 63189.6 167495
1666500 35982 68299.6 63200 167482
1667000 35952.4 68340.7 63179.7 167473
1667500 35943.8 68401 63160.5 167505
1668000 35953.3 68413.3 63172.3 167539
1668500 35960.6 68389 63168.6 167518
1669000 35961.2 68389.7 63189.9 167541
1669500 35942.6 68376.5 63190 167509
1670000 35938.9 68384 63193.5 167516
1670500 35956.7 68372.5 63214.7 167544
1671000 35983.6 68355.8 63262.2 167602
1671500 35990.4 68333.9 63358.9 167683
1672000 35996.4 68326.9 63427.9 167751
1672500 35977.2 68352.8 63497.3 167827
1673000 35979.3 68335 63555.7 167870
1673500 35987.9 68346.5 63535 167869
1674000 36000.5 68354.8 63600.1 167955
1674500 36012.6 68364.6 63641.9 168019
1675000 36027.9 68359.3 63667.3 168055
1675500 36053.6 68403.7 63698.8 168156
1676000 36082.9 68421.5 63713.6 168218
1676500 36098.6 68432.1 63695 168226
1677000 36130.9 68467.1 63721.8 168320
1677500 36152 68480 63752.3 168384
1678000 36182.9 68518.4 63764.2 168465
1678500 36208.6 68593.1 63783.4 168585
1679000 36216.4 68622.8 63775 168614
1679500 36214.8 68624.1 63739.4 168578
1680000 36207.5 68634.3 63750.5 168592
1680500 36213.6 68691.1 63776.7 168681
1681000 36251.8 68732.4 63783.5 168768
1681500 36297.9 68739.5 63821.1 168858
1682000 36326.7 68750.1 63839.7 168917
1682500 36356.3 68741.6 63850.3 168948
1683000 36390.3 68736.2 63896.4 169023
1683500 36410.6 68793 63907 169111
1684000 36430.4 68845.4 63961.3 169237
1684500 36467.5 68853.2 63980.7 169301
1685000 36512.7 68866.6 63992.1 169371
1685500 36556.9 68875.6 63981.7 169414
1686000 36562.6 68866.8 63965.1 169394
1686500 36553.3 68863.2 63973 169389
1687000 36587.6 68883.2 64005.3 169476
1687500 36601.5 68904.8 64019.4 169526
1688000 36625.8 68880.7 64041.1 169548
1688500 36628.6 68867.9 64114.9 169611
1689000 36646.7 68890.5 64161.1 169698
1689500 36654.5 68882.9 64188.1 169726
1690000 36662.7 68897.1 64224.7 169785
1690500 36688.3 68933.3 64212.6 169834
1691000 36699.1 68980.4 64233.6 169913
1691500 36735.1 69044.3 64256.7 170036
1692000 36787.8 69085.1 64286 170159
1692500 36822.8 69123.7 64307 170254
1693000 36853.4 69160.6 64339.4 170353
1693500 36865.3 69227.6 64384.8 170478
1694000 36863.9 69260.6 64435.2 170560
1694500 36840.1 69309.2 64490.6 170640
1695000 36834.2 69305.2 64560.8 170700
1695500 36812.8 69336.5 64603.7 170753
1696000 36817.3 69342.8 64677.9 170838
1696500 36836.4 69348.6 64727.8 170913
1697000 36854.1 69365.1 64753 170972
1697500 36858.1 69420.3 64724 171002
1698000 36872.9 69470.7 64721.4 171065
1698500 36870.3 69464 64698.3 171033
1699000 36883 69512.2 64713 171108
1699500 36894.1 69521.4 64716.4 171132
1700000 36895.8 69505.9 64721.3 171123
1700500 36913.3 69510.6 64722.9 171147
1701000 36953.3 69483.3 64738.3 171175
1701500 36956.5 69496 64732.4 171185
1702000 36966.8 69537.1 64770.7 171275
1702500 36959 69558.2 64848 171365
1703000 36953.1 69574.1 64928.9 171456
1703500 36955.1 69610.2 64976.8 171542
1704000 36942.1 69647.7 65030.6 171620
1704500 36957.6 69683 65099.3 171740
1705000 36964.5 69727.5 65165.6 171858
1705500 36990.8 69734.2 65232.4 171957
1706000 37029.3 69758.3 65301.9 172089
1706500 37015.3 69789 65383.9 172188
1707000 37010.1 69787 65489.7 172287
1707500 37004.1 69845.4 65537 172387
1708000 36990.5 69884.6 65596.9 172472
1708500 37013.5 69923.5 65638.1 172575
1709000 36999.5 69902.5 65667.7 172570
1709500 36999.6 69928.2 65683 172611
1710000 36976 69943.7 65717.6 172637
1710500 36981.2 69967.6 65759 172708
1711000 36990.6 69978.6 65780.5 172750
1711500 36999.6 70031.5 65796.8 172828
1712000 37013.4 70069.1 65827.3 172910
1712500 37025.5 70073.3 65843 172942
1713000 37052.4 70086.1 65854.8 172993
1713500 37061.1 70131.3 65901.9 173094
1714000 37071.2 70157.4 65944 173173
1714500 37054 70165.1 65980.7 173200
1715000 37041.7 70198.4 66025.7 173266
1715500 37023.1 70239.7 66092.4 173355
1716000 37022.9 70311 66161.5 173495
1716500 37065.9 70349.2 66203.5 173619
1717000 37054.4 70379.5 66256 173690
1717500 37058.4 70383 66336 173777
1718000 37039.7 70372.5 66376.4 173789
1718500 37017.3 70350.3 66416.8 173784
1719000 37026.3 70342.9 66437.6 173807
1719500 37044 70341.1 66466.7 173852
1720000 37061 70359.9 66522.7 173944
1720500 37056.5 70395.2 66560.6 174012
1721000 37053.4 70453.2 66599.1 174106
1721500 37058.3 70504.5 66647.8 174211
1722000 37059.1 70505.8 66660.6 174226
1722500 37076.8 70567.5 66640.3 174285
1723000 37094.7 70618.9 66626.8 174340
1723500 37086.3 70662.1 66635.2 174384
1724000 37102.2 70749.5 66612 174464
1724500 37093.5 70827.7 66620.8 174542
1725000 37071.7 70874.7 66625.9 174572
1725500 37043.8 70890.1 66612.6 174546
1726000 37045.3 70915 66587.2 174548
1726500 37042.3 70917.6 66586.4 174546
1727000 37022.6 70938.2 66586.8 174548
1727500 37004.7 70973.6 66567.6 174546
1728000 36972 71042.8 66563.6 174578
1728500 36971 71095.1 66588.3 174654
1729000 36980.2 71105.5 66577.4 174663
1729500 37000.1 71154.6 66615.1 174770
1730000 37014 71178.6 66651.9 174845
1730500 37038.2 71197.9 66704.2 174940
1731000 37066.9 71255.1 66757.3 175079
1731500 37072 71328.2 66805.5 175206
1732000 37073.9 71364.5 66837.6 175276
1732500 37056.3 71410.9 66872.2 175339
1733000 37065.1 71434.9 66881.5 175381
1733500 37098.2 71463.8 66892.9 175455
1734000 37140.6 71480.5 66928.7 175550
1734500 37171.3 71495.5 66987.7 175654
1735000 37152.5 71542.5 67012.4 175707
1735500 37138.6 71580.6 67057.3 175776
1736000 37113 71612.4 67091.4 175817
1736500 37087.6 71615.3 67139 175842
1737000 37091.5 71633.9 67204.9 175930
1737500 37077 71656.8 67230.9 175965
1738000 37047.7 71709.5 67248.4 176006
1738500 37026.6 71754.1 67274.6 176055
1739000 37029.7 71817.8 67317.4 176165
1739500 37030.3 71864.5 67377.9 176273
1740000 37014.2 71896.6 67372.5 176283
1740500 37023.9 71933.6 67380.3 176338
1741000 37042.2 71978.8 67410.2 176431
1741500 37007.4 72040.7 67439.7 176488
1742000 37005.4 72081.7 67448.8 176536
1742500 37038.8 72083.6 67443.7 176566
1743000 37066.2 72134.3 67419 176620
1743500 37114.4 72194.1 67453.4 176762
1744000 37141.2 72222.3 67478.9 176842
1744500 37169 72243.9 67493.9 176907
1745000 37204.9 72265.9 67530.3 177001
1745500 37221.9 72283.4 67563.6 177069
1746000 37210.9 72334.1 67589.6 177135
1746500 37232.6 72425.6 67601.5 177260
1747000 37255.1 72494.1 67610 177359
1747500 37281.1 72517.4 67620.2 177419
1748000 37322.1 72533.4 67627.7 177483
1748500 37367.4 72555.9 67649.5 177573
1749000 37407.3 72583.1 67664.7 177655
1749500 37448.1 72616.6 67707.3 177772
1750000 37478.9 72612.2 67755.4 177846
1750500 37493.5 72659.6 67754.5 177908
1751000 37488.7 72661.9 67780 177931
1751500 37520.9 72665.5 67786.6 177973
1752000 37542.8 72693.6 67788 178024
1752500 37568 72718.1 67825.5 178112
1753000 37599.4 72741.9 67852 178193
1753500 37615.8 72792.7 67867 178275
1754000 37644.2 72854.3 67902.3 178401
1754500 37647.8 72887.1 67924.1 178459
1755000 37667.9 72914.6 67940.8 178523
1755500 37673 72945.1 67949.9 178568
1756000 37704.4 72992.4 67954 178651
1756500 37717.9 72994.4 67913.2 178626
1757000 37737.9 73009.1 67916.4 178663
1757500 37737.6 73053.9 67937.3 178729
1758000 37735.1 73062.9 67955 178753
1758500 37716.3 73073.4 67976.9 178767
1759000 37706.2 73095.4 68021.7 178823
1759500 37699.7 73120.8 68074.3 178895
1760000 37677 73125.7 68110.3 178913
1760500 37662.2 73154.8 68170.5 178987
1761000 37648.5 73188.4 68210.6 179048
1761500 37652.5 73191.3 68237 179081
1762000 37652.7 73209.5 68281 179143
1762500 37684.9 73206.1 68292.9 179184
1763000 37717.5 73184.8 68351.9 179254
1763500 37731 73192.1 68419.1 179342
1764000 37737.4 73247.1 68479.3 179464
1764500 37753.9 73291.8 68500.8 179546
1765000 37775.2 73339.3 68564.8 179679
1765500 37791 73374.3 68606.9 179772
1766000 37799.1 73410.8 68641.7 179852
1766500 37818.3 73429 68696.6 179944
1767000 37835.1 73450.1 68727.1 180012
1767500 37836.9 73485.7 68765.8 180088
1768000 37839.3 73527.8 68807.1 180174
1768500 37853.1 73564.2 68774.8 180192
1769000 37902 73594.6 68730.9 180228
1769500 37922.2 73648.2 68681.1 180252
1770000 37942.5 73724 68685 180351
1770500 37930.1 73751.8 68708.5 180390
1771000 37930.7 73832.1 68766.4 180529
1771500 37944.6 73867.1 68769.9 180582
1772000 37950 73876.9 68758.7 180586
1772500 37971.4 73892.3 68778.8 180643
1773000 37967.4 73891.2 68827.8 180686
1773500 37980.8 73933.8 68887.3 180802
1774000 37995.5 73982.5 68934.1 180912
1774500 37989.4 74017.7 68962.9 180970
1775000 37974.4 74056.1 69013.9 181044
1775500 37976.2 74110.7 69077.3 181164
1776000 37964.9 74104.5 69105.6 181175
1776500 37955.3 74122.9 69138 181216
1777000 37960.8 74109.7 69173.3 181244
1777500 37983.7 74126.3 69192.1 181302
1778000 37998.4 74126.1 69169.3 181294
1778500 38001.2 74110.8 69140.7 181253
1779000 38013.9 74107.9 69129.9 181252
1779500 37997.5 74121.1 69117 181236
1780000 37976.6 74117.1 69099.4 181193
1780500 37991.5 74144.7 69101.8 181238
1781000 37952.2 74177.5 69073.6 181203
1781500 37880.1 74214.7 69060.7 181155
1782000 37829.2 74273.5 69078.1 181181
1782500 37816.6 74309.7 69105.3 181232
1783000 37805.1 74360.8 69116.2 181282
1783500 37790.5 74386.9 69154.4 181332
1784000 37799.5 74409.7 69223.7 181433
1784500 37815.6 74432.3 69269.4 181517
1785000 37857.5 74466 69297.6 181621
1785500 37906.1 74516.4 69324.5 181747
1786000 37931 74544.3 69347 181822
1786500 37972.1 74567 69345.8 181885
1787000 37968.4 74583.3 69369.4 181921
1787500 37934.3 74600.6 69409.4 181944
1788000 37952.2 74630.3 69449.7 182032
1788500 37980.8 74658.2 69520 182159
1789000 38007.3 74708.6 69609.3 182325
1789500 38016.6 74705.9 69650 182373
1790000 38030.4 74726.5 69691.5 182448
1790500 38063.3 74793.4 69732 182589
1791000 38102.6 74828.4 69752.2 182683
1791500 38144.9 74868.9 69787 182801
1792000 38138.6 74913.5 69793.9 182846
1792500 38149.6 74961 69794.1 182905
1793000 38142.2 74927.6 69808.3 182878
1793500 38156.1 74933.9 69844.2 182934
1794000 38194.7 74889.2 69896 182980
1794500 38244.1 74885.5 69950.2 183080
1795000 38265.5 74880.3 69960.7 183107
1795500 38294 74882.9 69977.1 183154
1796000 38347.9 74900.3 69981.2 183229
1796500 38358.4 74919.2 70003 183281
1797000 38340.2 74884.8 70044.4 183269
1797500 38351.9 74860.9 70060.8 183274
1798000 38378.8 74838.9 70124.8 183342
1798500 38389.5 74825.8 70140.8 183356
1799000 38420.8 74826.1 70177.1 183424
1799500 38429.6 74829.9 70226.6 183486
1800000 38412.2 74830.8 70243.4 183486
1800500 38414.4 74844.3 70245.1 183504
1801000 38409.8 74776.3 70235.2 183421
1801500 38405.8 74746.1 70232.1 183384
1802000 38359.5 74742 70233.3 183335
1802500 38311.5 74772.9 70230.2 183315
1803000 38264.2 74805.5 70221.1 183291
1803500 38243 74796.8 70247.8 183288
1804000 38240.1 74803 70306 183349
1804500 38231.8 74837.6 70333.5 183403
1805000 38236.3 74894 70339.8 183470
1805500 38211.1 74985.8 70342.7 183540
1806000 38191.2 75066.2 70342.3 183600
1806500 38183.4 75172.3 70355.2 183711
1807000 38193.5 75287.2 70380 183861
1807500 38224.7 75331.4 70415.6 183972
1808000 38263.5 75337.3 70453.4 184054
1808500 38260.8 75319.2 70475 184055
1809000 38264.7 75360.2 70516.4 184141
1809500 38288.7 75372.9 70542.6 184204
1810000 38304.9 75426.6 70553.5 184285
1810500 38325.4 75532.7 70567.8 184426
1811000 38317.6 75591.5 70597.7 184507
1811500 38305.6 75633.9 70619.3 184559
1812000 38279.9 75721.7 70635.7 184637
1812500 38297.6 75813.1 70654.3 184765
1813000 38299.1 75907.6 70644.5 184851
1813500 38318.6 75952.8 70642.3 184914
1814000 38349.1 76017.2 70655.5 185022
1814500 38378.6 76065.8 70727.2 185172
1815000 38376.5 76102.1 70806 185285
1815500 38405 76128.4 70847.3 185381
1816000 38433.1 76185.7 70847.7 185466
1816500 38442 76211.2 70852.6 185506
1817000 38445.3 76196.9 70869.4 185512
1817500 38472.8 76192.9 70904 185570
1818000 38489.3 76197.2 70931.2 185618
1818500 38488.8 76246.1 70991.1 185726
1819000 38452.2 76254.3 71012.2 185719
1819500 38423.9 76278.5 70980.7 185683
1820000 38415.7 76322.1 70967.9 185706
1820500 38386 76359.4 70947.5 185693
1821000 38351.4 76400.9 70927.4 185680
1821500 38345.7 76450.7 70927.6 185724
1822000 38329.4 76464.4 70954.6 185748
1822500 38363.9 76510.3 70988.6 185863
1823000 38373 76543 71038.1 185954
1823500 38395.7 76573.4 71074.9 186044
1824000 38417.8 76624.5 71066.5 186109
1824500 38448.4 76632.3 71029.7 186110
1825000 38452.4 76643.3 70987.2 186083
1825500 38455.2 76641.4 70935.6 186032
1826000 38454.4 76668.5 70912.2 186035
1826500 38484.4 76684.8 70914.5 186084
1827000 38520.1 76717.6 70941.2 186179
1827500 38522.9 76706.1 70980.4 186209
1828000 38545.5 76691.7 71021.9 186259
1828500 38542.3 76721.9 71010.4 186275
1829000 38548.2 76725.9 71015 186289
1829500 38535.2 76752.4 71040.8 186328
1830000 38527.1 76769.7 71047.5 186344
1830500 38513.5 76754.2 71050.5 186318
1831000 38503.5 76751.3 71108.3 186363
1831500 38520.4 76755.3 71166 186442
1832000 38564 76772.1 71208.3 186544
1832500 38594.5 76792.2 71215.7 186602
1833000 38616.7 76811.6 71225.8 186654
1833500 38643 76849.5 71286.1 186779
1834000 38648.8 76860.1 71326 186835
1834500 38641.4 76876 71399.6 186917
1835000 38637.3 76940.1 71497.7 187075
1835500 38652.2 76965.2 71554.8 187172
1836000 38662.2 76967.2 71611.6 187241
1836500 38683.9 76996.2 71658.9 187339
1837000 38687.7 77019.2 71724.3 187431
1837500 38704.2 77028.5 71762.7 187495
1838000 38726 77004.5 71756.5 187487
1838500 38747.6 77039.2 71757.1 187544
1839000 38776.2 77043.7 71761.7 187582
1839500 38797.9 77073.7 71759 187631
1840000 38828.3 77145.1 71757.8 187731
1840500 38849.5 77214.4 71800 187864
1841000 38888.5 77268.1 71834.1 187991
1841500 38931.4 77304.5 71880.2 188116
1842000 38973.3 77357.5 71912.4 188243
1842500 39013.8 77390 71976.6 188380
1843000 39038.1 77387.8 72021.3 188447
1843500 39064.3 77431.1 72052.1 188548
1844000 39071.9 77440.6 72057.6 188570
1844500 39078.7 77426.4 72106.6 188612
1845000 39095.6 77426.7 72158.7 188681
1845500 39097.1 77428.8 72212.4 188738
1846000 39094.2 77454.3 72263.2 188812
1846500 39114.1 77447.6 72327.2 188889
1847000 39114.1 77458 72380.8 188953
1847500 39095.1 77468.1 72423.4 188987
1848000 39071.1 77494.7 72404.5 188970
1848500 39059.6 77556.8 72394.3 189011
1849000 39048.1 77640 72378.9 189067
1849500 39031.2 77714.3 72388.1 189134
1850000 39033.2 77734.7 72396 189164
1850500 39019.2 77742.6 72379.4 189141
1851000 38989.5 77743.8 72392.4 189126
1851500 38999.6 77755.6 72416.4 189172
1852000 39037.6 77803.9 72456.3 189298
1852500 39067.8 77864.7 72496.8 189429
1853000 39098.2 77894.5 72536 189529
1853500 39118.6 77939.5 72612.7 189671
1854000 39146.7 78009.8 72678.4 189835
1854500 39169.9 78045.1 72729.8 189945
1855000 39181.4 78096.7 72782.7 190061
1855500 39195.7 78137.7 72813.7 190147
1856000 39186.3 78157.4 72862.5 190206
1856500 39173.8 78186.2 72897.9 190258
1857000 39180.1 78201.8 72898.9 190281
1857500 39191.7 78240.4 72895.7 190328
1858000 39204.1 78205.5 72880.1 190290
1858500 39198.4 78174.1 72898.3 190271
1859000 39221.9 78183.4 72912.3 190318
1859500 39243.1 78194.2 72933 190370
1860000 39238.6 78258.9 72934.6 190432
1860500 39214.4 78274.9 72916.5 190406
1861000 39231.4 78342.6 72890.5 190465
1861500 39249.4 78361.2 72876.5 190487
1862000 39263.4 78404.2 72897.8 190565
1862500 39311.6 78428.8 72922.2 190663
1863000 39340.5 78469.7 72904.8 190715
1863500 39363.5 78509.5 72933.6 190807
1864000 39372.2 78540.3 72899.8 190812
1864500 39418.3 78607.8 72856.8 190883
1865000 39459.3 78627.9 72833.7 190921
1865500 39488.3 78622.1 72782.5 190893
1866000 39519.8 78605.5 72730.2 190856
1866500 39557.4 78628 72708.2 190894
1867000 39572.7 78638.6 72712.3 190923
1867500 39628.8 78629.5 72724.5 190983
1868000 39669.2 78649.2 72723 191041
1868500 39708.5 78664.3 72766.8 191140
1869000 39730.8 78672.6 72810.3 191214
1869500 39779.7 78738.6 72827 191345
1870000 39791.5 78809.9 72874.9 191476
1870500 39801.2 78874 72910.8 191586
1871000 39816.6 78944.9 72945.5 191707
1871500 39844.4 79021.5 72982.2 191848
1872000 39861.7 79075.9 73027 191965
1872500 39876.4 79097.5 73064.5 192038
1873000 39893.2 79127.8 73102.1 192123
1873500 39907.2 79162.3 73111.1 192181
1874000 39919.1 79240.1 73078.3 192238
1874500 39927.7 79293.9 73065.2 192287
1875000 39955.7 79325.7 73062.5 192344
1875500 40019.1 79330.9 73100.1 192450
1876000 40033.3 79300.1 73084.4 192418
1876500 40066.1 79309.9 73129.3 192505
1877000 40110.3 79336.1 73140.6 192587
1877500 40172.8 79322.1 73163.3 192658
1878000 40239.4 79326.6 73196.8 192763
1878500 40296.2 79353.1 73212 192861
1879000 40376.4 79381.3 73193.6 192951
1879500 40424.2 79395.1 73181.4 193001
1880000 40457.8 79427.2 73160.9 193046
1880500 40479.4 79469.2 73164.9 193114
1881000 40460.7 79452.3 73202.5 193116
1881500 40432.8 79426.9 73259.1 193119
1882000 40430.6 79456.2 73298.8 193186
1882500 40452.7 79483.2 73334.7 193271
1883000 40455.3 79479.4 73414 193349
1883500 40451.2 79510.1 73472.3 193434
1884000 40444.9 79576.9 73504.6 193526
1884500 40485.8 79643.2 73561.2 193690
1885000 40516.6 79661.1 73589.3 193767
1885500 40582.8 79692.5 73628.2 193904
1886000 40601.3 79706.5 73656 193964
1886500 40632.4 79737.2 73747.5 194117
1887000 40669.5 79801.8 73780.9 194252
1887500 40690 79878.1 73814.2 194382
1888000 40707.3 79933.3 73864.8 194505
1888500 40746.1 79976.7 73876.2 194599
1889000 40742 79995.2 73899.9 194637
1889500 40766.1 80007.4 73914.1 194687
1890000 40792.2 80019.2 73939 194750
1890500 40818.2 80033.2 73994.5 194846
1891000 40831.8 80026.6 73993.3 194852
1891500 40869.2 79999.6 73985.6 194854
1892000 40904 80004.5 73989.1 194898
1892500 40919.8 80043.2 74022.6 194985
1893000 40947.9 80033.8 74054.9 195037
1893500 40965.8 80010.5 74071 195047
1894000 40994.8 80032.5 74075.2 195102
1894500 41036.7 80062.3 74070 195169
1895000 41013.8 80103.7 74072.1 195190
1895500 41016.6 80138.5 74056.3 195212
1896000 41048.6 80157.7 74052.8 195259
1896500 41028.7 80136.9 74066.1 195232
1897000 41050.7 80144.5 74112.6 195308
1897500 41071.1 80218.1 74125.7 195415
1898000 41094.1 80216.6 74136.3 195447
1898500 41108 80256.5 74143.3 195508
1899000 41105.2 80319.7 74118.5 195543
1899500 41144.2 80428.9 74125.1 195698
1900000 41174 80484.1 74128.2 195786
1900500 41216.8 80538.6 74151.6 195907
1901000 41245.6 80579.3 74158.9 195984
1901500 41290.7 80664.7 74196.7 196152
1902000 41302.9 80754.5 74218.6 196276
1902500 41307.8 80837 74231.6 196376
1903000 41288.4 80880.5 74247.5 196416
1903500 41282.2 80896.4 74231.7 196410
1904000 41322.3 80940.7 74204.6 196468
1904500 41329.3 80991.4 74199.6 196520
1905000 41328.5 81019.9 74173.9 196522
1905500 41314.9 81058.2 74165.9 196539
1906000 41334.7 81126 74151.9 196613
1906500 41323.2 81163.7 74159.8 196647
1907000 41305.2 81225.9 74158.1 196689
1907500 41274 81277.5 74164.7 196716
1908000 41268.3 81307.5 74177 196753
1908500 41274.5 81354.2 74176 196805
1909000 41271.3 81393.1 74201.4 196866
1909500 41289.1 81419.8 74250.7 196960
1910000 41301.2 81487.6 74305 197094
1910500 41345.2 81555.6 74357.4 197258
1911000 41371.1 81633.8 74367.3 197372
1911500 41392.6 81741.7 74392.8 197527
1912000 41406 81852 74440.6 197699
1912500 41424 81905.9 74512.4 197842
1913000 41419.8 81944.4 74508.9 197873
1913500 41411.4 81934 74536.3 197882
1914000 41450.8 81920.7 74499.8 197871
1914500 41473.3 81909 74489.5 197872
1915000 41516.4 81908.2 74474.5 197899
1915500 41574.4 81897.5 74462 197934
1916000 41621.5 81894.3 74393.1 197909
1916500 41627.9 81868.1 74384.4 197880
1917000 41652 81837.1 74380.9 197870
1917500 41675.9 81797.5 74357.1 197831
1918000 41710.9 81787.7 74353.2 197852
1918500 41720.9 81793.7 74394.1 197909
1919000 41718.3 81832.2 74426.8 197977
1919500 41732.6 81830.7 74441.6 198005
1920000 41707.8 81870.5 74446 198024
1920500 41705 81901 74458.4 198064
1921000 41676.3 81946.2 74458.8 198081
1921500 41641.7 81947 74444.3 198033
1922000 41649.5 81974.5 74453.6 198078
1922500 41670.1 81992.2 74437.1 198099
1923000 41668.9 82032.2 74456 198157
1923500 41686.8 82081 74495.2 198263
1924000 41738.7 82101.7 74529.6 198370
1924500 41790.5 82131.3 74572.3 198494
1925000 41823.7 82151.6 74592.5 198568
1925500 41880.4 82217.8 74649.7 198748
1926000 41931.9 82242.5 74712.4 198887
1926500 41967.8 82286.6 74720.5 198975
1927000 41972.6 82349.2 74737.5 199059
1927500 41945 82378.4 74780.7 199104
1928000 41955.8 82389.2 74819.7 199165
1928500 41956.3 82381 74820.5 199158
1929000 41929.8 82348.6 74853.8 199132
1929500 41913.8 82342 74891.5 199147
1930000 41928.1 82354 74923.2 199205
1930500 41931.7 82369.8 74912 199214
1931000 41923 82384.7 74927.4 199235
1931500 41930.2 82373.4 74950.1 199254
1932000 41938.8 82374.3 74981.5 199295
1932500 41958.8 82359.9 75005.5 199324
1933000 41937.3 82376.9 75082.3 199397
1933500 41936.7 82363.9 75143.4 199444
1934000 41951 82387.9 75143.9 199483
1934500 41960.4 82427.6 75138.6 199527
1935000 42008 82452.5 75186.8 199647
1935500 42061.7 82432.1 75171.3 199665
1936000 42114 82452.8 75168.4 199735
1936500 42153.4 82446 75172.6 199772
1937000 42176.2 82453.8 75184.8 199815
1937500 42217.5 82496.3 75171.8 199886
1938000 42258.3 82551.8 75147.7 199958
1938500 42286 82569.6 75123.8 199979
1939000 42299.1 82561.2 75123 199983
1939500 42330.9 82553.6 75129 200014
1940000 42370.3 82536.4 75130.4 200037
1940500 42372.7 82577.6 75133.4 200084
1941000 42411.2 82620.9 75125.9 200158
1941500 42434.5 82584 75111.3 200130
1942000 42455.6 82562.5 75095.3 200113
1942500 42459.9 82566.6 75123.3 200150
1943000 42478.9 82559.7 75132.8 200171
1943500 42495.3 82566 75130.9 200192
1944000 42516.8 82565.4 75145.7 200228
1944500 42524.2 82562.7 75143.2 200230
1945000 42522.9 82513.1 75139.9 200176
1945500 42511.2 82507.4 75174.2 200193
1946000 42521.3 82501 75225.6 200248
1946500 42553.5 82533.7 75229.3 200317
1947000 42558 82571.8 75240.7 200371
1947500 42569.2 82611 75240.2 200420
1948000 42554.4 82597 75226.6 200378
1948500 42531.9 82603.5 75252 200388
1949000 42538.5 82576.7 75247.7 200363
1949500 42516.7 82559.7 75265.1 200341
1950000 42495.3 82570.7 75284.2 200350
1950500 42488.5 82528.9 75320.1 200337
1951000 42487.7 82550.4 75341.9 200380
1951500 42493.9 82562.5 75388 200444
1952000 42495 82548.5 75438.2 200482
1952500 42496.2 82590.6 75468.3 200555
1953000 42533.5 82624.4 75520.4 200678
1953500 42552.4 82671.3 75558.2 200782
1954000 42584.9 82684.8 75594.3 200864
1954500 42604.4 82734.2 75601 200940
1955000 42611.5 82762.2 75619.5 200993
1955500 42628 82802.6 75653.8 201084
1956000 42652 82764.1 75655.2 201071
1956500 42643.3 82718.3 75694.8 201056
1957000 42637.2 82718.7 75692.1 201048
1957500 42641.1 82686.3 75668.7 200996
1958000 42639.1 82652.2 75654.1 200946
1958500 42673.1 82677 75634.4 200984
1959000 42685.5 82618.1 75605.6 200909
1959500 42720.8 82555.6 75585.7 200862
1960000 42739.5 82521.4 75584.6 200845
1960500 42767.7 82496.7 75582.6 200847
1961000 42820.8 82455.1 75581.5 200857
1961500 42851.3 82485.2 75610.3 200947
1962000 42889.9 82530.4 75642 201062
1962500 42929.3 82576.1 75652.4 201158
1963000 42961.9 82611.9 75669.1 201243
1963500 42990.5 82678.2 75694.4 201363
1964000 43010.6 82734.8 75721.2 201467
1964500 43025.2 82757.7 75709.9 201493
1965000 43030.1 82791.2 75732.6 201554
1965500 43024 82846.7 75745.3 201616
1966000 43012 82953.4 75722.3 201688
1966500 42991.7 83018.6 75763 201773
1967000 42977.1 83088.8 75765.7 201832
1967500 42992.3 83144.7 75746.9 201884
1968000 43017.3 83219.8 75761.1 201998
1968500 43042.5 83267.6 75750 202060
1969000 43076.9 83316.3 75768.2 202161
1969500 43065.6 83344 75802.8 202212
1970000 43072.8 83426.8 75855.4 202355
1970500 43093.2 83505.5 75866.6 202465
1971000 43100.3 83514.1 75864.7 202479
1971500 43121.5 83581.6 75911 202614
1972000 43155.7 83643.3 75981.7 202781
1972500 43189.5 83659.1 76013.8 202862
1973000 43222.3 83694.1 76081.5 202998
1973500 43235.3 83759.8 76166 203161
1974000 43217 83809.2 76219.6 203246
1974500 43205.6 83878.2 76246.8 203331
1975000 43190.5 83929.8 76267.4 203388
1975500 43203.6 83929.1 76286.7 203419
1976000 43203.6 83947.4 76344.8 203496
1976500 43222.1 83948.7 76437.5 203608
1977000 43223.5 83941.7 76471.8 203637
1977500 43236.4 83955.2 76544.1 203736
1978000 43272.3 83948.9 76597.4 203819
1978500 43292.1 83934.1 76626.4 203853
1979000 43317 83959.9 76672.3 203949
1979500 43317.6 83967.5 76703.5 203989
1980000 43327.6 83986.2 76737.3 204051
1980500 43321.9 84023.3 76734.5 204080
1981000 43351.6 84074.1 76772.8 204198
1981500 43354.4 84096.3 76776.5 204227
1982000 43358.2 84125.3 76812.3 204296
1982500 43363.6 84149.4 76845.6 204359
1983000 43387.5 84169.2 76877.3 204434
1983500 43422.1 84194.6 76934.4 204551
1984000 43471.1 84184.4 76975.7 204631
1984500 43485.5 84178.1 77009.6 204673
1985000 43503.1 84167.3 77051.3 204722
1985500 43493.2 84186.4 77095.5 204775
1986000 43465.9 84173 77088.6 204728
1986500 43454.2 84200.7 77108.4 204763
1987000 43462.1 84241.7 77108.3 204812
1987500 43474.5 84250.1 77103.8 204828
1988000 43489.2 84296.9 77148.7 204935
1988500 43504.4 84292.5 77139.4 204936
1989000 43529.4 84318.5 77126.6 204975
1989500 43535.8 84384.6 77165.7 205086
1990000 43547.1 84439 77193.7 205180
1990500 43568.2 84531 77229.4 205329
1991000 43581 84640.1 77238 205459
1991500 43603.4 84721.1 77249.7 205574
1992000 43631.7 84779.5 77236.1 205647
1992500 43666.6 84857.1 77279.3 205803
1993000 43654.1 84926.5 77312.9 205894
1993500 43650.6 85047.6 77338.7 206037
1994000 43627 85135.4 77350.8 206113
1994500 43630.7 85201 77351.3 206183
1995000 43645.9 85286.7 77329.1 206262
1995500 43642.5 85282.5 77346.1 206271
1996000 43631.8 85316.9 77338.4 206287
1996500 43617.6 85367.1 77344.3 206329
1997000 43652.1 85411.7 77315 206379
1997500 43679.9 85457.5 77301.4 206439
1998000 43700.4 85455.5 77321.8 206478
1998500 43704 85444.7 77336.1 206485
1999000 43692.6 85457 77372.7 206522
1999500 43674.4 85463.1 77387.9 206525
2000000 43698.8 85451.9 77445.8 206596
