# step  MSD_x(Ang2)  MSD_y  MSD_z  MSD_total
# TimeStep c_msd_co2[1] c_msd_co2[2] c_msd_co2[3] c_msd_co2[4]
0 0 0 0 0
500 5.29529 4.99343 5.00931 15.298
1000 14.7875 13.8439 14.5561 43.1875
1500 27.7937 26.1744 26.5429 80.511
2000 41.8936 39.5512 38.8081 120.253
2500 56.5227 53.6418 51.4084 161.573
3000 70.8797 68.0647 65.3711 204.316
3500 85.1526 83.4359 80.012 248.6
4000 98.1438 98.9875 95.1157 292.247
4500 111.806 114.245 110.041 336.092
5000 125.598 128.398 123.824 377.82
5500 140.526 144.028 138.408 422.962
6000 155.876 159.72 152.631 468.227
6500 171.394 174.739 165.924 512.057
7000 185.25 188.963 179.534 553.747
7500 200.063 203.438 192.181 595.683
8000 216.645 218.922 206.392 641.959
8500 227.661 232.584 221.788 682.033
9000 238.334 246.043 236.573 720.95
9500 251.376 261.513 252.63 765.52
10000 263.18 276.581 266.521 806.282
10500 276.671 292.332 283.211 852.215
11000 290.076 304.865 298.55 893.49
11500 300.595 316.396 312.519 929.51
12000 310.564 328.882 324.584 964.03
12500 323.677 342.141 337.705 1003.52
13000 338.469 355.817 352.377 1046.66
13500 351.484 369.31 365.26 1086.05
14000 362.92 385.724 379.632 1128.28
14500 374.948 399.532 392.957 1167.44
15000 387.697 413.675 406.664 1208.04
15500 400.826 427.741 419.67 1248.24
16000 412.585 441.336 431.906 1285.83
16500 426.229 453.452 445.305 1324.99
17000 440.173 467.209 458.355 1365.74
17500 453.439 484.846 469.912 1408.2
18000 468.685 499.983 484.106 1452.77
18500 479.687 514.008 500.962 1494.66
19000 490.697 527.573 513.321 1531.59
19500 506.057 544.334 526.399 1576.79
20000 521.397 560.701 538.218 1620.32
20500 536.811 577.169 548.705 1662.69
21000 553.17 590.874 559.723 1703.77
21500 566.585 603.848 571.954 1742.39
22000 582.81 616.019 585.952 1784.78
22500 595.431 627.766 599.108 1822.31
23000 604.939 640.324 606.93 1852.19
23500 613.21 656.662 615.503 1885.37
24000 624.729 673.248 624.691 1922.67
24500 637.272 692.348 637.714 1967.33
25000 646.52 712.369 650.356 2009.24
25500 656.18 730.638 662.52 2049.34
26000 668.957 746.563 677.381 2092.9
26500 682.114 764.358 694.482 2140.95
27000 695.258 778.252 708.425 2181.94
27500 706.468 790.579 724.154 2221.2
28000 718.349 806.49 739.322 2264.16
28500 726.586 824.271 758.443 2309.3
29000 738.673 843.473 780.686 2362.83
29500 755.029 857.855 798.613 2411.5
30000 768.575 874.671 816.799 2460.05
30500 779.134 892.304 831.411 2502.85
31000 789.462 911.514 848.508 2549.48
31500 801.039 927.109 865.864 2594.01
32000 813.049 938.01 885.268 2636.33
32500 824.413 949.901 904.335 2678.65
33000 836.92 962.631 923.39 2722.94
33500 852.713 981.665 942.39 2776.77
34000 865.023 1001.68 959.44 2826.14
34500 877.994 1017.58 974.409 2869.98
35000 892.993 1035.02 990.575 2918.59
35500 908.116 1054.01 1004.7 2966.83
36000 920.044 1072.35 1017.77 3010.16
36500 932.414 1089.41 1028.39 3050.22
37000 946.346 1104.58 1039.36 3090.29
37500 961.196 1117.23 1051.8 3130.23
38000 974.622 1133.66 1071.77 3180.05
38500 986.625 1150.25 1099.05 3235.93
39000 999.399 1167.59 1127.88 3294.87
39500 1012.92 1185.03 1158.19 3356.14
40000 1029.72 1202.19 1180.92 3412.82
40500 1044.31 1215.77 1202.77 3462.85
41000 1057.45 1228.54 1222.07 3508.05
41500 1071.41 1240.39 1237.34 3549.15
42000 1076.53 1251.56 1251.66 3579.76
42500 1080.21 1262.35 1263.71 3606.27
43000 1084.91 1282.1 1280.22 3647.23
43500 1096.34 1306.46 1294.53 3697.33
44000 1108.79 1329.59 1305.34 3743.71
44500 1124.18 1351.12 1317.86 3793.15
45000 1136.16 1368.35 1329.7 3834.21
45500 1152.61 1385.03 1343.3 3880.95
46000 1167.61 1404.9 1360.81 3933.32
46500 1177.93 1425.08 1376.25 3979.25
47000 1189.83 1447.85 1389.21 4026.9
47500 1198.87 1467.81 1401.71 4068.38
48000 1212.95 1487 1414.13 4114.09
48500 1226.98 1509.65 1427.68 4164.31
49000 1236.85 1535.78 1447.36 4219.99
49500 1244.93 1559.76 1467.95 4272.65
50000 1252.09 1581.63 1489.12 4322.83
50500 1259.12 1599.92 1505.7 4364.75
51000 1266.16 1621.32 1519.5 4406.99
51500 1274.15 1640.16 1538.45 4452.77
52000 1281.36 1659.79 1556.36 4497.51
52500 1293.94 1674.1 1573.74 4541.78
53000 1306 1687.65 1590.09 4583.75
53500 1315.68 1701.15 1606.91 4623.73
54000 1324.87 1717.15 1617.87 4659.89
54500 1339.66 1731.11 1624.18 4694.96
55000 1352.23 1746.37 1637.45 4736.05
55500 1356.36 1764.54 1651.04 4771.94
56000 1365.67 1781.65 1669.42 4816.74
56500 1376.44 1801.11 1685.32 4862.87
57000 1388.44 1819.87 1703.37 4911.68
57500 1396.08 1830.19 1717.02 4943.29
58000 1401.37 1842.45 1737.5 4981.31
58500 1412.02 1851.31 1757.29 5020.62
59000 1419.37 1864.45 1771.92 5055.73
59500 1427.76 1877.9 1787.91 5093.57
60000 1438.81 1894.09 1801.43 5134.33
60500 1449.01 1908.98 1819.98 5177.97
61000 1463.74 1925 1841.6 5230.35
61500 1482.75 1943.77 1864.04 5290.57
62000 1494.34 1963.07 1881.54 5338.95
62500 1501.96 1976.44 1901.72 5380.12
63000 1513.31 1991.55 1915.97 5420.83
63500 1530.64 2011.89 1929.17 5471.7
64000 1542.18 2030.12 1946 5518.29
64500 1552.92 2034.16 1961.77 5548.85
65000 1556.19 2038.89 1974.2 5569.28
65500 1567.34 2045.93 1989.58 5602.85
66000 1581.08 2057.75 2007.14 5645.97
66500 1593.95 2074.45 2019.35 5687.75
67000 1607.2 2091.69 2036.82 5735.71
67500 1618.34 2103.04 2050.51 5771.88
68000 1630.85 2113.83 2066.99 5811.66
68500 1644.13 2123.24 2080.2 5847.58
69000 1658.39 2134.29 2092.37 5885.05
69500 1670.47 2145.31 2109.18 5924.95
70000 1682.41 2159.8 2129.72 5971.93
70500 1693.11 2176.71 2147.17 6016.99
71000 1705.13 2193.94 2170.59 6069.66
71500 1719.35 2213.18 2191.53 6124.06
72000 1733.02 2232.41 2205.96 6171.4
72500 1743.67 2244.79 2222.97 6211.43
73000 1752.64 2252.18 2234.96 6239.78
73500 1765.98 2261.32 2247.27 6274.57
74000 1775.63 2268.95 2260.8 6305.38
74500 1787.59 2280.69 2267.1 6335.38
75000 1803.84 2289.13 2274.35 6367.32
75500 1818.66 2306.05 2275.22 6399.92
76000 1826.76 2319.17 2281.7 6427.63
76500 1839.23 2333.76 2292.67 6465.66
77000 1852.61 2357.35 2312.09 6522.05
77500 1865.5 2377.6 2336.73 6579.82
78000 1876.25 2397.64 2351.46 6625.35
78500 1886.34 2409.88 2366.28 6662.51
79000 1892.74 2421.35 2388.57 6702.66
79500 1896.68 2435.25 2407.05 6738.98
80000 1903.38 2445.29 2424.26 6772.93
80500 1904.48 2457.83 2438.79 6801.1
81000 1906.33 2473.98 2449.95 6830.26
81500 1906.19 2488.69 2459.86 6854.74
82000 1918.68 2507.55 2465.79 6892.02
82500 1929.97 2531.07 2474.64 6935.69
83000 1945.23 2545.63 2490.68 6981.54
83500 1954.81 2564.36 2510.11 7029.28
84000 1966.79 2582.14 2526.74 7075.67
84500 1981.98 2608.51 2542.5 7132.99
85000 1990.39 2633.99 2558.33 7182.71
85500 1995 2652.71 2578.5 7226.21
86000 2006.83 2670.4 2603.23 7280.47
86500 2017.83 2687.52 2627.37 7332.72
87000 2028.36 2706.64 2653.52 7388.52
87500 2037.6 2722.58 2671.35 7431.54
88000 2049.08 2736.4 2692.01 7477.48
88500 2063.18 2753.58 2716.41 7533.18
89000 2077.86 2774.88 2738.75 7591.49
89500 2095.21 2791.81 2769.35 7656.36
90000 2113.71 2814.83 2789.91 7718.45
90500 2124.88 2839.08 2807.54 7771.5
91000 2137.87 2856.29 2836.79 7830.95
91500 2151.77 2868.36 2864.23 7884.35
92000 2168.08 2879.22 2889.26 7936.56
92500 2184.26 2885.53 2915.66 7985.46
93000 2189.67 2900.11 2933.72 8023.51
93500 2196.86 2910.19 2956.99 8064.04
94000 2208.39 2935.03 2975.15 8118.58
94500 2225.17 2955.26 2993.99 8174.42
95000 2242.1 2982.15 3016.73 8240.98
95500 2261.79 3007.53 3038.77 8308.09
96000 2278.75 3037.67 3053.49 8369.91
96500 2291.79 3069.46 3067.5 8428.75
97000 2297.17 3097.64 3075.49 8470.3
97500 2305.17 3125.29 3082.97 8513.42
98000 2313.93 3150.49 3088.04 8552.46
98500 2328.61 3173.09 3091.99 8593.69
99000 2339.35 3190.49 3105.88 8635.72
99500 2353.88 3204.09 3115.94 8673.9
100000 2360.95 3214.33 3130.4 8705.68
100500 2370.04 3222.39 3140.6 8733.02
101000 2377.84 3230.22 3148.41 8756.48
101500 2384.83 3243.8 3159.35 8787.99
102000 2396.16 3268.93 3170.41 8835.51
102500 2399.53 3291.62 3180.15 8871.3
103000 2405.34 3305.51 3190.91 8901.76
103500 2413.95 3314.79 3210.91 8939.66
104000 2424.68 3321.13 3231.49 8977.3
104500 2431.57 3334.38 3246.3 9012.25
105000 2440.24 3345.24 3261.22 9046.7
105500 2450.71 3357.84 3276.1 9084.65
106000 2462.04 3376.39 3282.82 9121.25
106500 2481.03 3395.37 3298.9 9175.29
107000 2496.12 3411.72 3315.29 9223.14
107500 2506.54 3425.99 3336.64 9269.17
108000 2521.65 3445.89 3361.49 9329.03
108500 2528.07 3468.62 3384.95 9381.64
109000 2531.28 3492.28 3404.28 9427.85
109500 2537 3509.04 3431.71 9477.74
110000 2545.5 3523.76 3443.24 9512.5
110500 2553.35 3541.82 3458.33 9553.5
111000 2566.12 3550.95 3474.11 9591.17
111500 2579.77 3561.03 3488.83 9629.63
112000 2592.18 3573.76 3498.05 9663.99
112500 2607.66 3586.83 3503.61 9698.1
113000 2619.96 3601.53 3519.19 9740.68
113500 2632.83 3617.06 3535.11 9785
114000 2644.18 3633.35 3555.54 9833.07
114500 2664.94 3652.8 3579.29 9897.03
115000 2676.58 3668.11 3599.2 9943.89
115500 2688.83 3683.22 3611.61 9983.67
116000 2701.89 3703.67 3624.73 10030.3
116500 2713.95 3724.72 3648.81 10087.5
117000 2725.53 3744.64 3678.56 10148.7
117500 2733.17 3764.94 3701.79 10199.9
118000 2746.38 3782.76 3715.59 10244.7
118500 2759.73 3804.37 3730.09 10294.2
119000 2766.52 3815.48 3744.62 10326.6
119500 2770.68 3828.92 3764.29 10363.9
120000 2777.27 3832.46 3781.78 10391.5
120500 2785.19 3846.56 3801.16 10432.9
121000 2798.09 3866.58 3823.98 10488.6
121500 2815.99 3883.46 3837.02 10536.5
122000 2825.94 3899.87 3847.35 10573.2
122500 2831.04 3921.19 3849.62 10601.8
123000 2834.87 3951.83 3863.16 10649.9
123500 2839.31 3981.41 3869.02 10689.7
124000 2844.83 4004.2 3878.88 10727.9
124500 2849.45 4026.21 3892.9 10768.6
125000 2864.68 4049.36 3900.17 10814.2
125500 2877.53 4067.99 3910.44 10856
126000 2887.02 4089.56 3929.75 10906.3
126500 2897.62 4117.15 3935.16 10949.9
127000 2904.66 4136.3 3946.21 10987.2
127500 2913.94 4151.33 3957.58 11022.9
128000 2921.49 4178.91 3974.66 11075.1
128500 2929.84 4198.26 3989.86 11118
129000 2937.06 4208.68 4005.77 11151.5
129500 2945.75 4226.71 4022.05 11194.5
130000 2957.94 4250.93 4041.47 11250.3
130500 2975.45 4272.94 4053.86 11302.2
131000 2986.96 4293.04 4072.63 11352.6
131500 2998.69 4311.85 4094.09 11404.6
132000 3012.65 4328.65 4117.57 11458.9
132500 3021.43 4345.89 4134.33 11501.7
133000 3023.02 4363.72 4151.24 11538
133500 3040.39 4378.49 4167 11585.9
134000 3049.71 4391.25 4176.14 11617.1
134500 3048.57 4405.72 4193.1 11647.4
135000 3045.1 4417.84 4208.83 11671.8
135500 3038.09 4434.17 4217.36 11689.6
136000 3038.16 4454.44 4231.36 11724
136500 3038.93 4470.71 4239.94 11749.6
137000 3049.59 4485.55 4255.54 11790.7
137500 3051.7 4500.95 4280.75 11833.4
138000 3058.45 4507.46 4310.36 11876.3
138500 3076.09 4522.26 4327.13 11925.5
139000 3084.15 4541.91 4343.62 11969.7
139500 3093.57 4561.56 4358.78 12013.9
140000 3097.85 4574.39 4364.76 12037
140500 3104.62 4589.94 4373.74 12068.3
141000 3115 4600.31 4384.52 12099.8
141500 3129.7 4610.03 4393.07 12132.8
142000 3144.45 4622.56 4414.39 12181.4
142500 3159.74 4635.35 4427.73 12222.8
143000 3170.2 4653.18 4450.24 12273.6
143500 3179.78 4670.19 4460 12310
144000 3192.35 4686.19 4472.49 12351
144500 3205.52 4705.8 4490.62 12401.9
145000 3218.88 4718.68 4504.44 12442
145500 3228.5 4752.22 4521.51 12502.2
146000 3241.3 4772.3 4537.65 12551.3
146500 3249.56 4783.57 4550.05 12583.2
147000 3251.52 4809.6 4553 12614.1
147500 3261.85 4833.4 4565.67 12660.9
148000 3278.19 4845 4577.19 12700.4
148500 3290.19 4850.99 4585.65 12726.8
149000 3296.6 4862.06 4600.25 12758.9
149500 3306.6 4865.4 4620.63 12792.6
150000 3318.25 4873.65 4634.45 12826.3
150500 3326.1 4880.28 4650.7 12857.1
151000 3334.93 4892.01 4666.05 12893
151500 3346.18 4902.88 4679.89 12928.9
152000 3359.53 4911.92 4681.1 12952.5
152500 3369.14 4921.15 4688.39 12978.7
153000 3379.25 4941.82 4702.73 13023.8
153500 3390.01 4963.02 4707.98 13061
154000 3392 4978.95 4721.54 13092.5
154500 3391.33 4994.47 4736.53 13122.3
155000 3403.01 5005.26 4756.47 13164.7
155500 3414.4 5018 4777.05 13209.4
156000 3425.26 5027.76 4792.73 13245.8
156500 3433.3 5028.78 4804.59 13266.7
157000 3445.72 5040.59 4821.84 13308.1
157500 3454.18 5052.01 4828.58 13334.8
158000 3459.58 5069.01 4844.03 13372.6
158500 3471.42 5078.38 4863.81 13413.6
159000 3479.8 5089.37 4872.08 13441.3
159500 3493.64 5116.43 4887.49 13497.6
160000 3510.8 5133.81 4900.48 13545.1
160500 3522.31 5144.44 4906.17 13572.9
161000 3534.21 5155.57 4922.11 13611.9
161500 3549.18 5173.72 4936.93 13659.8
162000 3559.01 5184.57 4955.17 13698.8
162500 3563 5187.74 4974.28 13725
163000 3567.37 5203.56 4989.47 13760.4
163500 3574.23 5219 4998 13791.2
164000 3584.47 5235.13 5015.5 13835.1
164500 3592.66 5251.62 5029.24 13873.5
165000 3600.83 5266.88 5050.1 13917.8
165500 3607.73 5282.35 5060.6 13950.7
166000 3607.89 5302.33 5077.61 13987.8
166500 3610.48 5324.43 5103.71 14038.6
167000 3623.8 5350.63 5124.11 14098.5
167500 3632.71 5364.29 5148.51 14145.5
168000 3641.98 5380.84 5179.08 14201.9
168500 3660.25 5395.98 5209.02 14265.3
169000 3674.65 5417.98 5244.4 14337
169500 3687 5434.16 5266.53 14387.7
170000 3694.48 5444.6 5283.29 14422.4
170500 3706.78 5470.23 5305.31 14482.3
171000 3722.4 5478.99 5315.02 14516.4
171500 3724.78 5495.57 5330.82 14551.2
172000 3727.28 5515.9 5354.95 14598.1
172500 3729.64 5529.13 5367.07 14625.9
173000 3743.03 5536.08 5398.22 14677.3
173500 3758.77 5546.41 5425.55 14730.7
174000 3765.58 5551.05 5436.24 14752.9
174500 3769.57 5562.53 5460.53 14792.6
175000 3772.05 5579.03 5477.22 14828.3
175500 3777.84 5593.96 5505 14876.8
176000 3792.15 5608.98 5528.88 14930
176500 3806.88 5623.27 5552.38 14982.5
177000 3819.7 5645.88 5568.46 15034.1
177500 3837.48 5674.76 5588.96 15101.2
178000 3850.09 5713.27 5605.01 15168.4
178500 3855.48 5738.01 5626.22 15219.7
179000 3865.36 5752.01 5642.25 15259.6
179500 3877.54 5754.16 5646.22 15277.9
180000 3889.21 5764.89 5650.16 15304.3
180500 3900.75 5773.78 5655.8 15330.3
181000 3919.48 5778.9 5675.68 15374.1
181500 3930.75 5785.58 5703.59 15419.9
182000 3936.47 5797.54 5734.44 15468.5
182500 3945.69 5819.68 5757.9 15523.3
183000 3957.5 5835 5786.74 15579.2
183500 3967.88 5849.49 5802 15619.4
184000 3977.33 5864.8 5816.07 15658.2
184500 3983.71 5876.48 5827.15 15687.3
185000 3987.66 5885.75 5855.44 15728.8
185500 3988.28 5904.24 5876.2 15768.7
186000 3993.42 5919.9 5890.69 15804
186500 4002.37 5940.73 5913.88 15857
187000 4005.07 5950.4 5940.47 15895.9
187500 4012.02 5956.64 5966.54 15935.2
188000 4027.11 5962.07 5994.2 15983.4
188500 4033.22 5962.46 6018.85 16014.5
189000 4038.18 5960.82 6035.88 16034.9
189500 4044.45 5975.91 6057.37 16077.7
190000 4053.15 5992 6074.72 16119.9
190500 4060.67 6010.89 6093.43 16165
191000 4072.29 6036.92 6117.57 16226.8
191500 4082.74 6067.22 6148.12 16298.1
192000 4090.36 6097.65 6170.57 16358.6
192500 4106.94 6116.73 6191.24 16414.9
193000 4105.55 6133.8 6216.55 16455.9
193500 4118.08 6146.9 6229.58 16494.6
194000 4125.61 6160.32 6238.32 16524.2
194500 4138.25 6169.54 6247.16 16554.9
195000 4150.43 6186.26 6257.13 16593.8
195500 4153.09 6188.41 6264.51 16606
196000 4154.56 6208.52 6270.84 16633.9
196500 4152.72 6235.37 6293.99 16682.1
197000 4156.15 6257.77 6309.98 16723.9
197500 4160.93 6275.84 6317.69 16754.5
198000 4176.66 6289.64 6331.37 16797.7
198500 4190.35 6301.62 6351.82 16843.8
199000 4193.75 6311.97 6373.65 16879.4
199500 4201.37 6330.24 6402.03 16933.6
200000 4204.37 6346.8 6429.95 16981.1
200500 4217.4 6345.65 6454 17017.1
201000 4223.9 6349.37 6473.42 17046.7
201500 4230.19 6357.9 6485.35 17073.4
202000 4236.08 6372.1 6498.63 17106.8
202500 4252.02 6387.93 6506.1 17146.1
203000 4254.27 6396.72 6517.2 17168.2
203500 4267.42 6393.27 6522.86 17183.5
204000 4277.73 6403.09 6537.3 17218.1
204500 4279.17 6421.26 6549.97 17250.4
205000 4276.43 6445.12 6564.53 17286.1
205500 4279.54 6460.24 6590.06 17329.8
206000 4294.53 6472.98 6609.73 17377.2
206500 4315.34 6490.07 6627.09 17432.5
207000 4321.58 6512.6 6642.87 17477.1
207500 4326.34 6532.32 6654.1 17512.8
208000 4340.85 6544.48 6666.52 17551.9
208500 4352.8 6555.38 6683.7 17591.9
209000 4371.35 6570.63 6701.77 17643.7
209500 4389.6 6584.98 6716.43 17691
210000 4405.92 6607.48 6730.18 17743.6
210500 4420.61 6640.66 6742.07 17803.3
211000 4435.69 6665.35 6756.8 17857.8
211500 4443.38 6679.22 6791.31 17913.9
212000 4448 6704.99 6810.12 17963.1
212500 4461.88 6730.44 6816.8 18009.1
213000 4464.71 6761.95 6820.88 18047.5
213500 4471.57 6794.03 6846.73 18112.3
214000 4475.76 6823.74 6872.83 18172.3
214500 4484.07 6848.45 6886.01 18218.5
215000 4498.3 6872.23 6899.41 18269.9
215500 4509.4 6894.18 6915.31 18318.9
216000 4515.01 6910.13 6929.25 18354.4
216500 4512.81 6920.79 6950.81 18384.4
217000 4517.86 6940.33 6967.44 18425.6
217500 4524.91 6963.76 6982.11 18470.8
218000 4534.02 6980.62 6989.89 18504.5
218500 4540.61 7001.57 6998.09 18540.3
219000 4560.96 7013.98 7012.44 18587.4
219500 4582.52 7015.84 7031.73 18630.1
220000 4598.51 7023.05 7055.37 18676.9
220500 4611.79 7034.78 7070.44 18717
221000 4630.89 7057.15 7080.94 18769
221500 4648.02 7084.25 7102.2 18834.5
222000 4658.34 7108 7119.22 18885.6
222500 4675.7 7130.67 7141.32 18947.7
223000 4689.81 7146.74 7132.46 18969
223500 4700.02 7161.62 7132.92 18994.6
224000 4704.63 7179.84 7142.16 19026.6
224500 4711.14 7192.21 7144.05 19047.4
225000 4722.34 7201.65 7147.97 19072
225500 4736.93 7219.58 7145.29 19101.8
226000 4734.2 7247.95 7155.96 19138.1
226500 4728.55 7276.56 7164.13 19169.2
227000 4734.05 7292.01 7163.07 19189.1
227500 4743.01 7309.97 7162.18 19215.2
228000 4748.75 7343.81 7166.47 19259
228500 4750.48 7368.16 7184.56 19303.2
229000 4748.93 7398.75 7201.54 19349.2
229500 4749.52 7435.77 7211.94 19397.2
230000 4766.33 7471.43 7231.53 19469.3
230500 4778.28 7507.06 7247.8 19533.1
231000 4797.73 7522.71 7268.72 19589.2
231500 4818.29 7531.53 7283.57 19633.4
232000 4826.53 7546.02 7291.59 19664.1
232500 4835.83 7564.31 7300.67 19700.8
233000 4844.83 7581.72 7313.13 19739.7
233500 4842.51 7592.62 7325.21 19760.3
234000 4841.09 7608.01 7335.81 19784.9
234500 4840.68 7608.49 7358.01 19807.2
235000 4851.94 7617.67 7371.21 19840.8
235500 4857.15 7630.23 7386.76 19874.1
236000 4864.03 7639.49 7409.66 19913.2
236500 4863.72 7658.14 7431.88 19953.7
237000 4873.81 7686.94 7449.19 20009.9
237500 4879.77 7716.52 7469.28 20065.6
238000 4897.36 7721.77 7510.84 20130
238500 4910.95 7733.96 7549.33 20194.2
239000 4913.85 7749.23 7581.08 20244.2
239500 4916.58 7770.48 7630.84 20317.9
240000 4922.01 7792.98 7653.24 20368.2
240500 4935.63 7813.92 7673.4 20423
241000 4942.74 7829.8 7680.33 20452.9
241500 4953.1 7854.38 7699.44 20506.9
242000 4963.64 7871.63 7709.91 20545.2
242500 4964.43 7888.17 7732.61 20585.2
243000 4968.27 7894.97 7757.69 20620.9
243500 4981.15 7911.08 7768.68 20660.9
244000 4991.76 7935.51 7779.47 20706.7
244500 4995.53 7961.21 7805.24 20762
245000 4996.19 7977.01 7836.27 20809.5
245500 4979.79 7994.46 7855.46 20829.7
246000 4973.89 8007 7869.63 20850.5
246500 4974.9 8019.26 7891.22 20885.4
247000 4989.11 8024.2 7906.92 20920.2
247500 4997.25 8029.57 7918.36 20945.2
248000 5004.6 8035.95 7931.42 20972
248500 5020.96 8045.91 7943.44 21010.3
249000 5040.11 8064.54 7960.07 21064.7
249500 5059.24 8082.77 7970.82 21112.8
250000 5080.09 8100.67 7997.13 21177.9
250500 5091.48 8126.94 8017.33 21235.7
251000 5091.75 8144.04 8018.54 21254.3
251500 5103.75 8162.73 8028.86 21295.3
252000 5106.32 8188.92 8043.47 21338.7
252500 5122.84 8210.58 8048.39 21381.8
253000 5142.97 8227.49 8062.7 21433.2
253500 5152.5 8250.21 8070.56 21473.3
254000 5173.74 8262.5 8081.05 21517.3
254500 5191.92 8279.26 8084.93 21556.1
255000 5206.62 8292.81 8093.31 21592.7
255500 5217.77 8301.42 8104.94 21624.1
256000 5239.19 8313.52 8126.12 21678.8
256500 5255.19 8332.05 8142.37 21729.6
257000 5263.15 8349.55 8163.94 21776.6
257500 5276.7 8365.44 8189.95 21832.1
258000 5288.59 8370.42 8217.27 21876.3
258500 5309.85 8374.15 8259.95 21943.9
259000 5317.94 8391.53 8292.4 22001.9
259500 5320.54 8410.71 8335.89 22067.1
260000 5319.28 8426.74 8378.84 22124.9
260500 5331.96 8433.05 8414.65 22179.7
261000 5342.7 8436.26 8454.12 22233.1
261500 5360.1 8441.27 8472.53 22273.9
262000 5371.31 8453.32 8488.41 22313
262500 5385.52 8458.64 8496.91 22341.1
263000 5390.48 8474.98 8500.95 22366.4
263500 5392.99 8499.13 8501.78 22393.9
264000 5404.11 8525.14 8517.74 22447
264500 5421.34 8541.37 8535.25 22498
265000 5428.79 8560.61 8549.38 22538.8
265500 5447.06 8585.63 8565.78 22598.5
266000 5454.01 8603.62 8580.07 22637.7
266500 5457.1 8619.18 8605 22681.3
267000 5465.52 8633.23 8637.82 22736.6
267500 5479.83 8639.5 8670.81 22790.1
268000 5501.43 8650.3 8699.69 22851.4
268500 5524.16 8656.72 8727.29 22908.2
269000 5542.51 8670.74 8739.44 22952.7
269500 5557.06 8687.32 8760.56 23004.9
270000 5572.66 8682.18 8785.95 23040.8
270500 5586.56 8684.36 8803.62 23074.5
271000 5605.67 8681.14 8833.48 23120.3
271500 5623.19 8681.1 8853.78 23158.1
272000 5634.15 8688.69 8871.78 23194.6
272500 5633.65 8691.92 8884.06 23209.6
273000 5637.72 8709.75 8907.91 23255.4
273500 5635.99 8709.84 8922.19 23268
274000 5645.87 8716.15 8933.99 23296
274500 5668.04 8733.91 8934.45 23336.4
275000 5680.62 8740.55 8943.43 23364.6
275500 5686.31 8758.56 8951.12 23396
276000 5697.37 8775.29 8958.23 23430.9
276500 5703.66 8797.43 8965.54 23466.6
277000 5705.06 8807.77 8961.46 23474.3
277500 5705.88 8813.22 8970.6 23489.7
278000 5708.84 8828.26 8974.95 23512.1
278500 5704.1 8840.62 8976.11 23520.8
279000 5692.7 8849.1 8984.5 23526.3
279500 5688.71 8861.19 8984.81 23534.7
280000 5693.28 8879.83 8987.14 23560.3
280500 5700.68 8897.21 9006.95 23604.8
281000 5713.71 8906.38 9015.13 23635.2
281500 5716.58 8904.15 9024.59 23645.3
282000 5718.6 8906.99 9040.49 23666.1
282500 5722.4 8912.45 9051.79 23686.6
283000 5733.71 8932.41 9074.31 23740.4
283500 5737.42 8944.76 9087.14 23769.3
284000 5735.18 8951.14 9089.16 23775.5
284500 5743.35 8969.05 9096.53 23808.9
285000 5760 8987.16 9117.45 23864.6
285500 5766.67 9014.88 9131.97 23913.5
286000 5781.11 9037.77 9153.16 23972
286500 5800.01 9055.51 9185.65 24041.2
287000 5812.96 9067.79 9212.87 24093.6
287500 5830.27 9070.14 9237.57 24138
288000 5839.83 9083.44 9251.27 24174.5
288500 5852.26 9082.74 9267.46 24202.5
289000 5863.61 9088.73 9285.2 24237.5
289500 5869.29 9091.81 9302.6 24263.7
290000 5880.6 9091.93 9316.89 24289.4
290500 5893.38 9081.5 9328.87 24303.7
291000 5898.6 9089.9 9337.31 24325.8
291500 5902.98 9106.74 9339.59 24349.3
292000 5910.93 9108.48 9358.46 24377.9
292500 5928.86 9126.24 9346.11 24401.2
293000 5941.55 9143.58 9347.27 24432.4
293500 5949.26 9157.11 9355.79 24462.2
294000 5949.22 9179.83 9361.44 24490.5
294500 5949.39 9197.53 9380.95 24527.9
295000 5953.59 9205.49 9414.87 24573.9
295500 5957.85 9219.46 9440.52 24617.8
296000 5973.13 9234.11 9452.97 24660.2
296500 5988.55 9251.59 9477.3 24717.4
297000 6007.48 9275.51 9495.73 24778.7
297500 6019.17 9294.97 9514.14 24828.3
298000 6030.62 9297.47 9524.56 24852.6
298500 6037.08 9310.76 9552.66 24900.5
299000 6042.69 9328.81 9588.73 24960.2
299500 6050.02 9337.99 9606.36 24994.4
300000 6062.25 9342.95 9621.99 25027.2
300500 6070.39 9351.77 9630.61 25052.8
301000 6086.04 9371.86 9642.1 25100
301500 6094.39 9386.85 9657.22 25138.5
302000 6098.03 9388.05 9665.76 25151.8
302500 6098.75 9405.4 9672.67 25176.8
303000 6109.44 9432.83 9682.54 25224.8
303500 6117.52 9450.81 9693.8 25262.1
304000 6122.77 9454.48 9711.53 25288.8
304500 6132.81 9464.73 9716.4 25313.9
305000 6149.46 9477.87 9725.53 25352.9
305500 6159.03 9488.48 9746.46 25394
306000 6164.48 9492.3 9760.95 25417.7
306500 6166.28 9520.61 9771.05 25457.9
307000 6183.02 9542.28 9782.84 25508.1
307500 6194.92 9562.5 9792.14 25549.6
308000 6211.02 9579.64 9808.4 25599.1
308500 6233.97 9605.76 9832.77 25672.5
309000 6235.08 9624.07 9833.42 25692.6
309500 6235.83 9643.89 9843.95 25723.7
310000 6244.29 9653.52 9842.43 25740.2
310500 6232.27 9660.74 9848.49 25741.5
311000 6237.71 9670.69 9845.56 25754
311500 6247.45 9670.14 9846.41 25764
312000 6246.03 9677.75 9853.04 25776.8
312500 6254.56 9693.14 9868.77 25816.5
313000 6270.75 9703.25 9866.75 25840.7
313500 6279.34 9721.06 9865.43 25865.8
314000 6291.47 9734.89 9882.24 25908.6
314500 6301.62 9742.79 9891.81 25936.2
315000 6313.48 9757.63 9913.84 25984.9
315500 6323.5 9787.55 9936.21 26047.3
316000 6337.86 9807.33 9962.27 26107.5
316500 6361.23 9830.51 9976.29 26168
317000 6376.28 9830.85 9984.46 26191.6
317500 6390.43 9845.07 9998.21 26233.7
318000 6408.79 9853.11 10022 26283.9
318500 6425.72 9870.26 10050 26346
319000 6449.85 9885.72 10061.5 26397
319500 6463.54 9917.96 10062.4 26443.9
320000 6471.76 9948.35 10063.6 26483.7
320500 6494.26 9967.84 10060.8 26522.9
321000 6516.5 9976.44 10076.2 26569.1
321500 6534.18 9984.21 10093.8 26612.2
322000 6556.52 10001.7 10110.4 26668.6
322500 6571.93 10016 10121.6 26709.5
323000 6576 10015.9 10123.9 26715.9
323500 6585.69 10018.5 10134.4 26738.6
324000 6606.94 10024.4 10151.2 26782.5
324500 6635.36 10023.2 10170.1 26828.7
325000 6655.63 10027 10211.7 26894.3
325500 6668.27 10043.6 10246.4 26958.3
326000 6670.1 10057.6 10264.8 26992.5
326500 6662.81 10069.4 10278.2 27010.5
327000 6672.14 10078 10302.3 27052.5
327500 6682.99 10084.4 10333.8 27101.2
328000 6692.44 10091.3 10343.1 27126.8
328500 6702.86 10101.3 10355.7 27159.9
329000 6721.56 10121.6 10370.5 27213.7
329500 6745.22 10136.1 10395.3 27276.6
330000 6767.1 10150.4 10412.6 27330.1
330500 6776.29 10168.2 10439.6 27384.1
331000 6790.4 10184.3 10457.4 27432.1
331500 6795.51 10209.1 10459.7 27464.3
332000 6796.59 10247.4 10472.1 27516.1
332500 6796.68 10271.4 10481.2 27549.2
333000 6802.83 10284.6 10480.2 27567.7
333500 6808.03 10282.6 10485.1 27575.7
334000 6828.9 10282.7 10481.8 27593.4
334500 6858.58 10283 10494.3 27635.9
335000 6878.07 10287.2 10512.4 27677.7
335500 6901.78 10292.7 10517.6 27712.1
336000 6914.95 10289.8 10540 27744.8
336500 6915.9 10296 10556.2 27768.1
337000 6916.52 10302.6 10567.7 27786.8
337500 6926.31 10296.3 10587 27809.7
338000 6937.83 10288.2 10603.6 27829.6
338500 6956.34 10280.2 10619.8 27856.4
339000 6970.41 10280.3 10642.7 27893.5
339500 6987.32 10302.9 10660 27950.2
340000 6999.34 10317.3 10678.6 27995.3
340500 7006.78 10331.5 10693.2 28031.5
341000 7014.66 10336.2 10700.8 28051.6
341500 7023.62 10339.5 10702.4 28065.5
342000 7032.08 10353.5 10706.8 28092.3
342500 7035.65 10373.1 10722.8 28131.5
343000 7041.64 10392.2 10748.4 28182.2
343500 7054.93 10416.9 10763.3 28235.1
344000 7074.61 10446 10782.8 28303.5
344500 7079.78 10463.6 10796 28339.4
345000 7092.15 10467.8 10812.4 28372.3
345500 7097.57 10470.3 10826.9 28394.8
346000 7095.8 10465.3 10843 28404.1
346500 7094.07 10468.3 10868.8 28431.1
347000 7109.04 10476.2 10895.8 28481
347500 7114.81 10485.4 10918.3 28518.5
348000 7130.06 10500.6 10932 28562.7
348500 7145.41 10518.1 10942.7 28606.2
349000 7143.56 10532.8 10957.7 28634.1
349500 7139.2 10549.3 10982.9 28671.4
350000 7146.53 10563.8 11007.3 28717.6
350500 7143.14 10558.8 11027.5 28729.4
351000 7145.05 10563.1 11047.3 28755.5
351500 7156.93 10574.5 11069.7 28801.1
352000 7151.71 10586.2 11080.8 28818.7
352500 7149.05 10602 11085.7 28836.8
353000 7149 10618.3 11091.5 28858.8
353500 7160.8 10643 11092.2 28896
354000 7172.88 10654.3 11097.3 28924.4
354500 7186.45 10663.1 11102.2 28951.7
355000 7188.82 10682.3 11111.7 28982.8
355500 7201.68 10705.9 11124.8 29032.3
356000 7210.25 10733.7 11132.2 29076.1
356500 7226.11 10760.3 11138.2 29124.6
357000 7234.92 10792.4 11141.1 29168.4
357500 7246.25 10815.5 11143.8 29205.5
358000 7252.12 10822.7 11150.8 29225.7
358500 7255.36 10818.6 11152.8 29226.8
359000 7252.03 10830.3 11150.7 29233
359500 7264.67 10841.6 11164 29270.2
360000 7279.1 10857 11180.1 29316.2
360500 7299.28 10854.1 11197.5 29350.9
361000 7311.47 10859.9 11217.3 29388.6
361500 7318.44 10870.5 11230.7 29419.6
362000 7331.86 10893.8 11246.7 29472.3
362500 7350.18 10899.2 11267.4 29516.9
363000 7357.59 10920.6 11277.2 29555.3
363500 7359.11 10929.9 11305.5 29594.6
364000 7374.4 10941.1 11322.6 29638
364500 7384.26 10945.2 11341 29670.4
365000 7398.4 10949.6 11352.2 29700.2
365500 7402.85 10967.3 11355.2 29725.3
366000 7403.81 10996.5 11354.5 29754.8
366500 7396.33 11023.8 11363.9 29784.1
367000 7405.63 11055.2 11371.5 29832.3
367500 7413.97 11065.3 11382.9 29862.2
368000 7408.81 11084.7 11406.1 29899.6
368500 7411.27 11089.9 11436.8 29937.9
369000 7401.85 11096.7 11453.1 29951.7
369500 7408.36 11097.1 11465.9 29971.4
370000 7411.79 11104.7 11469.4 29985.8
370500 7408.14 11104.4 11472.1 29984.7
371000 7400.79 11117.1 11473.7 29991.5
371500 7404.13 11133.1 11483.6 30020.8
372000 7414.34 11152.1 11496.7 30063.1
372500 7416.42 11171.3 11515.7 30103.4
373000 7417.76 11195.3 11540.8 30153.9
373500 7419.97 11209.8 11571.2 30201
374000 7430.29 11211.2 11575.4 30216.9
374500 7429.92 11209.9 11585.7 30225.6
375000 7445.75 11223.3 11598.9 30268
375500 7462.43 11234.5 11613.5 30310.3
376000 7474.95 11235.3 11627.1 30337.4
376500 7490.17 11235.7 11622.6 30348.5
377000 7500.71 11246.5 11640.5 30387.7
377500 7513.85 11250.1 11655.9 30419.8
378000 7545.83 11255.5 11660.6 30462
378500 7575 11259.2 11680 30514.2
379000 7596.77 11278.2 11688.1 30563
379500 7612.94 11294.3 11695 30602.2
380000 7622.77 11317.1 11700.3 30640.2
380500 7635.48 11333.8 11708.7 30678
381000 7647.77 11356.8 11717.7 30722.3
381500 7660.2 11380.2 11729.5 30769.8
382000 7671.33 11394.7 11744.9 30810.9
382500 7683.14 11414.5 11760.8 30858.5
383000 7693.58 11446.2 11788.9 30928.7
383500 7697.94 11481.1 11807.9 30986.9
384000 7714.33 11509.8 11795.5 31019.6
384500 7721.32 11542.3 11808.4 31072.1
385000 7730.06 11565.8 11818.1 31113.9
385500 7731.9 11588 11837 31156.9
386000 7727.69 11604.4 11853.9 31186
386500 7734.09 11626.6 11866.9 31227.6
387000 7725.63 11654.8 11891.8 31272.2
387500 7730.33 11688.8 11912.9 31332
388000 7738.66 11716 11923 31377.7
388500 7736.77 11748.9 11939.7 31425.4
389000 7748.63 11783.5 11969 31501.2
389500 7760.01 11787.1 11996 31543.2
390000 7772.76 11794 12010.3 31577.1
390500 7783.09 11796.2 12035.4 31614.7
391000 7801.35 11807.8 12048.5 31657.7
391500 7817.78 11824.2 12063.9 31705.9
392000 7832.18 11843.5 12079.8 31755.5
392500 7843.45 11852.6 12092.4 31788.5
393000 7846.63 11857.7 12105.2 31809.5
393500 7854.29 11870.3 12118.8 31843.3
394000 7862.65 11884.6 12148 31895.2
394500 7863.2 11909.4 12172.5 31945.1
395000 7871.94 11919.5 12198.2 31989.6
395500 7886.66 11929.1 12206.6 32022.3
396000 7901.39 11948.8 12221.5 32071.8
396500 7906.19 11962.1 12243.9 32112.3
397000 7901.93 11983.6 12280.5 32166
397500 7901.32 12009.6 12315 32225.9
398000 7901.45 12021.6 12358.5 32281.5
398500 7899.12 12039.8 12380.4 32319.4
399000 7901.97 12068.7 12394.8 32365.5
399500 7900.68 12098.4 12419.5 32418.6
400000 7909.59 12101 12454.6 32465.2
400500 7932.05 12113.4 12486.6 32532.1
401000 7948.45 12129.8 12518.5 32596.7
401500 7952.51 12167.1 12534 32653.6
402000 7960.85 12204.5 12541.8 32707.2
402500 7968.1 12238.4 12567.1 32773.6
403000 7990.76 12265 12599.1 32854.8
403500 8007.52 12294.4 12638.4 32940.4
404000 8021.13 12332.6 12665.1 33018.9
404500 8041.95 12375.9 12687.8 33105.6
405000 8067.57 12406.1 12710.8 33184.4
405500 8077.86 12440.8 12740 33258.6
406000 8094.88 12460.5 12763.6 33319
406500 8106.76 12483.8 12785.5 33376
407000 8118.86 12499.7 12788.5 33407
407500 8126.77 12511 12785.8 33423.5
408000 8119.76 12527.4 12792.5 33439.6
408500 8111.97 12544.9 12810.9 33467.8
409000 8105.16 12553.2 12825.8 33484.2
409500 8106.19 12563.4 12834.3 33503.9
410000 8125.69 12570.6 12850.1 33546.4
410500 8139.35 12590.9 12867.1 33597.3
411000 8149.04 12608.1 12874.9 33631.9
411500 8156.35 12629.6 12885.2 33671.2
412000 8164.93 12654.1 12901.3 33720.4
412500 8171.32 12680.9 12918.9 33771.1
413000 8179.71 12705.5 12942.5 33827.7
413500 8190.36 12739.6 12977 33907
414000 8210.3 12762.7 13007.7 33980.7
414500 8219.6 12775.8 13037.1 34032.6
415000 8222.65 12778.6 13049.1 34050.3
415500 8226.41 12784.3 13055.2 34065.9
416000 8235.48 12806.1 13069.4 34111
416500 8247.14 12823.1 13098.3 34168.6
417000 8261.59 12847.3 13109.8 34218.7
417500 8258.83 12863.2 13113.4 34235.4
418000 8271.45 12890.2 13106.6 34268.2
418500 8284.11 12934.8 13125.9 34344.8
419000 8305.94 12965.7 13155.4 34427
419500 8317.35 12995 13167.7 34480
420000 8336.33 13021 13175.2 34532.5
420500 8353.35 13045.3 13202.5 34601.2
421000 8364.31 13072.4 13220.1 34656.9
421500 8369.12 13093.2 13244.6 34706.9
422000 8384.97 13108.1 13266.6 34759.7
422500 8382.79 13126.2 13290.2 34799.2
423000 8385.55 13128.1 13300.1 34813.7
423500 8380.69 13128.1 13306.1 34814.8
424000 8392.85 13131.2 13319.9 34843.9
424500 8411.7 13133.7 13348.5 34893.9
425000 8417.3 13131.3 13371.4 34920
425500 8438.47 13128.7 13396.7 34963.9
426000 8459.63 13130.7 13403.7 34994
426500 8479.24 13150.8 13411.8 35041.8
427000 8504.97 13161.1 13430.9 35097
427500 8519.27 13157 13452.6 35128.9
428000 8535.27 13155.6 13486.6 35177.5
428500 8552 13144.5 13529.2 35225.7
429000 8563.27 13142 13562.2 35267.5
429500 8581.44 13144.5 13591.2 35317.2
430000 8599.45 13162.6 13598.5 35360.5
430500 8626.32 13180 13611 35417.4
431000 8638.08 13206.7 13633.1 35477.9
431500 8659.99 13228.6 13646.8 35535.4
432000 8657.31 13251.7 13662.3 35571.4
432500 8668.77 13277.2 13691.4 35637.4
433000 8684.22 13298.2 13735.7 35718.1
433500 8692.16 13310.5 13752 35754.7
434000 8688.57 13319.5 13768.4 35776.5
434500 8685.22 13319.5 13790.7 35795.5
435000 8680.54 13340.9 13808.9 35830.4
435500 8678.05 13367.2 13808.6 35853.9
436000 8685.06 13382.6 13822.4 35890.1
436500 8693.11 13394.3 13845.1 35932.5
437000 8704.21 13409.5 13871.9 35985.7
437500 8713.42 13439.9 13894.4 36047.7
438000 8728.61 13470.6 13908.8 36108.1
438500 8715.24 13486.8 13920.5 36122.6
439000 8709.96 13503.2 13932 36145.2
439500 8721.83 13521.5 13930 36173.4
440000 8733.17 13542.3 13943.5 36218.9
440500 8747.68 13555.9 13953.1 36256.7
441000 8755.34 13571.5 13974.7 36301.6
441500 8765.4 13594.5 13997.3 36357.2
442000 8771.52 13618.8 14020.4 36410.8
442500 8772.29 13633.5 14048 36453.8
443000 8761.2 13647.3 14055.8 36464.3
443500 8764.46 13670.6 14070.9 36506
444000 8770 13693.8 14096.3 36560.1
444500 8778.09 13717.2 14104.4 36599.7
445000 8796.36 13749.6 14109.8 36655.8
445500 8815.21 13781 14115.5 36711.7
446000 8842.63 13810.3 14130.5 36783.3
446500 8870.26 13842 14160.8 36873
447000 8881.2 13842.8 14179.9 36903.9
447500 8886.95 13839.9 14196.3 36923.1
448000 8896.98 13850.6 14216 36963.6
448500 8904.85 13866.8 14228.8 37000.4
449000 8914.4 13869.4 14243.7 37027.5
449500 8927.71 13889.3 14253.9 37071
450000 8937.95 13903.7 14276 37117.7
450500 8963.57 13919.9 14302.4 37185.9
451000 8974.25 13937 14323 37234.3
451500 8997.28 13935.3 14332 37264.6
452000 9021.21 13945.9 14341.9 37308.9
452500 9040.95 13961.5 14335.7 37338.1
453000 9056.93 13975.5 14324.4 37356.8
453500 9066.49 13997.6 14313.8 37377.9
454000 9084.29 14010.8 14314.4 37409.4
454500 9112.1 14020.8 14315.8 37448.7
455000 9124.81 14014.2 14328.2 37467.3
455500 9136.23 14029.4 14326.4 37492
456000 9157.93 14063.7 14323.1 37544.8
456500 9176.8 14073.2 14338.3 37588.3
457000 9202.16 14102 14338.3 37642.5
457500 9212.44 14133.9 14350.4 37696.7
458000 9229.97 14175 14356.1 37761.1
458500 9242.34 14216.7 14358.9 37817.9
459000 9247.08 14231.1 14365.7 37844
459500 9256.32 14241.2 14385.2 37882.7
460000 9261.57 14255.4 14409 37925.9
460500 9267.45 14273.5 14430.9 37971.9
461000 9267.23 14288.8 14438.2 37994.2
461500 9270.05 14317 14429.2 38016.2
462000 9264.62 14338.4 14419.6 38022.5
462500 9289.07 14363.3 14401.7 38054.1
463000 9312.43 14368 14394.5 38074.9
463500 9325.68 14370.9 14396.9 38093.5
464000 9328.36 14383.9 14399.6 38111.8
464500 9327.52 14386.6 14415.2 38129.3
465000 9319.91 14381.3 14443.7 38145
465500 9315.75 14393.5 14485.7 38195
466000 9312.68 14409.9 14520.6 38243.2
466500 9306.18 14417.7 14546.2 38270
467000 9316.36 14423 14577.8 38317.2
467500 9325.93 14443.1 14608.6 38377.5
468000 9311.27 14464.5 14629.3 38405.1
468500 9293.14 14487.7 14649.3 38430.1
469000 9300.16 14519.6 14657.2 38476.9
469500 9309.73 14543.8 14673.2 38526.7
470000 9312.3 14571.3 14691.3 38574.9
470500 9315.74 14579.6 14718.2 38613.5
471000 9320.26 14586.7 14736 38643
471500 9325.48 14605 14764 38694.5
472000 9324.69 14610 14792.1 38726.9
472500 9341.27 14623.7 14810.5 38775.5
473000 9350.58 14636.5 14819.3 38806.3
473500 9360.89 14653.5 14824.2 38838.6
474000 9376.07 14673.3 14844.2 38893.6
474500 9376.61 14676.1 14879.9 38932.6
475000 9383.14 14685.1 14908.4 38976.6
475500 9390.9 14708.6 14913.6 39013.1
476000 9395.59 14731.9 14935.8 39063.3
476500 9405.74 14765.4 14953.6 39124.8
477000 9406.54 14791.8 14972.5 39170.8
477500 9416.37 14814.8 14983.7 39214.9
478000 9417.61 14813.2 14992.8 39223.6
478500 9417.09 14843.4 14992.9 39253.4
479000 9424.54 14851.1 15001.7 39277.3
479500 9426.25 14860.9 15005.2 39292.4
480000 9436.75 14877.2 14992 39306
480500 9451.77 14880.7 15006.1 39338.6
481000 9458.34 14886.2 15014 39358.6
481500 9449.43 14891.8 15027.7 39368.9
482000 9456.45 14908.5 15033.9 39398.9
482500 9465.09 14914.2 15048.5 39427.8
483000 9473.49 14921.8 15058.5 39453.9
483500 9486.81 14928 15062.8 39477.6
484000 9492.52 14934.6 15079.8 39507
484500 9511.21 14934.3 15085.2 39530.6
485000 9530.35 14962.4 15096.6 39589.4
485500 9562.21 14997.8 15114.3 39674.3
486000 9583.49 15018.7 15127.9 39730.1
486500 9596.99 15032.7 15157.7 39787.4
487000 9597.87 15048.2 15183 39829.1
487500 9599.89 15057.8 15205.1 39862.7
488000 9616.33 15078.2 15222.1 39916.6
488500 9637.4 15087.1 15240.3 39964.8
489000 9638.15 15094.5 15244.1 39976.8
489500 9652.46 15107.4 15279.8 40039.6
490000 9650.87 15121.8 15312.2 40084.9
490500 9654.42 15131.1 15328.6 40114.1
491000 9664.2 15153.5 15352.5 40170.2
491500 9657.44 15171.8 15372.9 40202.1
492000 9670.71 15188 15382.9 40241.6
492500 9681.68 15214.2 15397.6 40293.5
493000 9683.56 15241.1 15426 40350.7
493500 9687.51 15259.9 15451.3 40398.7
494000 9688.97 15273.9 15468.6 40431.5
494500 9707.35 15289.6 15486.9 40483.9
495000 9714.83 15291.5 15508.6 40514.9
495500 9719.51 15284.3 15516.4 40520.2
496000 9736.46 15284.5 15554.2 40575.2
496500 9753.72 15294.6 15580.4 40628.7
497000 9770.22 15319.7 15582.9 40672.8
497500 9782.72 15338.9 15609.2 40730.8
498000 9802.21 15359.7 15624.5 40786.3
498500 9818.42 15381.5 15630.5 40830.4
499000 9812.34 15399.6 15631.1 40843
499500 9808.72 15418.6 15652.3 40879.7
500000 9812.28 15432.9 15668.1 40913.3
500500 9829.13 15455.9 15683.8 40968.8
501000 9843.78 15463.2 15699.3 41006.3
501500 9843.54 15479.7 15711.3 41034.6
502000 9845.76 15493.4 15727.7 41066.8
502500 9854.64 15504.6 15755.8 41115
503000 9849.49 15528.9 15776.4 41154.8
503500 9858.35 15551.4 15807.8 41217.6
504000 9865.82 15579.6 15826.8 41272.2
504500 9885.34 15598.8 15847 41331.1
505000 9892.06 15610.3 15863.5 41365.8
505500 9904.68 15608.1 15884.3 41397.1
506000 9913.63 15615.7 15891.3 41420.6
506500 9914.15 15627.3 15926.2 41467.6
507000 9915.66 15628.2 15951.8 41495.6
507500 9926.72 15644.9 15966.8 41538.4
508000 9930.37 15656.1 15979.7 41566.1
508500 9914.93 15686.7 15979.7 41581.3
509000 9911.64 15716.4 15977.6 41605.6
509500 9899.56 15738.4 15979.2 41617.1
510000 9898.64 15770.9 15980.8 41650.4
510500 9897.64 15804.5 15978.7 41680.8
511000 9908.69 15841.3 15978.7 41728.7
511500 9919.18 15865.6 15997.5 41782.3
512000 9929.57 15890.3 16000.4 41820.2
512500 9939.32 15888.7 15981.3 41809.3
513000 9945.03 15898.6 15977.8 41821.4
513500 9950.42 15903.2 15988.9 41842.6
514000 9964.84 15904.3 16011.3 41880.4
514500 9979.55 15923.6 16020.2 41923.4
515000 9988.85 15943.3 16031 41963.2
515500 10000.2 15953.8 16038.5 41992.6
516000 9998.95 15959.1 16059.8 42017.8
516500 9996.22 15966.7 16060.3 42023.2
517000 10004.8 15991.9 16066 42062.7
517500 10014.8 16024.7 16067.4 42106.9
518000 10023.6 16041.6 16064.9 42130.1
518500 10038.3 16058 16072.7 42169
519000 10038.8 16067.9 16101.3 42207.9
519500 10052.9 16087.1 16124.9 42264.9
520000 10053.6 16113.8 16132 42299.3
520500 10077.5 16147.3 16145 42369.8
521000 10103.7 16173.5 16157.9 42435.1
521500 10123.3 16182.3 16163.8 42469.3
522000 10141.1 16197.1 16173.9 42512.1
522500 10161.7 16220.4 16178.9 42561
523000 10186.9 16245.4 16188 42620.3
523500 10198.7 16258.6 16214.1 42671.5
524000 10209.7 16280.6 16224.7 42714.9
524500 10211.4 16308.4 16236.7 42756.5
525000 10219.6 16330.1 16242.2 42791.9
525500 10226.5 16342.3 16245.6 42814.3
526000 10239.4 16342.9 16253 42835.3
526500 10251.9 16353.8 16262.9 42868.7
527000 10266.1 16387.1 16267.1 42920.3
527500 10283.5 16399.8 16263.6 42946.9
528000 10289.2 16414.1 16261.6 42964.9
528500 10304.3 16442 16266.8 43013.1
529000 10315.8 16462.6 16272.9 43051.3
529500 10320.2 16473.6 16289.1 43082.8
530000 10319.4 16483.8 16303.7 43107
530500 10331.3 16513 16313 43157.4
531000 10331.6 16544.7 16302.4 43178.7
531500 10341.9 16572.9 16304.7 43219.5
532000 10357.3 16614.6 16319.3 43291.2
532500 10383.3 16637 16309.4 43329.6
533000 10391.2 16659.8 16301.1 43352.1
533500 10409.1 16673.2 16304.9 43387.2
534000 10425.6 16699.3 16318 43442.9
534500 10441.6 16716.2 16334.4 43492.1
535000 10437.7 16722.7 16357.3 43517.7
535500 10446.6 16731.6 16388.8 43567
536000 10457 16746.1 16411.5 43614.5
536500 10457.5 16757.9 16430.1 43645.6
537000 10467 16748.4 16447.6 43663
537500 10466 16755.4 16456.9 43678.2
538000 10470.8 16755 16473.3 43699
538500 10495.6 16772.8 16460.9 43729.3
539000 10514.8 16796.7 16451.2 43762.7
539500 10529.1 16833.1 16447.2 43809.4
540000 10534.3 16834.5 16454.2 43823
540500 10539.5 16855 16473.8 43868.2
541000 10544.8 16871.1 16490.9 43906.7
541500 10556.6 16903.2 16492.2 43952
542000 10584.2 16915.9 16512.4 44012.5
542500 10596.2 16920.1 16517.1 44033.4
543000 10607.9 16945.4 16533.2 44086.5
543500 10615.8 16971.9 16555 44142.7
544000 10621.2 17018.6 16569.3 44209.1
544500 10631.6 17056.2 16584.6 44272.4
545000 10648.6 17070.9 16605.9 44325.5
545500 10659.5 17090.1 16627.5 44377.1
546000 10658.2 17111.2 16639.1 44408.5
546500 10666.7 17123.7 16651.9 44442.3
547000 10691.2 17138.4 16635.3 44464.9
547500 10694.3 17157.9 16628.5 44480.7
548000 10699 17178.4 16615.2 44492.7
548500 10707.9 17187.7 16609.7 44505.3
549000 10719.7 17181.9 16615.4 44517.1
549500 10723.8 17159.4 16631.8 44515
550000 10715.7 17152 16636.2 44504
550500 10715 17174.2 16629.9 44519.2
551000 10717.6 17174.9 16633.1 44525.6
551500 10735 17172.4 16626.7 44534.1
552000 10746.3 17157.4 16633 44536.8
552500 10757.9 17142.7 16633.5 44534.1
553000 10770.4 17143.4 16632 44545.7
553500 10785.9 17141 16628.6 44555.6
554000 10778.8 17135.7 16635.4 44549.8
554500 10790.8 17143.8 16634.1 44568.7
555000 10798.7 17136.7 16650.9 44586.3
555500 10804 17137.2 16676.4 44617.7
556000 10808 17138.2 16686.5 44632.7
556500 10804.5 17154.4 16702.5 44661.4
557000 10796.4 17169.5 16721.7 44687.6
557500 10793.5 17193.8 16750.6 44737.9
558000 10786.3 17227.7 16792.7 44806.7
558500 10796.7 17248.5 16831.3 44876.5
559000 10800.5 17270.2 16854.2 44924.8
559500 10801.2 17274.2 16869.4 44944.8
560000 10818 17281.8 16874.2 44974.1
560500 10825.2 17289 16879.7 44993.9
561000 10829 17288.5 16900 45017.5
561500 10828.6 17285.2 16923.7 45037.4
562000 10837.7 17286.5 16945 45069.2
562500 10844.7 17295.6 16943.6 45084
563000 10855.3 17306.1 16949.6 45110.9
563500 10873.1 17318.7 16967.5 45159.2
564000 10886.2 17314.7 16985.3 45186.2
564500 10884.6 17322.1 17001 45207.7
565000 10878.9 17344.6 17011 45234.6
565500 10874.5 17367.1 17056.9 45298.4
566000 10869.2 17367.4 17083.3 45319.9
566500 10865.2 17370.7 17101 45336.9
567000 10861.5 17389.5 17107.1 45358
567500 10850.1 17403.1 17115.1 45368.4
568000 10867.3 17398.6 17107 45372.8
568500 10878.6 17407.4 17117 45403
569000 10893.2 17399.6 17129.8 45422.6
569500 10906.6 17402.3 17143.4 45452.2
570000 10926.5 17404.4 17172.8 45503.7
570500 10963 17408.3 17211.3 45582.5
571000 10976.4 17409.9 17235.5 45621.8
571500 10994.4 17427 17233.5 45654.8
572000 11006.4 17432.9 17262.6 45702
572500 11016.3 17439.8 17267.6 45723.7
573000 11031.5 17468.2 17284.5 45784.1
573500 11054.2 17490.3 17301.8 45846.4
574000 11072.9 17523.5 17323.9 45920.3
574500 11089.6 17547.1 17334.7 45971.4
575000 11098.6 17579.7 17363.5 46041.8
575500 11095.6 17606.5 17389.9 46091.9
576000 11104.1 17618.7 17404.1 46126.9
576500 11112 17642.6 17425.6 46180.2
577000 11107.7 17669.9 17437.6 46215.2
577500 11119.4 17693.5 17463.8 46276.7
578000 11126.2 17719 17494.6 46339.8
578500 11141.1 17746.9 17507.2 46395.2
579000 11162.2 17785 17524.6 46471.8
579500 11166.1 17816.1 17537.8 46520
580000 11163.1 17837.9 17570.6 46571.7
580500 11174.2 17846.4 17611 46631.6
581000 11178.4 17855.2 17639.2 46672.9
581500 11191.9 17860.9 17667 46719.7
582000 11199.9 17872.1 17678.7 46750.7
582500 11209.9 17873 17690.8 46773.6
583000 11218.3 17875.1 17700.4 46793.8
583500 11230.3 17878 17718.9 46827.2
584000 11235.2 17903.2 17739.6 46877.9
584500 11230 17920.3 17755.6 46905.9
585000 11229.2 17926.7 17763.4 46919.3
585500 11236.1 17934.7 17773.8 46944.6
586000 11235.6 17949.5 17784.8 46969.9
586500 11240.5 17966.8 17784.4 46991.7
587000 11247.9 17993.7 17787.7 47029.3
587500 11263.9 18007.3 17794 47065.2
588000 11266.6 18022.5 17807.6 47096.7
588500 11260.3 18036.7 17816.9 47113.9
589000 11243 18041.6 17827.1 47111.7
589500 11236.7 18056.2 17843.9 47136.8
590000 11241.6 18080.1 17864 47185.6
590500 11249.2 18097.7 17888.7 47235.6
591000 11261.2 18121.8 17913.4 47296.4
591500 11284.3 18146.5 17948.1 47378.8
592000 11304.8 18169.9 17982.5 47457.2
592500 11316.3 18184 18007.8 47508.2
593000 11320.6 18187.2 18038 47545.8
593500 11329.8 18210.4 18061.9 47602.1
594000 11327.6 18246.9 18065.8 47640.3
594500 11328.4 18274.2 18074.3 47677
595000 11335.4 18294 18080.2 47709.6
595500 11346.9 18311 18094.8 47752.7
596000 11363.4 18325 18105.7 47794.2
596500 11380.7 18322.4 18114.6 47817.7
597000 11396.3 18338.3 18116.7 47851.3
597500 11404.2 18347.7 18112.9 47864.8
598000 11421.1 18364.7 18123 47908.8
598500 11445.5 18388.4 18144 47977.9
599000 11471.2 18401.4 18168.5 48041
599500 11488.8 18401.3 18181.7 48071.8
600000 11501.1 18403.6 18188.3 48093
600500 11514.6 18411.9 18193.7 48120.2
601000 11530.3 18405.4 18210.8 48146.4
601500 11545.3 18396.3 18253.6 48195.2
602000 11538.3 18388.9 18299.1 48226.3
602500 11539.9 18394.7 18331.4 48265.9
603000 11545.8 18397.4 18355.3 48298.6
603500 11556.2 18429.7 18382 48368
604000 11564.4 18456.2 18393.9 48414.5
604500 11559 18495.4 18410.3 48464.7
605000 11556 18521 18423.8 48500.8
605500 11551.3 18531.8 18417.2 48500.3
606000 11563.7 18553.4 18434.7 48551.8
606500 11574.6 18567.1 18454.8 48596.5
607000 11587.3 18590.9 18449.3 48627.6
607500 11590.6 18630.5 18423.3 48644.4
608000 11583.4 18658.6 18422.9 48664.9
608500 11582.9 18677.2 18422.5 48682.6
609000 11579.8 18702.1 18440.9 48722.8
609500 11567.8 18714.9 18470.5 48753.1
610000 11567.7 18721.1 18508.6 48797.4
610500 11579.2 18712.6 18519.9 48811.7
611000 11582 18718.1 18543.3 48843.4
611500 11583.8 18730.3 18562.7 48876.8
612000 11594.6 18745.7 18588.8 48929.1
612500 11591.9 18754.4 18613.9 48960.3
613000 11604.7 18762.2 18658.3 49025.2
613500 11630.5 18775.6 18689.9 49095.9
614000 11651.8 18808.1 18739.2 49199.1
614500 11666.2 18824.5 18773.5 49264.3
615000 11660.5 18836.5 18778.7 49275.6
615500 11671.5 18856.5 18784.4 49312.4
616000 11678.7 18878.5 18804.3 49361.5
616500 11680.6 18901.4 18802.4 49384.4
617000 11666.1 18937.7 18825.1 49428.9
617500 11646.6 18959.3 18845.5 49451.4
618000 11632.5 18975.1 18867.2 49474.8
618500 11633 18996.6 18893.7 49523.4
619000 11637.2 19016.4 18902.4 49555.9
619500 11640.1 19032.5 18908 49580.6
620000 11641.4 19049.9 18914.5 49605.8
620500 11648.1 19064.5 18917.2 49629.8
621000 11654.3 19095 18922.9 49672.2
621500 11647.1 19101.7 18932.3 49681.1
622000 11655 19109.9 18945.3 49710.2
622500 11665.8 19096.7 18953.4 49715.9
623000 11687.1 19100.5 18968.7 49756.3
623500 11691.2 19104.4 18980.7 49776.3
624000 11710.5 19113.8 18999.5 49823.8
624500 11728.1 19125.9 19027.6 49881.5
625000 11738.6 19142.5 19073.3 49954.4
625500 11760.2 19169 19106.4 50035.6
626000 11766.5 19188.2 19141.2 50095.9
626500 11787.7 19211.9 19163.9 50163.4
627000 11804 19224.5 19193 50221.5
627500 11824.5 19247.6 19241.1 50313.2
628000 11846.3 19283.7 19273.3 50403.4
628500 11867.1 19308 19294.6 50469.8
629000 11878.7 19299.9 19316.4 50495.1
629500 11878.7 19295 19371.4 50545.1
630000 11873.3 19304.1 19389.5 50566.8
630500 11864.3 19338.9 19420.8 50624
631000 11879.7 19376.2 19446.2 50702.1
631500 11907.3 19392.9 19464.4 50764.5
632000 11916.2 19412.5 19482.5 50811.1
632500 11925.3 19417.7 19509.5 50852.5
633000 11935.2 19428.6 19536 50899.9
633500 11951.8 19434.4 19552.2 50938.4
634000 11962.8 19430.6 19558.8 50952.2
634500 11983.5 19442.8 19593.3 51019.6
635000 11998.7 19462.9 19610 51071.5
635500 12019.4 19492.4 19633.6 51145.3
636000 12043.5 19511.6 19627 51182.1
636500 12049.9 19529.1 19614.6 51193.6
637000 12048.2 19532.5 19605.4 51186.1
637500 12049.3 19535.7 19602.1 51187
638000 12049.8 19561.5 19599.9 51211.2
638500 12048.2 19559.5 19597.1 51204.8
639000 12051.6 19567.5 19585.5 51204.6
639500 12063.2 19581.3 19570.5 51214.9
640000 12073.6 19586.4 19555.4 51215.4
640500 12088 19598.1 19538.4 51224.5
641000 12088.5 19597.8 19553.6 51239.9
641500 12093 19614.4 19549.2 51256.6
642000 12113.6 19640.7 19554.5 51308.8
642500 12123.4 19662.8 19567.5 51353.6
643000 12129.2 19677.9 19588.5 51395.6
643500 12130 19685 19604.4 51419.4
644000 12128.4 19702.5 19634.2 51465.1
644500 12135.8 19717.3 19648.8 51501.8
645000 12143.3 19714.2 19645 51502.5
645500 12145.6 19727 19656 51528.6
646000 12135.3 19734 19660.4 51529.7
646500 12150.5 19741.6 19671.4 51563.5
647000 12163 19773.7 19677.9 51614.6
647500 12197.9 19787.8 19679.5 51665.3
648000 12219.8 19785.7 19688.7 51694.3
648500 12236.8 19800.7 19692.4 51729.9
649000 12251.2 19817.3 19709 51777.5
649500 12267.3 19841.9 19722.3 51831.4
650000 12278.4 19846.9 19724.4 51849.7
650500 12295.6 19839.7 19734.3 51869.5
651000 12314.2 19858.1 19738.8 51911.1
651500 12315.3 19861.1 19747.4 51923.9
652000 12328.4 19869.7 19754.6 51952.7
652500 12342.3 19896.7 19770.4 52009.4
653000 12353.8 19940.1 19790.3 52084.2
653500 12375.1 19992.5 19794.5 52162.1
654000 12391 20030.7 19813.1 52234.8
654500 12381.3 20070.7 19803.8 52255.8
655000 12386 20103.6 19808.4 52297.9
655500 12399.6 20131.3 19829.4 52360.3
656000 12423.4 20130.5 19844.7 52398.6
656500 12440.5 20121.4 19851.1 52413
657000 12457.4 20130.8 19855.8 52444
657500 12459.6 20148.5 19854.5 52462.6
658000 12450.3 20164.1 19848.9 52463.3
658500 12436.1 20180.1 19844.1 52460.4
659000 12415.9 20195.4 19854.7 52466.1
659500 12408.2 20204.9 19846.5 52459.6
660000 12417.8 20223.9 19841.2 52482.9
660500 12428.7 20241.8 19854.3 52524.7
661000 12428.7 20267.7 19878.2 52574.6
661500 12425.4 20308.6 19898.6 52632.7
662000 12426.5 20322.8 19901.7 52651
662500 12432.7 20339.5 19918.8 52690.9
663000 12446.6 20363.2 19942.9 52752.7
663500 12457.4 20372.4 19977.4 52807.3
664000 12459.1 20373.4 20015.8 52848.3
664500 12449.6 20379.4 20034.1 52863.2
665000 12446.4 20395.8 20038.3 52880.4
665500 12446.2 20402.9 20063.3 52912.3
666000 12457.6 20421.1 20090.7 52969.4
666500 12466.9 20441.8 20120.1 53028.8
667000 12469 20455.3 20119 53043.4
667500 12472 20464.4 20124.8 53061.2
668000 12484.3 20475.8 20130.8 53090.8
668500 12492.4 20472.9 20142.7 53108
669000 12516.1 20478.1 20160.3 53154.5
669500 12535.9 20489.9 20157.2 53183
670000 12547.9 20502.7 20153.4 53204
670500 12548.5 20524.7 20155 53228.3
671000 12552.4 20528.5 20173.4 53254.2
671500 12554.9 20541.9 20182.8 53279.6
672000 12563.2 20552.2 20183.8 53299.3
672500 12572.4 20548 20197.5 53317.9
673000 12571.7 20539 20194.6 53305.3
673500 12560.7 20549.5 20212.3 53322.5
674000 12569.6 20565.6 20230.2 53365.4
674500 12578.9 20606.3 20261.8 53447.1
675000 12592.6 20628.8 20299.2 53520.6
675500 12605.7 20649.1 20319.1 53573.9
676000 12601.1 20655.1 20335.4 53591.6
676500 12606 20645.6 20355 53606.7
677000 12618.3 20647.9 20366.7 53632.9
677500 12632.5 20651.1 20381 53664.5
678000 12647 20653.2 20390.7 53691
678500 12661.6 20655.1 20432.3 53748.9
679000 12674.6 20640.6 20466.5 53781.7
679500 12671.4 20623.4 20508.1 53802.9
680000 12659.2 20631.9 20534.2 53825.3
680500 12681.3 20642.1 20568.4 53891.9
681000 12692.2 20648.5 20586.2 53926.9
681500 12700.7 20665.1 20584.1 53950
682000 12717.3 20686.9 20606.4 54010.6
682500 12734.1 20693.5 20643.5 54071
683000 12734.9 20719.4 20669.2 54123.5
683500 12746.1 20742.6 20680.2 54169
684000 12748 20782.4 20703 54233.4
684500 12736.8 20827.3 20709 54273.1
685000 12747.2 20860 20743.6 54350.9
685500 12766.9 20888.2 20767 54422.1
686000 12784.2 20897.8 20787.9 54470
686500 12801.7 20889.8 20808.6 54500.1
687000 12806 20901.6 20811.1 54518.6
687500 12817.5 20951 20824.7 54593.3
688000 12822.6 20967.7 20826.1 54616.4
688500 12827.8 20970 20852 54649.8
689000 12839.5 20961.5 20882.2 54683.3
689500 12861.6 20963.1 20907.9 54732.5
690000 12861.5 20965.7 20921.5 54748.8
690500 12852.5 20977.8 20942.5 54772.7
691000 12870.1 20983.1 20966 54819.2
691500 12886.8 20977.9 20971 54835.7
692000 12910.6 20979.8 20976.1 54866.5
692500 12936.7 20997 20988.8 54922.5
693000 12944.6 21006.4 21019.7 54970.7
693500 12961.9 21031.1 21048.7 55041.7
694000 12969.6 21051.9 21073.9 55095.4
694500 12982.7 21062.9 21124.5 55170.1
695000 13004.9 21073.8 21147.5 55226.2
695500 13021.7 21077.9 21169.5 55269.1
696000 13035.2 21095.7 21166.3 55297.2
696500 13052.6 21121.6 21174.3 55348.6
697000 13054.3 21145.3 21201.1 55400.7
697500 13065.8 21154 21249 55468.8
698000 13079.3 21167.3 21280.6 55527.2
698500 13090.6 21173.6 21282.5 55546.7
699000 13088.7 21188 21292.1 55568.7
699500 13104.1 21206.3 21302.7 55613
700000 13123.6 21237.2 21296.9 55657.8
700500 13131.4 21290.5 21313.5 55735.4
701000 13147.2 21317.1 21353.7 55817.9
701500 13158.3 21335.3 21387.5 55881.1
702000 13155.9 21354.3 21405.1 55915.3
702500 13163 21351.7 21416.1 55930.7
703000 13153.1 21346.9 21434.6 55934.6
703500 13154.4 21344.5 21452.5 55951.4
704000 13168.5 21343.6 21467.7 55979.9
704500 13170.1 21367.7 21476.6 56014.4
705000 13155.9 21405.1 21491.4 56052.4
705500 13148.9 21407.7 21513.9 56070.6
706000 13139.1 21392 21540.6 56071.7
706500 13139.9 21403.9 21561.6 56105.3
707000 13148.8 21394 21574.2 56117
707500 13145 21397.3 21589.4 56131.7
708000 13157.4 21398.1 21604.9 56160.4
708500 13175.3 21398.4 21627.5 56201.1
709000 13187.5 21410.8 21634.9 56233.1
709500 13201.1 21402.8 21652.4 56256.3
710000 13221.2 21391.7 21667.4 56280.2
710500 13233.4 21389 21680.3 56302.8
711000 13242.1 21387.4 21704.9 56334.5
711500 13260.6 21387.3 21713.2 56361.1
712000 13269.9 21378.1 21720.7 56368.7
712500 13299.6 21374.3 21750.2 56424
713000 13327.5 21350.9 21772.4 56450.8
713500 13347.9 21322.2 21807.7 56477.8
714000 13367.8 21307.7 21844.2 56519.6
714500 13380.6 21319.8 21867.3 56567.7
715000 13395.2 21360.4 21869.7 56625.4
715500 13404.5 21383.3 21870.4 56658.2
716000 13423.2 21390.2 21882.2 56695.6
716500 13443.4 21404.1 21890.6 56738.1
717000 13469.5 21415.4 21920.9 56805.8
717500 13481.7 21450.4 21929.3 56861.4
718000 13495 21462.3 21950.1 56907.4
718500 13512.5 21500.7 21971.5 56984.7
719000 13535.2 21529.6 21970.5 57035.3
719500 13546.2 21557.6 21972.9 57076.8
720000 13544.7 21582.9 21998 57125.6
720500 13546.3 21593.7 22041.6 57181.6
721000 13537.6 21648.6 22084.4 57270.6
721500 13543.4 21680.1 22120.8 57344.4
722000 13521.3 21704.7 22155.2 57381.2
722500 13513.2 21742.4 22179.5 57435
723000 13510.6 21777.5 22200 57488.1
723500 13513.6 21793.3 22215.4 57522.4
724000 13521.8 21816 22227.5 57565.3
724500 13516.9 21827.3 22219.9 57564.2
725000 13514.2 21843.9 22214.1 57572.3
725500 13535 21863.2 22214.1 57612.2
726000 13548.8 21852.4 22213.7 57615
726500 13560 21856.3 22221.1 57637.4
727000 13563.1 21868.8 22231.3 57663.2
727500 13566.9 21878.8 22264.4 57710.1
728000 13571.6 21892.8 22270.2 57734.6
728500 13583.9 21918.4 22292.7 57795
729000 13587.2 21940.7 22307.1 57835
729500 13577.1 21946.9 22308.6 57832.6
730000 13574.8 21969 22306.2 57850
730500 13573.8 21984.7 22321.2 57879.7
731000 13598 21993.1 22348.5 57939.6
731500 13626.9 22024.7 22380.3 58031.9
732000 13643 22031.8 22416.1 58090.9
732500 13643.1 22030.9 22440.9 58114.9
733000 13641.2 22033.7 22457.8 58132.7
733500 13633.6 22036.4 22465.4 58135.4
734000 13637.8 22014.3 22475.3 58127.5
734500 13627.7 21999.7 22478.7 58106.1
735000 13620.2 21997.6 22491.6 58109.4
735500 13626.5 22000.8 22490.3 58117.6
736000 13628.3 22001.4 22518.1 58147.8
736500 13627.9 21990.7 22564.5 58183.1
737000 13628 21988.3 22610 58226.3
737500 13635.5 22005.6 22628.7 58269.9
738000 13638.1 22021.8 22641.3 58301.2
738500 13649.4 22039.9 22651.3 58340.6
739000 13662.1 22056.3 22654.8 58373.2
739500 13682.8 22090.5 22661.2 58434.6
740000 13689.3 22108.6 22671.8 58469.6
740500 13709.6 22115.2 22669.2 58494.1
741000 13725 22121.8 22675.8 58522.6
741500 13742.9 22145.5 22677 58565.3
742000 13751.2 22163.3 22697.7 58612.2
742500 13757.9 22168.5 22703.1 58629.5
743000 13782 22170.6 22692.4 58644.9
743500 13775.9 22200.3 22689.5 58665.7
744000 13782.7 22214.1 22695.9 58692.6
744500 13794.5 22226.1 22708.9 58729.6
745000 13819.3 22244.3 22714.7 58778.3
745500 13845.4 22244.4 22702.5 58792.3
746000 13857.5 22257.3 22687 58801.8
746500 13888.1 22289.2 22683.3 58860.6
747000 13906.7 22310 22691.5 58908.3
747500 13909.4 22334.7 22691 58935.1
748000 13914.2 22339.3 22701.1 58954.6
748500 13922.4 22363.5 22709.3 58995.2
749000 13934.3 22411.9 22713.5 59059.7
749500 13941.5 22443 22714.7 59099.1
750000 13953.7 22482.2 22729.1 59165.1
750500 13972.1 22533.2 22750.4 59255.7
751000 13991.1 22581.7 22777.3 59350.1
751500 14005.3 22618.7 22784.8 59408.8
752000 14025.6 22658.7 22792.3 59476.6
752500 14039.4 22688.4 22804.8 59532.6
753000 14060 22709.9 22819 59588.9
753500 14087.9 22729.6 22833.6 59651.1
754000 14104 22756.2 22866.5 59726.8
754500 14095.7 22783.7 22902.8 59782.1
755000 14102 22795.8 22919.9 59817.7
755500 14113.4 22827.6 22957.6 59898.6
756000 14120.7 22857.5 22989.8 59968.1
756500 14132.9 22880.9 23016.3 60030.1
757000 14160.9 22887.7 23040 60088.5
757500 14183.2 22904.4 23045.7 60133.4
758000 14195.5 22926.6 23037.5 60159.5
758500 14206.7 22962.1 23049.5 60218.3
759000 14222.8 22988 23073.4 60284.2
759500 14221.6 23029.4 23122.6 60373.6
760000 14226.1 23070.9 23141 60438
760500 14229.7 23111 23183.9 60524.6
761000 14228.4 23133.7 23210.7 60572.8
761500 14237.4 23139 23236.8 60613.2
762000 14245.2 23155.9 23268.2 60669.3
762500 14245.2 23168.9 23280.8 60694.8
763000 14240.4 23158 23288.8 60687.2
763500 14229.5 23161.6 23303.7 60694.8
764000 14218.4 23179.3 23324.4 60722.1
764500 14214.3 23174.1 23330.4 60718.7
765000 14207.5 23153.5 23358.8 60719.8
765500 14210.7 23146.1 23360.1 60716.9
766000 14211.2 23151 23374.9 60737.1
766500 14188.6 23163.1 23379.8 60731.6
767000 14185.4 23186.7 23394.1 60766.2
767500 14194.3 23223.1 23398.3 60815.7
768000 14190.1 23268 23378.9 60837
768500 14200.4 23301.5 23363.8 60865.8
769000 14207.9 23304.5 23373.5 60885.9
769500 14223.9 23313.5 23376.3 60913.8
770000 14232.6 23312.5 23396.5 60941.6
770500 14249.9 23323.3 23409.7 60982.9
771000 14280.9 23337.3 23432.5 61050.7
771500 14301.7 23356.2 23440.4 61098.2
772000 14319.9 23375.2 23448.6 61143.7
772500 14332.6 23379.8 23462.9 61175.3
773000 14345.3 23388.7 23486.7 61220.8
773500 14366.5 23387.3 23487.6 61241.4
774000 14396.9 23421.4 23484.5 61302.9
774500 14409.4 23424.3 23482.2 61316
775000 14419.6 23450.9 23480.3 61350.8
775500 14415.3 23475.6 23496.6 61387.5
776000 14417.4 23512.1 23511.7 61441.1
776500 14428.1 23540.8 23528.9 61497.7
777000 14441.5 23574 23542.6 61558
777500 14433.2 23594.2 23560.8 61588.2
778000 14440.5 23597.4 23571.5 61609.4
778500 14449.8 23619.6 23590.8 61660.2
779000 14455.9 23658.9 23629.5 61744.3
779500 14461.5 23683 23666.2 61810.7
780000 14456.1 23703.8 23693.1 61853.1
780500 14442.8 23712.3 23710.2 61865.3
781000 14446.6 23700.8 23730.1 61877.5
781500 14459.9 23708.3 23754.7 61922.9
782000 14478.8 23728.3 23772.8 61979.8
782500 14500.3 23740.5 23783.2 62024
783000 14497.8 23749.4 23793.2 62040.4
783500 14507.5 23783.7 23800.1 62091.2
784000 14525.8 23797.4 23799.1 62122.3
784500 14543.3 23815.2 23818.7 62177.2
785000 14557.4 23830.4 23826.8 62214.7
785500 14583.2 23845.1 23864.3 62292.6
786000 14593.9 23879.1 23886.8 62359.8
786500 14610.5 23882.9 23898.3 62391.7
787000 14623.5 23919.1 23900.6 62443.3
787500 14642.4 23985 23897.1 62524.6
788000 14661.3 24034.3 23908.7 62604.3
788500 14661.3 24070.4 23916.2 62647.9
789000 14675.7 24080 23926.8 62682.4
789500 14686.3 24089.7 23927.8 62703.8
790000 14703.3 24084.8 23933 62721.1
790500 14712.6 24071.2 23955.1 62738.9
791000 14716.7 24064.7 23981.4 62762.8
791500 14748.5 24089.8 23998.6 62836.9
792000 14764.6 24130.9 23983.3 62878.9
792500 14785.9 24159.6 23968.4 62913.9
793000 14794.7 24170.9 23967.9 62933.5
793500 14793.6 24181 23967.8 62942.5
794000 14793.7 24170.2 23974.9 62938.7
794500 14795.3 24159.7 23981.7 62936.7
795000 14790.6 24177.7 23995.2 62963.4
795500 14798.1 24199.5 24010.7 63008.4
796000 14830.8 24228.2 24005.6 63064.6
796500 14843.2 24255.7 24013.4 63112.4
797000 14849.4 24293.4 24008.3 63151.1
797500 14851 24309.8 24009.2 63170.1
798000 14870.3 24335.4 24025.4 63231.1
798500 14878.9 24365.5 24040.4 63284.8
799000 14895.5 24361 24068.6 63325.1
799500 14908.4 24358.1 24093.8 63360.3
800000 14920.4 24363.5 24135.8 63419.7
800500 14951.3 24393 24166.4 63510.7
801000 14971.6 24418.7 24181.9 63572.2
801500 14992.4 24425.2 24213.8 63631.4
802000 15010.6 24446.5 24240.6 63697.7
802500 15010.4 24456 24271.6 63738
803000 15001.1 24448.4 24265.1 63714.6
803500 15003.6 24443.2 24268.8 63715.6
804000 15002.4 24458.2 24277.1 63737.8
804500 14998.8 24477 24283.8 63759.6
805000 15000.1 24479 24302.6 63781.7
805500 15005.6 24475.5 24310.3 63791.5
806000 15018 24488.9 24312 63818.8
806500 15024.4 24497.9 24308.7 63830.9
807000 15035.7 24504.2 24331.4 63871.3
807500 15059 24525.2 24341.6 63925.8
808000 15076.4 24527.1 24350.3 63953.8
808500 15095.4 24529.5 24371.6 63996.6
809000 15105.7 24535.7 24375.6 64017.1
809500 15112.7 24538.2 24408.3 64059.2
810000 15127.3 24556.5 24426.6 64110.4
810500 15138.8 24583.4 24457.7 64179.9
811000 15139.4 24609.2 24468.4 64217
811500 15154.7 24617.2 24458 64229.9
812000 15141.6 24642.8 24448.1 64232.5
812500 15137.9 24647 24452.3 64237.3
813000 15146.9 24669.3 24464.5 64280.7
813500 15170.1 24675.3 24474.7 64320.1
814000 15186.8 24667.8 24495.8 64350.5
814500 15207.5 24677.3 24499.7 64384.5
815000 15243.4 24704.9 24515.7 64464
815500 15276.8 24710.6 24538.1 64525.5
816000 15296.7 24730.8 24573.9 64601.4
816500 15312.7 24738.7 24605.5 64656.9
817000 15319 24734.9 24629.5 64683.4
817500 15313.2 24740 24656.1 64709.3
818000 15309 24752.5 24687.7 64749.3
818500 15317.8 24769.6 24710.4 64797.8
819000 15313.3 24784.6 24739.1 64837
819500 15310.6 24799 24766.9 64876.5
820000 15309.8 24814.4 24786.1 64910.3
820500 15303.5 24823.4 24787 64913.8
821000 15307 24831.6 24791 64929.6
821500 15282.2 24844.3 24785.4 64911.9
822000 15252.2 24871.7 24790.4 64914.3
822500 15248.7 24874.2 24784.1 64906.9
823000 15238.5 24873.4 24802.4 64914.4
823500 15229.6 24868.5 24804.5 64902.7
824000 15236.8 24863.5 24825 64925.3
824500 15224.4 24853.7 24857.3 64935.4
825000 15202.3 24856.3 24880.9 64939.4
825500 15207.5 24857.8 24917 64982.2
826000 15203.4 24868.9 24951.4 65023.6
826500 15209.7 24883.8 24997 65090.4
827000 15204.4 24897 25032.1 65133.5
827500 15215.1 24921 25063.5 65199.7
828000 15207.1 24942.4 25065.2 65214.6
828500 15207.2 24949.4 25053.5 65210.1
829000 15183.8 24962.7 25047.9 65194.3
829500 15169.2 24975.8 25049.3 65194.3
830000 15172.1 24982.6 25070.9 65225.6
830500 15169.6 25006.2 25086.1 65261.9
831000 15177.3 25041.2 25095.1 65313.6
831500 15180.8 25083.1 25117.1 65381.1
832000 15161.9 25109.9 25136.1 65407.9
832500 15165.8 25131.9 25140.4 65438
833000 15188 25158.6 25172.1 65518.8
833500 15194.3 25192.6 25193.4 65580.3
834000 15195.5 25215.3 25223.1 65634
834500 15208 25252.4 25230.9 65691.3
835000 15212.7 25265 25262.3 65740.1
835500 15218.2 25268 25260.8 65747
836000 15215.7 25278.5 25264.5 65758.7
836500 15229.3 25285 25270.4 65784.7
837000 15227.5 25285 25283.7 65796.2
837500 15234 25291.3 25293.1 65818.4
838000 15245.8 25304.2 25303.1 65853.2
838500 15253.5 25313.6 25304.2 65871.4
839000 15264.6 25323.6 25300.7 65888.8
839500 15285.6 25343.7 25336.8 65966
840000 15294 25351.5 25352.4 65998
840500 15309.4 25374.3 25376.6 66060.3
841000 15326.4 25389.7 25404.1 66120.1
841500 15352.2 25397.4 25424.7 66174.2
842000 15377.5 25420 25432.6 66230.2
842500 15381.4 25431.4 25451.3 66264.2
843000 15393.6 25434.7 25462.8 66291.1
843500 15389.8 25433.4 25474.8 66298
844000 15412.6 25446.4 25495.8 66354.8
844500 15419.4 25469.6 25511.5 66400.4
845000 15440 25480.9 25541.8 66462.8
845500 15449.6 25516 25577.2 66542.9
846000 15455.9 25547.8 25604.5 66608.1
846500 15456.7 25571 25631.5 66659.2
847000 15440.4 25590.8 25661.9 66693.2
847500 15444 25607.1 25670.7 66721.9
848000 15446.2 25608.5 25693.8 66748.5
848500 15453.7 25613.5 25706.3 66773.5
849000 15462.6 25611.5 25702 66776.1
849500 15469.7 25602 25701.5 66773.2
850000 15463.3 25596.5 25694.4 66754.3
850500 15448.5 25615.5 25716.8 66780.8
851000 15454.9 25640.3 25715.9 66811.1
851500 15457.5 25653.2 25730.6 66841.3
852000 15460.5 25661.1 25733.7 66855.2
852500 15473 25689.2 25755.9 66918.1
853000 15496.1 25712.6 25767.2 66975.9
853500 15514.2 25721.2 25769.5 67004.9
854000 15517.2 25751.3 25777.3 67045.8
854500 15526.3 25745.5 25789.2 67061
855000 15519 25767.2 25802.4 67088.5
855500 15520.7 25788.5 25800.9 67110.1
856000 15531.6 25820.9 25790.1 67142.6
856500 15542.9 25830.8 25766.2 67139.8
857000 15543 25851.6 25752.8 67147.4
857500 15557.1 25860 25758.1 67175.3
858000 15561.7 25897.2 25776.4 67235.3
858500 15569.4 25931.3 25797.4 67298.1
859000 15584.4 25952.4 25816.3 67353.2
859500 15590 25985.2 25828.8 67404
860000 15602.1 26010.7 25834.4 67447.1
860500 15603.2 26042.6 25849.8 67495.6
861000 15604.6 26066.5 25859.2 67530.3
861500 15604.8 26087.3 25885.1 67577.2
862000 15609.8 26111.8 25893 67614.6
862500 15612 26146 25901.6 67659.7
863000 15623.9 26169.9 25921.1 67714.9
863500 15640.4 26193.8 25931.4 67765.7
864000 15644.8 26216.7 25927.2 67788.7
864500 15644.5 26235.9 25924.4 67804.8
865000 15637.5 26222.2 25915.2 67774.9
865500 15658.3 26220.4 25901.9 67780.6
866000 15664.4 26217.1 25900 67781.4
866500 15686.9 26208.8 25922.7 67818.4
867000 15712 26197.4 25973.6 67883
867500 15723.7 26203.3 26005.1 67932.2
868000 15747.7 26201.4 26032.8 67981.9
868500 15768.6 26207.1 26038.7 68014.4
869000 15771.2 26232.2 26062.1 68065.5
869500 15775.5 26242.1 26098.6 68116.1
870000 15780.6 26261.1 26142.5 68184.2
870500 15802.2 26291 26162.1 68255.3
871000 15818.4 26313.7 26190.2 68322.3
871500 15829 26335.6 26197.2 68361.9
872000 15839.8 26357.9 26220.4 68418.1
872500 15863.4 26366.9 26230 68460.3
873000 15871.2 26387 26224.5 68482.7
873500 15864.4 26398.6 26213.2 68476.3
874000 15869.4 26430.2 26232.8 68532.5
874500 15873 26438.7 26254.1 68565.8
875000 15859.7 26455.9 26269.3 68584.8
875500 15839.9 26472.9 26274.8 68587.6
876000 15842 26500.6 26294.4 68637
876500 15844.3 26507.8 26285.1 68637.2
877000 15841.5 26494.2 26270.7 68606.4
877500 15865 26499 26251.7 68615.7
878000 15883.8 26512.9 26251.1 68647.8
878500 15897.5 26521.3 26258.3 68677
879000 15908.5 26543.2 26263.4 68715.1
879500 15918.2 26564.8 26281 68764
880000 15920.4 26612.3 26301.7 68834.4
880500 15951.2 26657.8 26318.1 68927.1
881000 15973.3 26680.5 26342.3 68996.2
881500 15974.6 26698.2 26372.1 69044.9
882000 15976.5 26719.1 26386.1 69081.8
882500 15989.7 26743.8 26404.8 69138.3
883000 16004.6 26780.8 26411.8 69197.3
883500 16017.2 26820.7 26403.3 69241.2
884000 16027.3 26839.5 26366.9 69233.7
884500 16028.7 26857.3 26335.5 69221.5
885000 16043.7 26868.9 26326.1 69238.7
885500 16067.3 26892.9 26325.5 69285.7
886000 16077.4 26928.7 26344.3 69350.5
886500 16095.1 26973.4 26394.4 69462.9
887000 16119.3 27000.1 26432.9 69552.3
887500 16149.7 27022.2 26434.7 69606.5
888000 16167.2 27048.6 26472.8 69688.5
888500 16185.2 27084.6 26479.2 69749
889000 16207.6 27102.3 26506.3 69816.2
889500 16238.9 27109.2 26538.9 69887
890000 16250.9 27142 26592 69984.9
890500 16247.9 27174.5 26622 70044.4
891000 16249.7 27179.6 26661.6 70090.9
891500 16251.9 27196.9 26677.7 70126.5
892000 16250.7 27216.4 26716.3 70183.4
892500 16271.2 27249.3 26774.7 70295.2
893000 16278.5 27252.7 26811.2 70342.3
893500 16285.2 27271.8 26824.6 70381.6
894000 16278.1 27299.5 26848 70425.6
894500 16284.3 27307.6 26865.6 70457.5
895000 16274.7 27298.2 26879.5 70452.3
895500 16293.2 27291.4 26899.9 70484.5
896000 16314.2 27280.7 26916.8 70511.7
896500 16335.3 27278.7 26927.5 70541.5
897000 16341.2 27294.6 26919.6 70555.4
897500 16357.5 27303.3 26946 70606.8
898000 16382.7 27309.8 26987.3 70679.9
898500 16390.8 27320.6 27022.1 70733.4
899000 16378.8 27314.6 27033.2 70726.5
899500 16373.1 27309.6 27047.3 70730
900000 16360 27316.3 27091.8 70768.2
900500 16361 27296.1 27124.3 70781.4
901000 16376.6 27285.7 27152.4 70814.7
901500 16396.3 27298.1 27174.9 70869.3
902000 16397.5 27290 27199.3 70886.8
902500 16407.7 27289.5 27241.9 70939.1
903000 16423.6 27304.5 27280.2 71008.3
903500 16434.4 27319.5 27289.7 71043.6
904000 16433.4 27348.5 27323.4 71105.3
904500 16428.9 27398.8 27336 71163.7
905000 16412.2 27413.7 27320.6 71146.5
905500 16412.9 27430 27316.4 71159.2
906000 16412.9 27465.6 27303.7 71182.2
906500 16415.6 27498.1 27312.4 71226.1
907000 16421.5 27539.6 27301.2 71262.3
907500 16430.3 27578.1 27299.1 71307.5
908000 16415.8 27619.9 27289.5 71325.3
908500 16414 27632.2 27300.4 71346.6
909000 16423.4 27651.7 27323.4 71398.5
909500 16437.8 27655.6 27331.4 71424.8
910000 16455.3 27667.6 27354.3 71477.3
910500 16463.3 27676.1 27369.1 71508.5
911000 16475.1 27652.7 27361.1 71488.9
911500 16477.2 27646.9 27363.7 71487.8
912000 16486.2 27652 27388.6 71526.9
912500 16490.9 27685.4 27407.9 71584.2
913000 16496.5 27709.7 27410.2 71616.5
913500 16503.7 27723.5 27437.6 71664.8
914000 16500.9 27731.1 27452.3 71684.3
914500 16487.7 27750 27456.2 71693.9
915000 16498.7 27784.1 27479.7 71762.6
915500 16522.7 27808.2 27506.8 71837.7
916000 16515.4 27811.7 27519.8 71846.9
916500 16518.1 27819 27533.2 71870.3
917000 16518.3 27826.9 27532.3 71877.5
917500 16532.9 27803.2 27556.2 71892.4
918000 16539.3 27805.2 27579.7 71924.2
918500 16549.7 27804.8 27602.5 71956.9
919000 16564.1 27804 27600.3 71968.4
919500 16583.4 27802.3 27585.5 71971.2
920000 16618 27808 27602.2 72028.2
920500 16632.8 27791.3 27617.2 72041.3
921000 16647.8 27794.4 27641.2 72083.4
921500 16664.3 27798.8 27661.2 72124.4
922000 16651.8 27823.7 27680.2 72155.7
922500 16645 27836.9 27704.1 72186
923000 16624.8 27829.6 27709.2 72163.6
923500 16617.1 27827.1 27701.5 72145.7
924000 16617.5 27832.9 27704.2 72154.6
924500 16594.8 27857.5 27707.7 72160
925000 16596.1 27866.8 27722.7 72185.6
925500 16614.7 27885 27744.1 72243.8
926000 16599.5 27886.6 27776 72262.1
926500 16602.3 27894.6 27785.8 72282.7
927000 16593.9 27905.6 27823 72322.4
927500 16599.1 27922.5 27833.1 72354.7
928000 16590.5 27920.4 27841 72352
928500 16566.6 27919.7 27861.1 72347.5
929000 16550.5 27927.6 27890.8 72368.9
929500 16567.5 27945.2 27941 72453.6
930000 16570.3 27972.9 27968.1 72511.3
930500 16566.7 28000.4 27973.6 72540.7
931000 16590.4 27994.8 27990.1 72575.3
931500 16593.2 28021.1 28000.1 72614.4
932000 16600.9 28036.5 28019.9 72657.3
932500 16611.8 28042.4 28022.1 72676.3
933000 16642.4 28067.2 28041.2 72750.8
933500 16643.3 28098.3 28026.4 72768
934000 16641 28111 28029.7 72781.6
934500 16632.9 28107.7 28029.5 72770.1
935000 16610.4 28113.2 28025.6 72749.3
935500 16588.5 28136.4 28033.6 72758.5
936000 16575.9 28150 28035.9 72761.8
936500 16578.2 28157.7 28020.2 72756
937000 16572.6 28180.7 28033.3 72786.6
937500 16583.6 28202 28068.9 72854.5
938000 16606.5 28210.4 28067.2 72884.2
938500 16614.2 28207.5 28075.1 72896.8
939000 16621.2 28215 28105.7 72941.9
939500 16608.3 28226.7 28132.4 72967.4
940000 16593.5 28275.1 28154.5 73023.2
940500 16592.2 28313.1 28181.4 73086.7
941000 16611.4 28364.9 28209.7 73185.9
941500 16630.5 28388.8 28213.1 73232.4
942000 16657.1 28445.1 28209.1 73311.3
942500 16678.5 28490.9 28221.9 73391.2
943000 16706.7 28522.6 28221.4 73450.6
943500 16715.8 28568.6 28234.3 73518.6
944000 16728.8 28594.5 28248.7 73571.9
944500 16730.9 28611.8 28267.2 73609.9
945000 16727.3 28631.1 28278.2 73636.6
945500 16730.9 28662.8 28274 73667.7
946000 16726.7 28690.4 28280.9 73697.9
946500 16740.2 28711.7 28283.2 73735.1
947000 16737.1 28737.2 28265.6 73739.9
947500 16748.9 28745.3 28255.4 73749.6
948000 16741.7 28753.4 28254.1 73749.2
948500 16751.7 28768.5 28269.1 73789.2
949000 16746 28788.4 28278.3 73812.7
949500 16731.1 28818.2 28308 73857.3
950000 16737.3 28850.6 28335.2 73923.1
950500 16742.5 28878.3 28369.6 73990.4
951000 16761.2 28892.8 28412.9 74066.9
951500 16767.4 28896.2 28451.9 74115.5
952000 16780.8 28913.8 28482.3 74176.9
952500 16813.9 28961 28494.2 74269.2
953000 16837.6 28973.2 28489.7 74300.5
953500 16855.4 28963.2 28502.7 74321.3
954000 16876.9 28959.5 28525.5 74361.9
954500 16903.8 28952.9 28540.4 74397.1
955000 16931.9 28953.2 28525.5 74410.6
955500 16946.6 28972 28515.9 74434.4
956000 16953.2 28997.2 28537.5 74487.9
956500 16964.9 29005.3 28561.1 74531.4
957000 16985.9 29011.6 28598.1 74595.6
957500 16984 29009.3 28623.2 74616.4
958000 16975.2 29018.5 28643.7 74637.3
958500 16964.4 29037.5 28659.2 74661.2
959000 16951.1 29030.4 28680.5 74662
959500 16946.8 29046.7 28695.3 74688.8
960000 16939.9 29032 28709.5 74681.3
960500 16950.4 29045.1 28718.6 74714.2
961000 16950.4 29059.6 28722.4 74732.4
961500 16969 29086.5 28721.6 74777.1
962000 16968.3 29077.2 28735.6 74781.2
962500 16973.4 29061.7 28740.8 74775.9
963000 16984.9 29037.5 28736.6 74759
963500 16995 29048.9 28739.1 74783
964000 17017.6 29040.5 28752.4 74810.4
964500 17028.1 29016.9 28754.7 74799.7
965000 17036.4 28996.2 28733.8 74766.4
965500 17012.1 29009.8 28718.5 74740.4
966000 16977 29004 28715.5 74696.6
966500 16968.6 29023.8 28732.2 74724.6
967000 16966.1 29032.9 28737.5 74736.5
967500 16978 29040.9 28743.1 74762
968000 17002.7 29051.3 28769.8 74823.8
968500 17027.3 29069.8 28772.2 74869.2
969000 17051 29078.4 28771.5 74900.9
969500 17062.4 29102.5 28801.6 74966.4
970000 17072.4 29129.7 28830.3 75032.4
970500 17096.2 29121.5 28850.8 75068.5
971000 17107.9 29117.4 28880.2 75105.5
971500 17120.1 29128.2 28918.4 75166.7
972000 17128.4 29116.2 28955.9 75200.5
972500 17137.1 29116.9 28993.9 75248
973000 17144.9 29114.9 29015.7 75275.5
973500 17156.7 29113.6 29022.2 75292.5
974000 17158.8 29125.8 29061.6 75346.2
974500 17159.2 29148.4 29083.4 75391
975000 17163.4 29179.8 29105.8 75449
975500 17153.8 29221.8 29109.2 75484.8
976000 17153.9 29262 29118.7 75534.7
976500 17166.3 29304.8 29144.9 75616
977000 17173.1 29321.5 29175.4 75670
977500 17168.9 29350.1 29208.5 75727.5
978000 17177.2 29382.9 29241.2 75801.3
978500 17186.7 29409.9 29268.8 75865.4
979000 17199.5 29452.8 29301.4 75953.7
979500 17204.9 29480.2 29321.2 76006.3
980000 17188 29485.6 29347.8 76021.3
980500 17156.5 29491.8 29353.7 76001.9
981000 17145.6 29527.7 29379.9 76053.3
981500 17150.5 29557.2 29400.8 76108.5
982000 17158.8 29580 29421.8 76160.5
982500 17165.9 29616.8 29434.6 76217.3
983000 17169.5 29617.3 29447 76233.8
983500 17155.5 29628 29443.2 76226.7
984000 17169.4 29651.8 29437.8 76259
984500 17173.1 29647.7 29408 76228.8
985000 17174.9 29650.9 29375.8 76201.6
985500 17175 29629.7 29383.7 76188.3
986000 17173.5 29642.6 29401.3 76217.4
986500 17190.8 29638.9 29408.9 76238.5
987000 17194.2 29648.8 29410.7 76253.7
987500 17191.1 29635.9 29417 76244
988000 17193.6 29629.3 29424.3 76247.1
988500 17202.7 29617.6 29424.2 76244.5
989000 17204 29646.3 29416.9 76267.3
989500 17206.8 29657.3 29416.7 76280.8
990000 17209.5 29679.5 29423.5 76312.5
990500 17207.1 29682.9 29447.4 76337.4
991000 17201.1 29698.9 29488.7 76388.7
991500 17197.8 29711.8 29529.9 76439.5
992000 17195.5 29740.8 29555.4 76491.7
992500 17177.8 29769.8 29567.2 76514.8
993000 17172.9 29801.8 29581.9 76556.5
993500 17172.2 29816.5 29588 76576.6
994000 17169.6 29822.8 29606.7 76599.1
994500 17172 29828.1 29635 76635
995000 17182.8 29837.8 29669.2 76689.8
995500 17206 29859.8 29689.2 76755
996000 17217.5 29867.4 29710.5 76795.4
996500 17226.1 29878.9 29732.7 76837.7
997000 17232.6 29876.1 29768.1 76876.8
997500 17227.1 29870.4 29785.7 76883.2
998000 17234.4 29894.6 29791.2 76920.2
998500 17252.1 29902.7 29803.9 76958.7
999000 17274.8 29913.9 29814.9 77003.5
999500 17296 29917.1 29823 77036.1
1000000 17314.8 29949 29834.3 77098.2
1000500 17341 29950.8 29889.4 77181.2
1001000 17362.1 29948.6 29924.7 77235.5
1001500 17369.6 29958.8 29954.6 77283
1002000 17371.9 29956.3 29981.1 77309.3
1002500 17391.5 29944.4 29999.1 77335.1
1003000 17418.2 29951.2 29999.8 77369.1
1003500 17444.2 29973.2 29982.9 77400.3
1004000 17463.6 29994.7 29963.9 77422.2
1004500 17481.8 29999.7 29952 77433.6
1005000 17476.6 30014.6 29960.4 77451.6
1005500 17481.1 30032 29972.4 77485.5
1006000 17486.5 30041.3 29946.6 77474.4
1006500 17496.1 30076 29942.2 77514.4
1007000 17516.3 30075.1 29898.4 77489.8
1007500 17533.8 30084.5 29873.7 77492.1
1008000 17553.9 30120.6 29859.1 77533.6
1008500 17549.1 30130.7 29837.4 77517.3
1009000 17540.2 30148.5 29853.1 77541.8
1009500 17541.3 30156.8 29888.7 77586.7
1010000 17549.6 30174 29903.1 77626.7
1010500 17557.8 30178.9 29914.6 77651.4
1011000 17561.7 30204.5 29913.6 77679.7
1011500 17570.1 30214.6 29943.1 77727.8
1012000 17568.6 30228.8 29972.6 77770
1012500 17567.3 30240.4 30000.6 77808.4
1013000 17575.2 30246.7 30013.5 77835.5
1013500 17571.7 30246.7 30034.7 77853
1014000 17595.9 30264.2 30045.8 77906
1014500 17608.2 30278.2 30032.2 77918.6
1015000 17627.7 30283.3 30032.4 77943.4
1015500 17638.8 30303.9 30057.7 78000.3
1016000 17647.9 30320.8 30103.9 78072.6
1016500 17666.6 30334.8 30098.4 78099.8
1017000 17682.8 30361.1 30105.1 78149.1
1017500 17691.9 30379.7 30118.1 78189.7
1018000 17700.9 30388.1 30125.9 78215
1018500 17716 30396.6 30137.7 78250.3
1019000 17743.6 30406.1 30128.9 78278.5
1019500 17766.7 30429.8 30123.1 78319.6
1020000 17788.7 30445.4 30138.7 78372.7
1020500 17803.2 30460.8 30169.8 78433.8
1021000 17803.2 30517.1 30197.4 78517.7
1021500 17819.1 30570.2 30243.1 78632.4
1022000 17843.9 30589 30274.7 78707.6
1022500 17853 30624.5 30299.3 78776.8
1023000 17862.8 30657.7 30329.3 78849.8
1023500 17853.7 30677.9 30356.7 78888.3
1024000 17852.7 30712.7 30373.6 78939.1
1024500 17852.1 30738.4 30373.5 78964
1025000 17848.7 30778.8 30383.8 79011.4
1025500 17851 30811.2 30379.3 79041.5
1026000 17879.2 30826 30388.6 79093.8
1026500 17904.9 30832.9 30391.6 79129.4
1027000 17915.3 30826.7 30381.3 79123.3
1027500 17941.1 30848.6 30377.5 79167.2
1028000 17962 30868.6 30389.3 79219.9
1028500 17952.6 30869.7 30416.3 79238.6
1029000 17964.8 30901.2 30430.1 79296.1
1029500 17957 30930.6 30421.2 79308.8
1030000 17966.2 30954.3 30416.1 79336.6
1030500 17984.8 30975.5 30416.1 79376.5
1031000 17990.6 30984.7 30431.2 79406.5
1031500 17995.8 30967.2 30434.2 79397.2
1032000 18011.4 30976.3 30445.1 79432.9
1032500 18018.6 31007.9 30470.9 79497.3
1033000 18032.6 31044.1 30486.6 79563.3
1033500 18044.1 31080.9 30525.1 79650.2
1034000 18035.9 31107.8 30561.4 79705.1
1034500 18047.2 31123.9 30571.7 79742.8
1035000 18072.3 31133.9 30553.7 79760
1035500 18080.4 31138 30552.6 79771
1036000 18096.5 31137.8 30560.5 79794.8
1036500 18108.2 31156.2 30576.9 79841.3
1037000 18124.1 31190.8 30631.7 79946.5
1037500 18132.4 31199.8 30672.8 80004.9
1038000 18136 31204.3 30691 80031.3
1038500 18146.2 31224.2 30687.8 80058.2
1039000 18147.1 31236.9 30686.4 80070.4
1039500 18142.6 31252.4 30698.7 80093.8
1040000 18156.1 31261.6 30688.5 80106.2
1040500 18158 31268 30708.2 80134.2
1041000 18140.3 31274.7 30740.9 80155.9
1041500 18147.5 31299.7 30774.3 80221.4
1042000 18175.5 31297.8 30818.4 80291.7
1042500 18218.6 31321.5 30843.4 80383.5
1043000 18230.1 31322 30865.5 80417.6
1043500 18245.2 31302.8 30894.4 80442.3
1044000 18249.2 31324.2 30919.7 80493.1
1044500 18256.7 31309.3 30943.9 80509.9
1045000 18276.1 31324.4 30962.3 80562.8
1045500 18295.5 31356 30997.1 80648.6
1046000 18301.5 31376.7 31016 80694.2
1046500 18309.8 31388 31026.2 80724.1
1047000 18333.1 31402.7 31037.9 80773.7
1047500 18336.5 31414.7 31051.5 80802.8
1048000 18355.8 31435.5 31054.6 80846
1048500 18391.6 31427.8 31067 80886.4
1049000 18408.9 31424.8 31094.1 80927.8
1049500 18428.1 31432 31119.4 80979.5
1050000 18428.4 31398.2 31132.2 80958.8
1050500 18435.1 31394.7 31145.4 80975.2
1051000 18438.8 31416.9 31132.7 80988.4
1051500 18425.4 31430.7 31157.6 81013.7
1052000 18440.9 31434.5 31181.2 81056.6
1052500 18445.1 31466.2 31212 81123.3
1053000 18440.4 31491.9 31224.4 81156.7
1053500 18438.8 31510.6 31214.6 81164.1
1054000 18432.5 31537.8 31220.2 81190.5
1054500 18420.4 31549.7 31213.1 81183.2
1055000 18403.5 31582.9 31232.9 81219.3
1055500 18393.5 31611.5 31262.2 81267.3
1056000 18394.8 31648 31262.6 81305.4
1056500 18407.6 31690.1 31280.3 81378
1057000 18418.5 31743.1 31295.3 81457
1057500 18423.3 31768.9 31314.2 81506.3
1058000 18427.1 31778.5 31351.3 81556.9
1058500 18428 31785.8 31398.6 81612.4
1059000 18421 31792.7 31427.3 81641
1059500 18416.7 31804.8 31463.1 81684.5
1060000 18419.1 31831.3 31521.5 81771.9
1060500 18399.5 31849.7 31568.2 81817.4
1061000 18382.2 31869.2 31576.2 81827.7
1061500 18367.5 31867.1 31587.1 81821.7
1062000 18349.1 31875 31585.6 81809.7
1062500 18356.3 31885.9 31576.4 81818.6
1063000 18355 31923.4 31588.9 81867.3
1063500 18373.8 31941.4 31611.7 81926.9
1064000 18396.9 31961.2 31631.6 81989.6
1064500 18402.9 31994.8 31632.7 82030.4
1065000 18425.8 32034.3 31666.9 82127
1065500 18445 32056.5 31704.6 82206.2
1066000 18459.8 32049.9 31757 82266.7
1066500 18444.8 32090.9 31788.8 82324.5
1067000 18462.2 32137.6 31825.2 82425.1
1067500 18480.2 32196.5 31862.8 82539.4
1068000 18489.5 32218.4 31876.5 82584.5
1068500 18495.7 32219.5 31902.4 82617.6
1069000 18495.2 32224.7 31938.8 82658.6
1069500 18499.1 32214.8 31954.8 82668.7
1070000 18506.4 32233.8 31987.7 82727.9
1070500 18512.8 32254.5 32004.7 82772
1071000 18509.9 32254.2 32011.6 82775.7
1071500 18514.1 32252.8 32008.8 82775.7
1072000 18521 32270.7 32024 82815.7
1072500 18538.1 32287.2 32029.2 82854.4
1073000 18558.1 32294.8 32036.8 82889.6
1073500 18567.3 32314 32072.2 82953.5
1074000 18565.9 32343.8 32094 83003.6
1074500 18560.5 32368.1 32135.4 83064
1075000 18552.2 32376.6 32172.3 83101.1
1075500 18546.3 32429.1 32190.6 83165.9
1076000 18540 32481.5 32207.2 83228.7
1076500 18531.8 32523.4 32213.5 83268.8
1077000 18529.3 32564.2 32222.6 83316.1
1077500 18520.1 32588.7 32213.1 83321.8
1078000 18512.9 32600 32225.6 83338.5
1078500 18489.1 32612.4 32256 83357.5
1079000 18463.5 32637.4 32288.8 83389.7
1079500 18457.2 32680.3 32314.1 83451.6
1080000 18463.9 32689.9 32339.4 83493.1
1080500 18474.2 32680 32348.7 83502.8
1081000 18494.4 32694.6 32361.4 83550.4
1081500 18500.2 32703 32383.5 83586.7
1082000 18512.1 32728.8 32414.1 83655
1082500 18528.4 32780.4 32415.7 83724.4
1083000 18562.2 32806.2 32441.6 83810
1083500 18586.3 32838.3 32462.8 83887.4
1084000 18602.7 32858.5 32478 83939.1
1084500 18611.9 32880.5 32499.7 83992.1
1085000 18618.4 32895.5 32516.8 84030.7
1085500 18622 32909.9 32537.1 84069
1086000 18623.8 32921.9 32555.7 84101.4
1086500 18617.1 32923.2 32571.7 84112
1087000 18596.5 32920.7 32577.1 84094.2
1087500 18579.9 32937.6 32571.8 84089.2
1088000 18578.6 32936 32591.4 84105.9
1088500 18586 32946.9 32613.6 84146.5
1089000 18609 32951.2 32637.7 84197.8
1089500 18617.7 32940.9 32633.4 84192
1090000 18626.6 32941.4 32616.7 84184.7
1090500 18628.6 32963.6 32634.5 84226.7
1091000 18646.4 33000.9 32635.6 84282.8
1091500 18675.8 33025.2 32648.8 84349.7
1092000 18688.1 33036.9 32659.5 84384.5
1092500 18709.8 33039.3 32661.5 84410.6
1093000 18727.9 33036 32658.1 84422
1093500 18760 33055.4 32649.9 84465.3
1094000 18781.9 33061.1 32673 84515.9
1094500 18807.6 33061.3 32670.2 84539.1
1095000 18813.5 33065.5 32689.6 84568.5
1095500 18807.6 33064.7 32679.3 84551.7
1096000 18792 33083.7 32688.8 84564.5
1096500 18784.7 33113 32695.5 84593.1
1097000 18774.8 33101.8 32715.8 84592.3
1097500 18767.6 33106.9 32727.4 84601.8
1098000 18792.2 33115.8 32749.1 84657.1
1098500 18805.6 33112.8 32768.7 84687
1099000 18822.8 33147.5 32791.7 84762
1099500 18844.1 33144.8 32817.5 84806.4
1100000 18852.5 33121.6 32820.3 84794.5
1100500 18863.4 33128.3 32827 84818.8
1101000 18882.8 33139.7 32848.9 84871.3
1101500 18893.5 33122.2 32883.5 84899.2
1102000 18902.4 33160.1 32918.1 84980.6
1102500 18911.3 33169.4 32919.6 85000.4
1103000 18930.5 33182.6 32942 85055
1103500 18955 33198 32978.3 85131.2
1104000 18975.5 33214.5 32996 85186
1104500 19006 33222.6 33010.1 85238.7
1105000 19030.5 33232.3 33022.8 85285.6
1105500 19055.5 33256.4 33031.6 85343.4
1106000 19081.1 33298.1 33049.5 85428.7
1106500 19115.6 33334 33067.4 85517
1107000 19141.1 33365 33058.5 85564.5
1107500 19175.8 33413 33058.7 85647.5
1108000 19206 33462.3 33062.8 85731.1
1108500 19214.4 33491.3 33073.6 85779.3
1109000 19223.3 33517.5 33103.8 85844.6
1109500 19220.1 33513.8 33125.3 85859.1
1110000 19225 33501.9 33129.9 85856.8
1110500 19212.6 33504.4 33155.1 85872.1
1111000 19214.6 33526.4 33194.7 85935.8
1111500 19226.1 33536.4 33213.4 85976
1112000 19236.3 33553.5 33252.9 86042.7
1112500 19241 33586.8 33287.8 86115.7
1113000 19250.9 33617.3 33311.7 86179.8
1113500 19278 33643.6 33356.6 86278.1
1114000 19281.4 33669 33382.5 86333
1114500 19285 33678.6 33399.9 86363.4
1115000 19286.1 33692.8 33418.2 86397
1115500 19295.1 33724.3 33415.4 86434.8
1116000 19301.4 33749.3 33423.7 86474.5
1116500 19290.6 33752.1 33436.6 86479.3
1117000 19300.4 33762.1 33470.9 86533.3
1117500 19306.8 33772.2 33484.9 86563.9
1118000 19311.1 33774.1 33473.8 86559.1
1118500 19313.6 33773 33474.3 86560.9
1119000 19308.4 33772.3 33466.6 86547.3
1119500 19297.2 33748.5 33479.1 86524.8
1120000 19290.3 33735.9 33484.8 86510.9
1120500 19285.4 33749.4 33484.5 86519.2
1121000 19277.8 33780.2 33491.2 86549.2
1121500 19280.7 33799.8 33507.4 86587.9
1122000 19290.8 33840.4 33536.9 86668
1122500 19293.3 33875 33548.2 86716.5
1123000 19302 33912.6 33554.3 86768.9
1123500 19322.4 33939.6 33565 86827
1124000 19332.1 33980.1 33578.3 86890.5
1124500 19344.4 34029.6 33605.3 86979.3
1125000 19347.7 34068.1 33625.1 87040.9
1125500 19367.4 34089.8 33632.9 87090.1
1126000 19358.1 34141.4 33650.6 87150.1
1126500 19353.8 34174.8 33662.7 87191.2
1127000 19365.4 34211.3 33671.3 87248
1127500 19345.8 34251.7 33687.4 87284.8
1128000 19357.3 34266.3 33703.8 87327.4
1128500 19367.5 34287.3 33714.6 87369.4
1129000 19378 34280.9 33722.7 87381.6
1129500 19392.7 34264.7 33764.3 87421.7
1130000 19406.6 34262.7 33796.9 87466.3
1130500 19404.6 34275.5 33807.6 87487.6
1131000 19410.9 34280 33808 87498.9
1131500 19409.9 34312.9 33815.2 87537.9
1132000 19417 34324.7 33836.4 87578.2
1132500 19420.9 34338.4 33841.1 87600.3
1133000 19420.4 34366.1 33845.8 87632.2
1133500 19403.2 34374.2 33857.8 87635.1
1134000 19406.8 34411.9 33863.1 87681.8
1134500 19413 34446.3 33880.3 87739.6
1135000 19407.3 34477.3 33920 87804.7
1135500 19405.2 34495.7 33945.1 87846.1
1136000 19422.9 34506.3 33994.8 87924
1136500 19450.7 34508.9 34028.8 87988.4
1137000 19480 34509.1 34053.5 88042.5
1137500 19510.5 34507.3 34078 88095.8
1138000 19521.1 34530.6 34099.6 88151.3
1138500 19538 34535.2 34113 88186.2
1139000 19565.3 34549.9 34131 88246.2
1139500 19599.4 34552.9 34141.6 88293.9
1140000 19634.2 34582 34157.1 88373.2
1140500 19645.8 34581.8 34166.5 88394
1141000 19657.1 34610.5 34188 88455.6
1141500 19670 34620.7 34193.7 88484.4
1142000 19678.1 34634.7 34203.1 88515.9
1142500 19681.1 34627.1 34209.4 88517.6
1143000 19694.4 34627.9 34207.7 88530
1143500 19716.4 34615.3 34223.5 88555.2
1144000 19739.3 34632.6 34218.3 88590.2
1144500 19752.1 34619.9 34223.1 88595.1
1145000 19761.5 34614 34249.7 88625.1
1145500 19766.3 34600.2 34257.3 88623.8
1146000 19760 34604.3 34288.1 88652.4
1146500 19767.4 34597.8 34314.4 88679.6
1147000 19787 34570.9 34337.2 88695.1
1147500 19787.2 34566.3 34380.7 88734.2
1148000 19816.9 34576.8 34428.6 88822.3
1148500 19827.7 34571.3 34471.9 88870.9
1149000 19853.7 34569.1 34502.7 88925.5
1149500 19857.6 34589.8 34519 88966.4
1150000 19872.5 34600.9 34555.9 89029.3
1150500 19870.9 34597 34582.1 89050.1
1151000 19873.8 34582.2 34613.4 89069.4
1151500 19877.4 34552.2 34640.1 89069.7
1152000 19909 34560.2 34672.2 89141.4
1152500 19933.6 34563.4 34709.7 89206.7
1153000 19949.8 34556.1 34729 89234.9
1153500 19973.9 34547.2 34752.4 89273.6
1154000 19993.1 34522.7 34770.7 89286.6
1154500 20024.8 34521.4 34795.6 89341.8
1155000 20058.3 34511.5 34810.5 89380.3
1155500 20065.1 34509.2 34841.6 89415.8
1156000 20065.7 34522.8 34869.6 89458.2
1156500 20066.8 34540.6 34902.2 89509.6
1157000 20076.8 34549.8 34951.2 89577.8
1157500 20081.2 34584.9 34979.5 89645.6
1158000 20101.6 34616.6 34982.7 89700.8
1158500 20086.2 34640.2 34968.9 89695.3
1159000 20078.4 34667.3 34975.2 89720.9
1159500 20068.3 34688 34997.7 89754
1160000 20077.8 34720.3 35022.6 89820.7
1160500 20077.4 34759 35060.9 89897.4
1161000 20076.7 34802 35091.1 89969.7
1161500 20094.3 34828.3 35117.3 90039.9
1162000 20101.3 34873.2 35165.2 90139.7
1162500 20095.9 34936 35192.9 90224.8
1163000 20093 34972.4 35232.8 90298.2
1163500 20083.9 34986.8 35258.6 90329.3
1164000 20057.3 35009.9 35293.1 90360.3
1164500 20033.1 35037.5 35315.9 90386.6
1165000 20032.2 35079.2 35324.3 90435.7
1165500 20039.3 35093.2 35333.7 90466.3
1166000 20036.8 35104.2 35383.1 90524.1
1166500 20043.6 35136.6 35406.4 90586.6
1167000 20065 35129.8 35442.3 90637.1
1167500 20089.7 35146.7 35480.2 90716.5
1168000 20094 35180.9 35510.4 90785.4
1168500 20119.5 35185.6 35548.9 90854
1169000 20155.7 35206.4 35578 90940.1
1169500 20190.2 35249.4 35614.6 91054.2
1170000 20214.9 35272.4 35621.3 91108.7
1170500 20232.8 35252.4 35621.4 91106.6
1171000 20252.1 35240.6 35620.2 91112.9
1171500 20244.5 35233.1 35600.3 91077.9
1172000 20236.5 35220.8 35595.2 91052.5
1172500 20246.2 35227.6 35598.3 91072.1
1173000 20256.3 35244.1 35610.9 91111.3
1173500 20262.6 35248.2 35634.5 91145.3
1174000 20280.2 35257.5 35626.9 91164.5
1174500 20287.7 35241.1 35650.2 91179
1175000 20290.3 35224.1 35690.2 91204.5
1175500 20301.9 35256.7 35726.6 91285.2
1176000 20335 35283.8 35748.3 91367.1
1176500 20355.7 35312.2 35765 91432.9
1177000 20361.1 35360.1 35772.3 91493.5
1177500 20345.2 35376.4 35785.8 91507.4
1178000 20348.3 35428.5 35808.9 91585.7
1178500 20352.7 35462 35831.8 91646.5
1179000 20350.4 35510.7 35849.7 91710.8
1179500 20342.5 35531.3 35862.5 91736.2
1180000 20350.2 35548.2 35851.7 91750.2
1180500 20376 35558.7 35873.9 91808.6
1181000 20378.7 35592.9 35887.9 91859.5
1181500 20359.3 35611 35898.6 91868.9
1182000 20357.4 35596.3 35894.1 91847.7
1182500 20347.4 35602.5 35885.6 91835.5
1183000 20357.4 35620.3 35857.4 91835.2
1183500 20382.4 35615.7 35851.1 91849.2
1184000 20394.6 35649.2 35844.3 91888.1
1184500 20397.7 35686.6 35833.1 91917.4
1185000 20413.4 35729.3 35842.6 91985.3
1185500 20414.1 35733.4 35850.6 91998.2
1186000 20430.2 35762.5 35878.8 92071.4
1186500 20438.5 35818 35886.2 92142.7
1187000 20444.8 35858.2 35892.7 92195.7
1187500 20436 35879.6 35913.5 92229.2
1188000 20447 35890.8 35947.3 92285.1
1188500 20449.8 35900 35966.9 92316.8
1189000 20460.3 35909.9 35977.7 92348
1189500 20488 35915.3 35986.2 92389.4
1190000 20521.9 35917.3 35998.6 92437.9
1190500 20540.5 35982.5 36022.8 92545.8
1191000 20569.1 36022.4 36080.2 92671.8
1191500 20598.5 36044.7 36124.1 92767.3
1192000 20632 36072.9 36169.8 92874.7
1192500 20656 36080.3 36198.5 92934.8
1193000 20664.7 36109 36235.8 93009.5
1193500 20682 36113.6 36283.9 93079.5
1194000 20692 36104.2 36310.6 93106.8
1194500 20697.5 36087.6 36335.6 93120.7
1195000 20707.3 36078.4 36333.6 93119.3
1195500 20729.8 36102.1 36347.4 93179.3
1196000 20716.5 36130.8 36349.8 93197.2
1196500 20699 36148 36356.5 93203.5
1197000 20695 36177 36361.5 93233.5
1197500 20694.4 36220.8 36358.3 93273.5
1198000 20683.6 36239.8 36385.2 93308.6
1198500 20675.1 36251.2 36392 93318.3
1199000 20667 36278.1 36404.6 93349.7
1199500 20642.7 36309.1 36422 93373.8
1200000 20638.7 36325.8 36445.4 93409.8
1200500 20642.5 36306.5 36450 93399
1201000 20638.9 36295.9 36466.6 93401.5
1201500 20628.6 36340.4 36480.2 93449.1
1202000 20634.4 36352.3 36499.5 93486.2
1202500 20620.4 36362.2 36543 93525.7
1203000 20618.2 36390.9 36565.6 93574.8
1203500 20621.4 36426.2 36598 93645.7
1204000 20623.2 36435.8 36629.1 93688.1
1204500 20629.7 36452.5 36662.6 93744.8
1205000 20630.7 36496.5 36675.5 93802.7
1205500 20646.3 36540.8 36687.4 93874.6
1206000 20660.3 36557.1 36690.6 93908
1206500 20677.7 36582.2 36722.3 93982.2
1207000 20700.6 36589.4 36764.2 94054.2
1207500 20719.1 36604.7 36776.9 94100.7
1208000 20718.1 36626.5 36787 94131.6
1208500 20730.7 36636.8 36819.5 94186.9
1209000 20740.1 36651.8 36851.8 94243.7
1209500 20752.6 36661.6 36873.7 94287.9
1210000 20760.5 36679.9 36878.8 94319.2
1210500 20761.1 36662.1 36881.4 94304.6
1211000 20753.4 36659.7 36875.3 94288.4
1211500 20756.2 36655.9 36881.7 94293.9
1212000 20754.6 36662 36882.8 94299.3
1212500 20750.3 36654.1 36883.7 94288.2
1213000 20758.8 36639.3 36901.2 94299.3
1213500 20757.5 36642.4 36934.3 94334.1
1214000 20776.1 36639.6 36971.4 94387.1
1214500 20784.2 36671.5 36991.6 94447.3
1215000 20804.3 36703 37010.2 94517.5
1215500 20809.8 36737.7 37019.1 94566.5
1216000 20821.9 36769.1 37022.1 94613.1
1216500 20833.5 36780.5 37039.9 94654
1217000 20836.9 36769.1 37052.9 94658.9
1217500 20863.8 36767.1 37075.9 94706.8
1218000 20881.4 36758.7 37084.4 94724.5
1218500 20884.1 36770.7 37124.1 94779
1219000 20902.2 36791.5 37151.4 94845.1
1219500 20929.8 36815.2 37190.9 94935.9
1220000 20935 36833 37188.5 94956.6
1220500 20949.3 36849.3 37185.5 94984.2
1221000 20964.7 36861.6 37194.6 95021
1221500 20968.1 36877.6 37170.1 95015.8
1222000 20975.6 36897.3 37178.3 95051.2
1222500 20987.8 36903.2 37194.6 95085.6
1223000 21001.8 36925.9 37187.8 95115.5
1223500 21017.8 36954.5 37188.1 95160.3
1224000 21038.7 36977.8 37209.7 95226.1
1224500 21054.1 37004.1 37219.9 95278
1225000 21058.9 37038.8 37218.3 95316
1225500 21071.8 37053.2 37240.7 95365.7
1226000 21083.1 37059.3 37251.7 95394
1226500 21098 37058.8 37273.7 95430.4
1227000 21103 37047.6 37301.7 95452.3
1227500 21098.6 37071.4 37310.3 95480.3
1228000 21122.4 37091.5 37320.3 95534.2
1228500 21145.4 37097.8 37348.4 95591.7
1229000 21155.4 37129 37339.9 95624.3
1229500 21168.1 37150.8 37377.2 95696.1
1230000 21194 37152.9 37402.2 95749.1
1230500 21208.2 37184.6 37414.6 95807.4
1231000 21213.7 37218 37434.3 95865.9
1231500 21218.5 37267.4 37437.6 95923.5
1232000 21241.9 37299.1 37462.3 96003.3
1232500 21239.7 37291.1 37460.8 95991.6
1233000 21238.6 37287.7 37460.7 95987
1233500 21263.4 37297.6 37473.3 96034.3
1234000 21293 37321.7 37468.5 96083.2
1234500 21347.3 37363.3 37470.9 96181.5
1235000 21376.2 37389.7 37481.3 96247.2
1235500 21390.5 37402.5 37481.9 96274.9
1236000 21405.7 37442.7 37507.4 96355.8
1236500 21448.7 37464.4 37533 96446.1
1237000 21481.6 37460.8 37569.8 96512.2
1237500 21503.4 37487.9 37622.8 96614.1
1238000 21534.8 37510 37640.3 96685.2
1238500 21532.2 37506.4 37655.6 96694.2
1239000 21536.2 37489.4 37675.2 96700.8
1239500 21530 37498.9 37689.6 96718.5
1240000 21533.1 37502.6 37713 96748.8
1240500 21538.8 37547 37724.6 96810.4
1241000 21547.7 37566.3 37729.3 96843.4
1241500 21547.1 37579.9 37740.8 96867.8
1242000 21560.7 37590 37722.6 96873.3
1242500 21566.8 37577 37734.8 96878.6
1243000 21567.5 37563.7 37770.7 96901.9
1243500 21583 37547.7 37815.8 96946.5
1244000 21595.7 37568.1 37850.8 97014.7
1244500 21594.2 37597 37868.4 97059.6
1245000 21593.4 37621.6 37872.7 97087.7
1245500 21594.8 37639 37887.6 97121.4
1246000 21598 37667.7 37886.2 97152
1246500 21612.2 37677.6 37861.8 97151.7
1247000 21635.6 37696.1 37870.1 97201.8
1247500 21657.2 37705.7 37872.2 97235.1
1248000 21692.3 37703 37862.7 97258.1
1248500 21718.6 37708.1 37867.1 97293.8
1249000 21746.5 37742.4 37904.2 97393.1
1249500 21773.8 37775.8 37960.6 97510.2
1250000 21783.9 37790.6 37985.4 97559.9
1250500 21777.2 37803.8 38002 97583
1251000 21788.1 37820.4 38018.7 97627.2
1251500 21809.1 37826.9 38026.4 97662.4
1252000 21817.6 37856 38018.4 97692.1
1252500 21822.3 37863.1 38028.9 97714.3
1253000 21827.8 37866.2 38036.9 97730.8
1253500 21829.3 37900.7 38079.3 97809.2
1254000 21833 37919.5 38081.9 97834.4
1254500 21836.8 37960.7 38095.4 97892.9
1255000 21832.6 37988.9 38092.1 97913.6
1255500 21840.9 38021.5 38081.4 97943.8
1256000 21847.7 38066.1 38097.2 98011
1256500 21858.7 38090.5 38102.6 98051.8
1257000 21864.3 38101.8 38094.9 98060.9
1257500 21862.9 38118.5 38093 98074.4
1258000 21869.7 38103.8 38100.7 98074.2
1258500 21868.5 38102.3 38110.5 98081.3
1259000 21864.7 38098.7 38125 98088.4
1259500 21870.3 38089.2 38126.5 98086
1260000 21884.5 38098.8 38143 98126.3
1260500 21890.3 38131.9 38174.8 98196.9
1261000 21898.8 38144 38193.8 98236.7
1261500 21899.8 38125.6 38219.1 98244.5
1262000 21914.4 38134.6 38256 98305
1262500 21928.6 38122.8 38259.5 98310.9
1263000 21948.3 38105 38278 98331.3
1263500 21963.6 38110 38300.2 98373.8
1264000 21966.2 38097 38314.1 98377.2
1264500 21981.9 38080.8 38316.8 98379.5
1265000 22003.2 38077.2 38324.6 98405
1265500 22005.1 38098 38358.2 98461.3
1266000 22007.3 38127.6 38385.6 98520.5
1266500 22016.2 38167.9 38411.4 98595.5
1267000 22043.8 38202.9 38446.1 98692.8
1267500 22049.2 38218.6 38473.3 98741.1
1268000 22057.6 38221.4 38501.4 98780.4
1268500 22065.3 38250.2 38503.9 98819.5
1269000 22083 38291.6 38512.6 98887.3
1269500 22103.7 38342.5 38532.9 98979
1270000 22140.2 38403.7 38539 99082.9
1270500 22152.8 38425.3 38581.2 99159.3
1271000 22149.9 38432.4 38609.8 99192.1
1271500 22172.1 38466.6 38666.7 99305.5
1272000 22207.2 38485.4 38679.1 99371.7
1272500 22208.9 38496 38669 99373.9
1273000 22217 38534.4 38671.1 99422.5
1273500 22233.2 38557.5 38685.2 99475.9
1274000 22249.7 38596.5 38737.6 99583.8
1274500 22278.9 38637.6 38777.7 99694.2
1275000 22292.9 38648.7 38785.2 99726.9
1275500 22314.2 38660.4 38793.1 99767.7
1276000 22349.4 38698.3 38813.8 99861.5
1276500 22358.7 38726.9 38814.7 99900.2
1277000 22377.3 38758.3 38814.2 99949.7
1277500 22379.2 38791.6 38834.8 100006
1278000 22382.2 38758.1 38872.1 100012
1278500 22397.2 38758.4 38883.3 100039
1279000 22403.5 38754.5 38924.1 100082
1279500 22398.2 38758.3 38954.2 100111
1280000 22375 38752.1 38980.2 100107
1280500 22383 38754.6 39009.5 100147
1281000 22364.2 38749.8 39058 100172
1281500 22344.4 38737.9 39106.1 100188
1282000 22342 38723.4 39136.8 100202
1282500 22359 38734 39158.7 100252
1283000 22378.9 38732.6 39200 100312
1283500 22396.5 38753.6 39224.7 100375
1284000 22403.7 38774.1 39238.3 100416
1284500 22417.5 38804.8 39262 100484
1285000 22426.9 38839.8 39260.2 100527
1285500 22449.1 38865.6 39276.3 100591
1286000 22454 38897 39303.1 100654
1286500 22464.3 38922.2 39326.2 100713
1287000 22470.8 38938.3 39336.7 100746
1287500 22475.1 38970.4 39337.2 100783
1288000 22488.7 39023.9 39353.7 100866
1288500 22505.4 39070.3 39393.2 100969
1289000 22507.5 39101.5 39422.2 101031
1289500 22512.5 39117.7 39425.1 101055
1290000 22526.3 39140 39450.7 101117
1290500 22544.7 39124.6 39482 101151
1291000 22567.8 39107.8 39503.4 101179
1291500 22584.3 39136.7 39520 101241
1292000 22581.9 39144.9 39559.3 101286
1292500 22586.7 39142.5 39580.3 101309
1293000 22578.7 39136.6 39579.3 101295
1293500 22604.5 39137.7 39592.5 101335
1294000 22631.4 39142.2 39592 101366
1294500 22647.3 39143.2 39595.9 101386
1295000 22650.6 39157.2 39600.9 101409
1295500 22643.8 39179.6 39605.6 101429
1296000 22650.8 39193.1 39588.3 101432
1296500 22686.8 39202.8 39587.7 101477
1297000 22705.5 39205.8 39602.3 101514
1297500 22704.3 39186.8 39616.9 101508
1298000 22733.8 39208.9 39633.2 101576
1298500 22756 39204.6 39667.4 101628
1299000 22768.9 39180.8 39663.8 101613
1299500 22784.6 39169.9 39675.1 101630
1300000 22814.6 39173.7 39667.4 101656
1300500 22829.6 39157.2 39654.2 101641
1301000 22834.9 39165.5 39637.2 101638
1301500 22836.4 39174.9 39631.6 101643
1302000 22852.4 39208.6 39632.6 101694
1302500 22868.6 39235.8 39624.7 101729
1303000 22859.6 39247.8 39610.7 101718
1303500 22883.1 39278.1 39608 101769
1304000 22894 39302 39588.5 101784
1304500 22921.3 39315.9 39582.4 101820
1305000 22942.3 39318.9 39593.9 101855
1305500 22927.3 39332.7 39626.9 101887
1306000 22914.6 39314.7 39676.8 101906
1306500 22927.1 39311.8 39677.7 101917
1307000 22921.3 39298.3 39652.1 101872
1307500 22920.8 39312.7 39654.4 101888
1308000 22930.2 39337.1 39687.6 101955
1308500 22934.1 39345.5 39688.8 101968
1309000 22956.5 39350.5 39689.5 101996
1309500 22988.6 39354.8 39684.1 102027
1310000 23008.2 39358.9 39701.6 102069
1310500 23026.1 39354.8 39730.5 102111
1311000 23032.1 39360.3 39758 102150
1311500 23040 39366.2 39796.8 102203
1312000 23045.2 39362.7 39804.9 102213
1312500 23064.2 39374.6 39835.1 102274
1313000 23082.4 39372.3 39857.1 102312
1313500 23090 39368.2 39873.5 102332
1314000 23117.9 39381.6 39864.5 102364
1314500 23153.5 39412 39872.6 102438
1315000 23174.7 39443 39903.3 102521
1315500 23191.4 39464 39949.1 102604
1316000 23211.6 39498.1 39955.7 102665
1316500 23200.6 39523.3 39974.9 102699
1317000 23206.9 39539.4 40021.5 102768
1317500 23215.7 39559.3 40062.1 102837
1318000 23224.7 39581.9 40062.8 102869
1318500 23235 39641.4 40076.5 102953
1319000 23251.1 39712.4 40090.5 103054
1319500 23278.4 39752.2 40086.8 103117
1320000 23282.3 39772.2 40070.2 103125
1320500 23287 39780.8 40098.9 103167
1321000 23317.9 39813 40128 103259
1321500 23319.1 39819.1 40135.9 103274
1322000 23331.1 39826.3 40161.1 103319
1322500 23330.3 39819.3 40206.1 103356
1323000 23363.3 39825.2 40245.2 103434
1323500 23376.7 39815.5 40272.7 103465
1324000 23396.2 39791.2 40321.9 103509
1324500 23397.7 39786.5 40341.5 103526
1325000 23403.8 39795.5 40362.8 103562
1325500 23413.3 39801.2 40375.7 103590
1326000 23421.2 39810.5 40394.6 103626
1326500 23435 39832.2 40401.2 103668
1327000 23427.1 39835.3 40414 103676
1327500 23430.8 39857.9 40444.9 103734
1328000 23440.1 39900.6 40450.1 103791
1328500 23450.1 39927.6 40446.9 103825
1329000 23462.1 39931.1 40407 103800
1329500 23467.9 39934.7 40406.2 103809
1330000 23487.3 39922.9 40416.9 103827
1330500 23498.7 39924.2 40443.8 103867
1331000 23499.2 39938.7 40475.6 103914
1331500 23477.9 39955.4 40529.3 103963
1332000 23462.3 39958.6 40571.7 103993
1332500 23457.3 39917.4 40621 103996
1333000 23454.4 39903.2 40682.1 104040
1333500 23431.4 39910.8 40706.2 104048
1334000 23425.3 39928.4 40751.3 104105
1334500 23407.5 39969.3 40778.8 104156
1335000 23408.1 39987.3 40807.4 104203
1335500 23403 40009 40827.4 104239
1336000 23390.2 40054.1 40867.7 104312
1336500 23381.8 40066.2 40908.1 104356
1337000 23358.1 40071.7 40941.9 104372
1337500 23352.6 40072.1 40972.5 104397
1338000 23341 40082.3 41003.6 104427
1338500 23354.7 40100.1 41013.5 104468
1339000 23366.2 40118.2 41016.7 104501
1339500 23374.6 40114.3 41037.9 104527
1340000 23398.2 40110 41046.3 104555
1340500 23406.3 40110.5 41088.2 104605
1341000 23425 40140.2 41120.3 104686
1341500 23427.9 40162.9 41182.2 104773
1342000 23428.6 40161 41260.1 104850
1342500 23447.4 40190.3 41332.3 104970
1343000 23470.9 40232.6 41337.3 105041
1343500 23488.9 40258.5 41338.2 105086
1344000 23501.9 40254.9 41371.2 105128
1344500 23529.2 40269.3 41395.4 105194
1345000 23527.2 40281.4 41419.7 105228
1345500 23522.7 40319.6 41426.5 105269
1346000 23509.4 40321.5 41427.3 105258
1346500 23513.7 40338.6 41447.2 105299
1347000 23515 40373.4 41490.1 105379
1347500 23518.1 40383.3 41541.5 105443
1348000 23529.5 40407.7 41582.4 105520
1348500 23514.6 40418.1 41642.4 105575
1349000 23521.1 40441.8 41690.7 105654
1349500 23527.9 40473.5 41725.6 105727
1350000 23538 40500.4 41735.8 105774
1350500 23553.5 40519.2 41747.2 105820
1351000 23558.8 40543.1 41760 105862
1351500 23563.5 40573.2 41764.3 105901
1352000 23596.8 40610.9 41773.5 105981
1352500 23616.6 40650.9 41765.8 106033
1353000 23630 40679.9 41739.1 106049
1353500 23641.3 40699.6 41723.6 106064
1354000 23641 40715.7 41721.9 106079
1354500 23625.7 40728.6 41728.6 106083
1355000 23632.5 40742.9 41738.2 106114
1355500 23653.8 40725.3 41746.4 106126
1356000 23668.7 40729.7 41750.8 106149
1356500 23681.3 40721.5 41768 106171
1357000 23715.9 40746.9 41759.2 106222
1357500 23730.3 40760.8 41761.3 106252
1358000 23747.8 40780 41768.1 106296
1358500 23771.8 40800.9 41789.5 106362
1359000 23764.5 40809.8 41806.5 106381
1359500 23766.5 40826.2 41836.7 106429
1360000 23773.3 40819.6 41879.7 106473
1360500 23788.3 40803.4 41902.7 106494
1361000 23802.3 40827 41905.5 106535
1361500 23829.8 40860.4 41882.9 106573
1362000 23847.1 40889 41861 106597
1362500 23852.1 40900.8 41834.2 106587
1363000 23842.2 40917.6 41831.3 106591
1363500 23837.7 40933.3 41851.8 106623
1364000 23855.7 40933.4 41891.4 106681
1364500 23859.3 40951.2 41895.9 106706
1365000 23875 40960.7 41932.7 106768
1365500 23910.3 40960.6 41952.1 106823
1366000 23940.9 40984.9 41959.5 106885
1366500 23971 40985.1 41984.2 106940
1367000 24023.3 40992.6 42018.4 107034
1367500 24053.8 41031.2 42037.8 107123
1368000 24076 41082.8 42038.2 107197
1368500 24096.2 41107.2 42060.6 107264
1369000 24109 41111.3 42090.8 107311
1369500 24122.8 41136.6 42101.4 107361
1370000 24142.9 41176.2 42124.1 107443
1370500 24164 41214 42137.7 107516
1371000 24184.4 41248.4 42164.4 107597
1371500 24194.4 41254.5 42189.3 107638
1372000 24203.4 41268.5 42203.7 107676
1372500 24213.6 41266 42218.6 107698
1373000 24234 41283.7 42231.5 107749
1373500 24260.4 41290.3 42238.5 107789
1374000 24258.8 41321.5 42250.7 107831
1374500 24268.6 41333.8 42279.5 107882
1375000 24282.9 41342.3 42316.3 107941
1375500 24300.7 41342.2 42354.1 107997
1376000 24315.6 41338.3 42382.5 108036
1376500 24339.7 41343.7 42370.4 108054
1377000 24359.6 41326.6 42405.1 108091
1377500 24372.7 41298.8 42413.7 108085
1378000 24381.7 41277.5 42439.3 108098
1378500 24395.6 41274.3 42455.3 108125
1379000 24377.3 41282.9 42421.8 108082
1379500 24347.4 41296 42438.1 108081
1380000 24347.6 41309.1 42468.7 108125
1380500 24363.6 41278 42504.9 108146
1381000 24377.1 41273.8 42541.6 108192
1381500 24371.3 41231.8 42572.4 108176
1382000 24364.6 41209 42624 108198
1382500 24377.9 41212.5 42678.6 108269
1383000 24379.6 41188.7 42739.8 108308
1383500 24374.1 41204.7 42757.5 108336
1384000 24370.4 41247.3 42774.8 108392
1384500 24346.2 41260.8 42761.2 108368
1385000 24339.3 41249 42797.4 108386
1385500 24337.9 41233.1 42800.2 108371
1386000 24341.8 41213.4 42815.5 108371
1386500 24350.5 41203.4 42857.7 108412
1387000 24339.1 41201.4 42896.8 108437
1387500 24342.4 41209.3 42943.9 108496
1388000 24360.4 41210.6 42966.6 108538
1388500 24380.8 41197.8 43018.1 108597
1389000 24395.3 41180.8 43065.9 108642
1389500 24386 41176.3 43066.7 108629
1390000 24401.9 41175.3 43083.2 108660
1390500 24422 41198.7 43096.8 108718
1391000 24439.6 41209.3 43116.3 108765
1391500 24452.7 41219 43146.7 108818
1392000 24457 41220.7 43173 108851
1392500 24468.8 41223.9 43200.9 108894
1393000 24490.1 41226.7 43220.9 108938
1393500 24510.1 41200.8 43247.8 108959
1394000 24523.2 41179.8 43267.9 108971
1394500 24554.5 41153.5 43299.4 109007
1395000 24570.1 41168.5 43292.2 109031
1395500 24581.4 41155.1 43274.2 109011
1396000 24595.6 41146 43278.3 109020
1396500 24616.1 41117.7 43295.8 109030
1397000 24637.6 41095.4 43328.7 109062
1397500 24636.7 41102.2 43354.7 109094
1398000 24654.1 41118.6 43366.2 109139
1398500 24670 41123.7 43347.1 109141
1399000 24677.9 41115.6 43341.2 109135
1399500 24697.9 41126.4 43353.4 109178
1400000 24694.7 41123.1 43388.6 109206
1400500 24690 41134.8 43425.6 109250
1401000 24702.4 41149.8 43462.8 109315
1401500 24722.6 41150 43492.2 109365
1402000 24735.4 41162 43528.3 109426
1402500 24769.9 41185.8 43564 109520
1403000 24789.9 41202.2 43582.5 109575
1403500 24822.3 41202.3 43600.1 109625
1404000 24846.1 41230.1 43621.9 109698
1404500 24881.3 41248.7 43623.4 109753
1405000 24912.1 41281.8 43634.5 109828
1405500 24916.8 41275.9 43661.3 109854
1406000 24939.8 41275 43714.2 109929
1406500 24964.2 41282.8 43774.1 110021
1407000 24983.9 41313.4 43808.8 110106
1407500 24981 41317.4 43855.7 110154
1408000 24960.6 41315.1 43897.4 110173
1408500 24954.8 41312.8 43920.2 110188
1409000 24974 41302.1 43952.2 110228
1409500 24997.6 41306.4 43989.2 110293
1410000 25022.5 41297.1 44026.1 110346
1410500 25061.4 41278.5 44026.5 110366
1411000 25094.2 41271 43986.4 110352
1411500 25113 41253.6 43986.3 110353
1412000 25116.8 41221.9 44004.2 110343
1412500 25143.8 41186.9 44015.2 110346
1413000 25173.3 41172.6 44007.8 110354
1413500 25191.3 41185.6 44031.6 110409
1414000 25202.4 41200.8 44047.5 110451
1414500 25205.4 41215.4 44053.9 110475
1415000 25240.7 41221.5 44060.6 110523
1415500 25246.4 41240.6 44067.1 110554
1416000 25236.4 41241.2 44081.1 110559
1416500 25235.9 41274.8 44137.3 110648
1417000 25232.9 41287.3 44157.9 110678
1417500 25227.4 41302 44188.3 110718
1418000 25242.7 41291.5 44216.4 110751
1418500 25274.6 41315.7 44221.9 110812
1419000 25296 41314.2 44252.1 110862
1419500 25324.4 41360.1 44276.5 110961
1420000 25350.1 41392.4 44332.6 111075
1420500 25367.6 41431.2 44387.7 111186
1421000 25390.2 41463.4 44418.8 111272
1421500 25386.5 41485.6 44428.8 111301
1422000 25385.8 41485.3 44441.4 111312
1422500 25385.5 41501.5 44469 111356
1423000 25395.4 41524.8 44463.3 111384
1423500 25393.4 41573.3 44456.1 111423
1424000 25401.5 41630.9 44472.4 111505
1424500 25407.4 41668.2 44499.6 111575
1425000 25405.4 41700.7 44518.2 111624
1425500 25419.4 41702.3 44561.4 111683
1426000 25463.4 41712.6 44591.1 111767
1426500 25504.9 41732.4 44651.4 111889
1427000 25522.5 41751.2 44679.5 111953
1427500 25512.9 41780.3 44693.9 111987
1428000 25526.4 41831.6 44697.3 112055
1428500 25513.8 41875.9 44690.4 112080
1429000 25518.1 41915.1 44718 112151
1429500 25516.3 41945.9 44709.1 112171
1430000 25509.9 41969.7 44717.6 112197
1430500 25504.4 42007.3 44746.9 112259
1431000 25524.4 42048.7 44782.2 112355
1431500 25519.8 42052.8 44789.3 112362
1432000 25550.3 42068.6 44796.8 112416
1432500 25582 42094 44809.4 112485
1433000 25602.5 42105.4 44840 112548
1433500 25617.4 42113.4 44859.7 112591
1434000 25629.6 42120.8 44864.5 112615
1434500 25632.7 42123.8 44861.3 112618
1435000 25631.3 42135.6 44907.4 112674
1435500 25655.4 42125.1 44941 112722
1436000 25672.7 42125.1 44986.1 112784
1436500 25692.9 42118.9 45017.1 112829
1437000 25719.2 42109.3 45017 112845
1437500 25754.1 42135.5 45021.1 112911
1438000 25764.6 42127.8 45057.4 112950
1438500 25750.1 42169.8 45085.5 113005
1439000 25771.9 42183.7 45119.1 113075
1439500 25780.5 42167.7 45165.9 113114
1440000 25781.4 42173.2 45179.7 113134
1440500 25823.1 42171.5 45189 113184
1441000 25839.7 42147.7 45182.4 113170
1441500 25850 42148 45185.8 113184
1442000 25856.4 42165.1 45189.2 113211
1442500 25891.5 42211.7 45218.1 113321
1443000 25916 42198.1 45267 113381
1443500 25919.2 42203 45303.8 113426
1444000 25913.8 42215.1 45339.4 113468
1444500 25923.8 42204 45375.2 113503
1445000 25948 42222.6 45430.7 113601
1445500 25955.3 42224.9 45477.2 113657
1446000 25975.8 42227.3 45497.4 113701
1446500 25978.9 42236.8 45557.7 113773
1447000 25981.7 42228.6 45597.9 113808
1447500 25981.8 42241.1 45638 113861
1448000 25989.1 42252.6 45698.4 113940
1448500 25996.7 42244.2 45749.1 113990
1449000 25993.7 42231.5 45793.3 114019
1449500 26020 42209.7 45816 114046
1450000 26026 42202.8 45822.3 114051
1450500 26018.4 42191.5 45825.6 114036
1451000 26021.2 42207.2 45867.3 114096
1451500 26029.2 42237.6 45894.2 114161
1452000 26015.1 42275.5 45893.9 114185
1452500 26022 42294.9 45904.2 114221
1453000 26036.3 42325.1 45896.1 114258
1453500 26054.9 42358.8 45920.9 114335
1454000 26075.7 42385.2 45948 114409
1454500 26097.3 42397.8 45924.6 114420
1455000 26125 42425.8 45917.9 114469
1455500 26136.8 42438.1 45925.9 114501
1456000 26154.5 42447.3 45930.9 114533
1456500 26170.2 42441.4 45943.5 114555
1457000 26167.1 42442.4 45953.9 114563
1457500 26163.7 42451.3 45961 114576
1458000 26186.8 42470.8 45951 114609
1458500 26203.7 42462.4 45945.2 114611
1459000 26217.5 42483.1 45940.6 114641
1459500 26234.1 42512.3 45932.9 114679
1460000 26247.9 42551.5 45951 114750
1460500 26266.4 42589.6 45983.5 114840
1461000 26250.2 42646 46026.8 114923
1461500 26243.2 42666.4 46083.2 114993
1462000 26257.1 42690.8 46129.8 115078
1462500 26284.9 42724.2 46158.6 115168
1463000 26298.5 42762.7 46173.9 115235
1463500 26304.3 42754.4 46169.9 115229
1464000 26314.3 42773.4 46199.5 115287
1464500 26330.9 42797.5 46230.8 115359
1465000 26348.1 42833.5 46261.9 115443
1465500 26357.8 42842.6 46302.5 115503
1466000 26360.6 42865.6 46360.3 115587
1466500 26380 42873.9 46438.1 115692
1467000 26396.1 42901.8 46483.8 115782
1467500 26391.5 42912.7 46531.3 115835
1468000 26389 42913.3 46570.5 115873
1468500 26381.4 42941.8 46597.4 115921
1469000 26393.5 42964.2 46600.3 115958
1469500 26395.6 43009 46600.9 116005
1470000 26384.5 43049.1 46615.3 116049
1470500 26415.2 43058.3 46624.7 116098
1471000 26447.6 43062.7 46655.2 116166
1471500 26470.2 43072.6 46675.9 116219
1472000 26464.8 43081.4 46673.9 116220
1472500 26450.8 43081.3 46668.5 116201
1473000 26443.7 43075.3 46685.9 116205
1473500 26454.5 43099.3 46716.8 116271
1474000 26433.7 43122.6 46733.8 116290
1474500 26431.2 43146.4 46752 116330
1475000 26452.9 43176.2 46770.1 116399
1475500 26473.5 43208.4 46750.4 116432
1476000 26502.3 43219.4 46746.1 116468
1476500 26529.3 43205.9 46753.5 116489
1477000 26537.7 43194.2 46772.8 116505
1477500 26537.5 43243.8 46786.5 116568
1478000 26555.2 43257.4 46802 116615
1478500 26541.8 43289.6 46771.5 116603
1479000 26556.9 43324.5 46765.9 116647
1479500 26557.2 43342 46763.6 116663
1480000 26544.5 43321.4 46801.3 116667
1480500 26532.9 43342.2 46813.3 116688
1481000 26536.8 43356.7 46827.9 116721
1481500 26530.1 43378.7 46812.7 116721
1482000 26539.2 43396.1 46814.1 116749
1482500 26546.2 43413.1 46829 116788
1483000 26561.5 43388.3 46840.4 116790
1483500 26600.4 43386.9 46878.3 116866
1484000 26619.2 43379.4 46891.9 116891
1484500 26644.6 43397.3 46927.2 116969
1485000 26654.4 43402.2 46959.1 117016
1485500 26679.4 43422 46964.6 117066
1486000 26684 43451.8 46962.9 117099
1486500 26687.8 43466.9 46995.6 117150
1487000 26684.2 43476.1 46985.5 117146
1487500 26671.9 43501.2 47008.9 117182
1488000 26653 43529.4 47012.5 117195
1488500 26641 43575.9 47027 117244
1489000 26612.5 43613.7 47053.4 117280
1489500 26600.2 43646.5 47086.3 117333
1490000 26596.2 43679.2 47106 117381
1490500 26600.7 43725.1 47106.6 117432
1491000 26606.1 43751.4 47110 117467
1491500 26621.9 43776.2 47117.9 117516
1492000 26641.6 43825.4 47125 117592
1492500 26674.2 43840.6 47142.2 117657
1493000 26696.3 43835.2 47170.2 117702
1493500 26720.5 43839.3 47186.1 117746
1494000 26728.1 43828.3 47211.8 117768
1494500 26730.9 43846.4 47242.4 117820
1495000 26746.9 43871.6 47274.9 117893
1495500 26745.5 43890.8 47298.3 117935
1496000 26753.8 43898.2 47324.4 117976
1496500 26753 43883.3 47385.2 118022
1497000 26749.9 43916 47437.7 118104
1497500 26738.6 43914.8 47472.5 118126
1498000 26724.8 43899.7 47510.9 118135
1498500 26732.8 43897.1 47523.7 118154
1499000 26731.5 43881 47499.6 118112
1499500 26748 43860.4 47477.3 118086
1500000 26763 43831 47481.8 118076
1500500 26767 43818.8 47465.3 118051
1501000 26771.7 43822 47450.7 118044
1501500 26785.6 43830.4 47454.4 118070
1502000 26776.5 43842.7 47463.4 118083
1502500 26780.8 43868.5 47493.2 118142
1503000 26784.4 43897.2 47543.4 118225
1503500 26813.9 43923.8 47597.1 118335
1504000 26831.5 43952.7 47621.7 118406
1504500 26846.8 43980.1 47637.8 118465
1505000 26897.3 44025.9 47638.6 118562
1505500 26935.7 44031.5 47636.4 118604
1506000 26987 44026.4 47669 118682
1506500 27012.5 44021.5 47715.6 118750
1507000 27010.9 44041.7 47713.2 118766
1507500 27023.5 44044.5 47734.1 118802
1508000 27039 44037.3 47757.1 118833
1508500 27051.8 44041.7 47773.2 118867
1509000 27094.6 44060.8 47814.8 118970
1509500 27145.4 44068 47841.1 119054
1510000 27185.8 44096.7 47882.2 119165
1510500 27206.7 44146.8 47905.1 119259
1511000 27211.7 44151.5 47941.7 119305
1511500 27206.6 44141 47944.2 119292
1512000 27219.5 44137.9 47930 119287
1512500 27243.2 44104.6 47942.5 119290
1513000 27249.8 44058.4 47964.5 119273
1513500 27266.9 44017.5 47973.2 119258
1514000 27286.1 44023.9 47990.6 119301
1514500 27308.9 44014.8 47988.6 119312
1515000 27313.9 44002.3 47986.3 119303
1515500 27297.5 44031.9 47984.3 119314
1516000 27291.1 44060.8 47984 119336
1516500 27273.7 44097.6 47954.6 119326
1517000 27281.9 44121.5 47939.6 119343
1517500 27291.2 44147.2 47897.3 119336
1518000 27280.4 44188.9 47856.1 119325
1518500 27266.4 44210.5 47840.2 119317
1519000 27270.1 44230.7 47844.3 119345
1519500 27278.6 44246 47837.2 119362
1520000 27291.1 44266.1 47836.5 119394
1520500 27298.5 44281.2 47882.1 119462
1521000 27300.2 44285 47927.8 119513
1521500 27310 44285.5 47957.5 119553
1522000 27307.4 44282.1 47967.1 119557
1522500 27320.7 44295.8 48010.7 119627
1523000 27336.7 44334.5 48033.7 119705
1523500 27355.3 44339.1 48053.3 119748
1524000 27373.4 44363.4 48073.8 119811
1524500 27379.1 44348.8 48118.3 119846
1525000 27381.6 44354.1 48145.4 119881
1525500 27417.1 44358.6 48189.6 119965
1526000 27428.3 44361.4 48229.8 120020
1526500 27434.1 44370.1 48261.8 120066
1527000 27433.9 44379.5 48282.3 120096
1527500 27428.9 44386.2 48302.4 120117
1528000 27417 44415.9 48341.3 120174
1528500 27430 44438.3 48364.5 120233
1529000 27457.8 44460.1 48394.2 120312
1529500 27476.7 44477.1 48442.6 120396
1530000 27492.5 44481.1 48514.4 120488
1530500 27500.8 44490.9 48547.7 120539
1531000 27506.1 44500.1 48574.4 120580
1531500 27526.9 44533.8 48594.9 120656
1532000 27531.1 44554.6 48618.2 120704
1532500 27508.7 44566.3 48643.2 120718
1533000 27515.4 44578.5 48682.6 120776
1533500 27543.5 44609.7 48703.4 120857
1534000 27540.9 44648 48706.4 120895
1534500 27547.7 44689.8 48722.2 120960
1535000 27551.6 44732.3 48732.5 121016
1535500 27558.4 44793.7 48752.9 121105
1536000 27572.2 44849.6 48786 121208
1536500 27567.8 44896.5 48815.7 121280
1537000 27567.1 44909.7 48876.3 121353
1537500 27551.8 44920.6 48904.1 121377
1538000 27545.7 44926.3 48954 121426
1538500 27558 44921.8 48987.1 121467
1539000 27567.7 44899.6 49007.3 121475
1539500 27582.1 44893.4 49018.1 121494
1540000 27620 44890.5 49062.1 121573
1540500 27628.4 44912.7 49092.3 121633
1541000 27623.4 44922.4 49105.7 121651
1541500 27619 44919.9 49111.6 121651
1542000 27645.8 44910.6 49122.1 121679
1542500 27651.1 44920.3 49129.1 121700
1543000 27644 44957.7 49170.9 121773
1543500 27655.7 44981.3 49185.8 121823
1544000 27682.7 44985 49188.8 121856
1544500 27703.2 44993.6 49215.5 121912
1545000 27711.7 44997 49235.2 121944
1545500 27738.6 45019.4 49263.9 122022
1546000 27762.9 45052.5 49280.5 122096
1546500 27801.7 45072.1 49309.1 122183
1547000 27829.3 45095.2 49324.4 122249
1547500 27849.4 45116.1 49368.6 122334
1548000 27881 45160.4 49416.3 122458
1548500 27919.3 45216.7 49433.5 122569
1549000 27943 45246.3 49414.8 122604
1549500 27977.4 45294.1 49435.6 122707
1550000 27972.6 45321.7 49438.2 122733
1550500 27978.2 45340.8 49449.8 122769
1551000 27989.8 45361 49465.4 122816
1551500 28004.9 45402 49482.1 122889
1552000 28020.5 45423.5 49523.9 122968
1552500 28042.4 45432 49524.4 122999
1553000 28057.7 45421.5 49541.5 123021
1553500 28071.7 45440.7 49562 123074
1554000 28073.9 45461.6 49594.2 123130
1554500 28050.7 45460.3 49625.4 123136
1555000 28030.9 45470.6 49685.5 123187
1555500 28039.6 45475.2 49706.5 123221
1556000 28039.5 45499.6 49759 123298
1556500 28061 45534.8 49770.5 123366
1557000 28061.4 45569.4 49821 123452
1557500 28083 45562.1 49887.9 123533
1558000 28111.3 45556.4 49910.5 123578
1558500 28127.6 45542.9 49925 123595
1559000 28143.8 45543.3 49938.7 123626
1559500 28148.3 45523.8 49959.1 123631
1560000 28147.7 45522.5 49963.8 123634
1560500 28155.7 45502.9 49981.7 123640
1561000 28161 45522.7 50009.5 123693
1561500 28178.8 45553.7 50032.2 123765
1562000 28185.2 45580.3 50059.4 123825
1562500 28179.3 45609.3 50058.5 123847
1563000 28189.6 45646.9 50062 123898
1563500 28222.3 45673.5 50076.8 123973
1564000 28232.2 45698.3 50121.8 124052
1564500 28230.6 45741.2 50127.2 124099
1565000 28223.6 45764.2 50130.8 124119
1565500 28248.7 45795.2 50131.6 124175
1566000 28279.7 45801.7 50118.4 124200
1566500 28303.3 45848.1 50123.6 124275
1567000 28319.9 45910.3 50132.5 124363
1567500 28315.9 45943.3 50155.9 124415
1568000 28332.6 46011 50173 124517
1568500 28330.9 46068 50191.3 124590
1569000 28350.2 46118.7 50195.2 124664
1569500 28366.4 46158.8 50212.6 124738
1570000 28377 46202 50205.8 124785
1570500 28379.7 46209.8 50248.3 124838
1571000 28369 46227.7 50292.8 124889
1571500 28373.7 46233.1 50327.5 124934
1572000 28367.1 46240.6 50379.1 124987
1572500 28363.5 46265.2 50398.4 125027
1573000 28371.3 46279.9 50386.6 125038
1573500 28370.5 46314.6 50420.8 125106
1574000 28381.1 46351.2 50448.6 125181
1574500 28386.9 46372.4 50450.9 125210
1575000 28392.8 46389.6 50446.1 125228
1575500 28409.4 46403.1 50448.1 125261
1576000 28425.1 46449.8 50474.9 125350
1576500 28429.5 46441.5 50476.7 125348
1577000 28433.4 46451.8 50490.8 125376
1577500 28446.7 46464.9 50515.8 125427
1578000 28449.4 46470.6 50543.1 125463
1578500 28457 46462.4 50581.8 125501
1579000 28454.8 46461.3 50608.3 125524
1579500 28435.8 46460.5 50634.1 125530
1580000 28455.5 46492.2 50711.4 125659
1580500 28446.4 46512.3 50766.6 125725
1581000 28437.2 46510.5 50812.8 125760
1581500 28438.4 46519.5 50860 125818
1582000 28453.4 46528.1 50892.4 125874
1582500 28489.1 46531.8 50933.4 125954
1583000 28514.2 46555.3 50955.4 126025
1583500 28532.2 46595.6 50985.9 126114
1584000 28558.5 46618.3 51039.9 126217
1584500 28579.2 46633.9 51067 126280
1585000 28596.5 46628.2 51083 126308
1585500 28601.1 46619.2 51089 126309
1586000 28606.3 46599.1 51089.8 126295
1586500 28624.6 46563 51103.5 126291
1587000 28638.7 46526.2 51122.8 126288
1587500 28651.1 46512.6 51138.2 126302
1588000 28674.6 46517.3 51155.4 126347
1588500 28719.8 46515.7 51145.9 126381
1589000 28731.9 46497 51137.5 126366
1589500 28743.9 46500.4 51126.5 126371
1590000 28747.6 46499 51133.9 126381
1590500 28760 46497.9 51144.1 126402
1591000 28765.3 46510.9 51151.4 126428
1591500 28780 46533.1 51192.3 126505
1592000 28757.8 46557.7 51214.3 126530
1592500 28775.6 46589.6 51230 126595
1593000 28799.8 46606.2 51238.8 126645
1593500 28790.8 46627.6 51206.3 126625
1594000 28793.8 46662.3 51226.5 126683
1594500 28779.8 46715.6 51239.1 126735
1595000 28770.7 46761.3 51248.6 126781
1595500 28747.7 46794.3 51297 126839
1596000 28736 46808.1 51345.1 126889
1596500 28739.5 46797.5 51387.6 126925
1597000 28735.2 46815.3 51427.9 126978
1597500 28736.4 46846.8 51442.8 127026
1598000 28740.8 46865.2 51451.6 127058
1598500 28755 46879.8 51473.1 127108
1599000 28798.9 46897.1 51485.4 127181
1599500 28792.3 46922.1 51493 127207
1600000 28797.6 46931.8 51502.1 127231
1600500 28825.4 46943 51507.5 127276
1601000 28848.2 46967.7 51553.5 127369
1601500 28849 46966.1 51565.1 127380
1602000 28863.2 46989.6 51594.8 127448
1602500 28867.2 47026.5 51636.8 127531
1603000 28885.4 47052.3 51645.1 127583
1603500 28904.5 47097.2 51662.2 127664
1604000 28948.5 47120.6 51653.8 127723
1604500 28967.6 47173.1 51656.4 127797
1605000 28986.6 47198.9 51676.4 127862
1605500 29012.4 47224.3 51716.7 127953
1606000 29035.5 47258.8 51735 128029
1606500 29057.4 47257 51754.5 128069
1607000 29065.3 47276.6 51759.4 128101
1607500 29065.5 47265.5 51779.6 128111
1608000 29063.5 47301.2 51790.9 128156
1608500 29078.1 47315.6 51803.2 128197
1609000 29077.2 47336.8 51819.9 128234
1609500 29105.5 47363.9 51818.3 128288
1610000 29127 47347.2 51846.9 128321
1610500 29127 47299.8 51860 128287
1611000 29131.8 47238 51876.9 128247
1611500 29169 47201 51937.9 128308
1612000 29190.5 47215.3 51983.3 128389
1612500 29210.9 47247.3 51992.7 128451
1613000 29217.9 47247.5 51977.1 128443
1613500 29215.8 47247.6 51986.2 128450
1614000 29209.9 47258.3 52002.2 128470
1614500 29214.5 47262.5 52023.7 128501
1615000 29212.8 47277.2 52049.4 128539
1615500 29213.6 47296.6 52057 128567
1616000 29225.9 47330.8 52068.6 128625
1616500 29248.3 47368.9 52079 128696
1617000 29242 47412.9 52082 128737
1617500 29238.2 47468.4 52101.5 128808
1618000 29252.5 47490.7 52112.9 128856
1618500 29238.3 47528.9 52124.7 128892
1619000 29226.5 47554.2 52141.4 128922
1619500 29220.8 47571.6 52166.4 128959
1620000 29197.5 47579.7 52151.1 128928
1620500 29205.5 47602.7 52161.2 128969
1621000 29223.6 47622.7 52202.8 129049
1621500 29254.1 47631.1 52263.5 129149
1622000 29242.2 47646.1 52299.3 129188
1622500 29224 47645.5 52328.2 129198
1623000 29231.1 47653.1 52355.1 129239
1623500 29244.8 47696.6 52388.4 129330
1624000 29257.1 47747.6 52404.1 129409
1624500 29284.2 47779.1 52376.8 129440
1625000 29299.7 47826.5 52411.2 129538
1625500 29310.4 47855.2 52430.7 129596
1626000 29329.3 47877.9 52471.2 129678
1626500 29368.2 47912 52509.5 129790
1627000 29395.2 47907 52542.4 129845
1627500 29409.7 47937.5 52544.4 129892
1628000 29409.3 47972.1 52548.6 129930
1628500 29396.9 47971.4 52553.4 129922
1629000 29411.3 47968.9 52532.9 129913
1629500 29421.7 47985 52516.3 129923
1630000 29412.9 48020 52497.4 129930
1630500 29411 48051.6 52516.6 129979
1631000 29416.6 48062.6 52534 130013
1631500 29406.8 48047.4 52559.8 130014
1632000 29403.9 48025.4 52559.2 129988
1632500 29409.7 48044.6 52550 130004
1633000 29446.4 48034.8 52537.5 130019
1633500 29475.6 48052.3 52552.6 130080
1634000 29480.2 48095.3 52578.9 130154
1634500 29483.3 48123.4 52630.2 130237
1635000 29502.5 48185.8 52672.9 130361
1635500 29514.1 48214.9 52734.7 130464
1636000 29546.3 48233.4 52739.8 130520
1636500 29560 48262.3 52768 130590
1637000 29580.6 48270.4 52770.6 130622
1637500 29596.7 48281.6 52744.7 130623
1638000 29603.7 48314.8 52739.5 130658
1638500 29619.5 48320.2 52739.7 130679
1639000 29623.4 48320.6 52739.3 130683
1639500 29638.2 48340.7 52756.2 130735
1640000 29625.9 48347.9 52769.8 130744
1640500 29618 48347.8 52762.5 130728
1641000 29628.4 48365.2 52776.1 130770
1641500 29630.9 48351.4 52783.5 130766
1642000 29644.1 48358.8 52797.4 130800
1642500 29638.6 48386.4 52785 130810
1643000 29632.7 48406.5 52784.3 130824
1643500 29629.3 48406.4 52800.3 130836
1644000 29620.2 48405.9 52832.2 130858
1644500 29631.8 48430.3 52864.8 130927
1645000 29650.7 48446.6 52893.1 130990
1645500 29662.5 48461.7 52894.4 131019
1646000 29676.1 48456.2 52914.4 131047
1646500 29688.9 48470.2 52933 131092
1647000 29713.2 48468.5 52942.8 131124
1647500 29713.9 48463.1 52929.5 131107
1648000 29736 48451 52926.7 131114
1648500 29738.8 48416.1 52946.2 131101
1649000 29731.3 48389.8 52984.2 131105
1649500 29728.5 48374.3 53017.3 131120
1650000 29728 48339.6 53034.4 131102
1650500 29729.1 48304.7 53038.1 131072
1651000 29740.6 48286.6 53039.3 131067
1651500 29731 48271.5 53079.9 131082
1652000 29721.2 48277.3 53105.9 131104
1652500 29724.5 48294.6 53151.4 131171
1653000 29724.4 48321.2 53190.4 131236
1653500 29726.5 48357.3 53232 131316
1654000 29710.1 48366.1 53246.8 131323
1654500 29696.4 48393.6 53244.6 131335
1655000 29671.1 48434.5 53233.9 131340
1655500 29676 48448.6 53202.6 131327
1656000 29673.3 48458.9 53167 131299
1656500 29686.5 48459 53145.5 131291
1657000 29706.8 48465 53148.5 131320
1657500 29705.9 48492.8 53171 131370
1658000 29688.5 48537.6 53217.8 131444
1658500 29663.7 48568.8 53267 131499
1659000 29656.3 48574.8 53279.4 131511
1659500 29667.8 48583.5 53287.8 131539
1660000 29659.4 48619.4 53318.3 131597
1660500 29657.1 48656.4 53358 131671
1661000 29659.2 48683.5 53397.1 131740
1661500 29681.5 48668.1 53425.7 131775
1662000 29697.6 48667.3 53465.8 131831
1662500 29702.6 48638.9 53490.7 131832
1663000 29688.2 48653.4 53536 131878
1663500 29684.7 48647.6 53564.1 131896
1664000 29715.3 48629.8 53612.2 131957
1664500 29744.9 48628.2 53654.6 132028
1665000 29783.8 48657 53674.6 132115
1665500 29807.7 48704.3 53680.2 132192
1666000 29848.8 48742.4 53676.6 132268
1666500 29880.8 48779.2 53724.3 132384
1667000 29901.3 48804.8 53706.9 132413
1667500 29924.8 48841.8 53729.1 132496
1668000 29951.3 48850.1 53735 132536
1668500 29958.2 48865.1 53727.4 132551
1669000 29970.1 48858.3 53738.1 132566
1669500 29975 48870.6 53771.1 132617
1670000 29991.9 48874.2 53804.6 132671
1670500 30024 48912.5 53819.6 132756
1671000 30081.7 48901.5 53834.4 132818
1671500 30121.2 48882.5 53870.1 132874
1672000 30143.5 48865.5 53881 132890
1672500 30168.6 48886.5 53897.3 132952
1673000 30208.1 48906.7 53891.2 133006
1673500 30233.1 48919.4 53924.1 133077
1674000 30272.6 48929.4 53951.5 133154
1674500 30332.8 48936.7 53978.5 133248
1675000 30347.2 48943.5 54007.6 133298
1675500 30337.6 48961.5 54030.1 133329
1676000 30307.6 48995.5 54024 133327
1676500 30293.7 49023.8 54028.5 133346
1677000 30287.7 49053.9 54010.5 133352
1677500 30285.3 49086.5 54001.5 133373
1678000 30274.2 49090.6 54017.4 133382
1678500 30281.7 49089.3 54022.8 133394
1679000 30297.9 49102.5 54035.1 133436
1679500 30282.8 49105.1 54065.4 133453
1680000 30260.9 49107.6 54109.7 133478
1680500 30258.6 49107.7 54120.5 133487
1681000 30277.8 49146.8 54138.2 133563
1681500 30286.5 49194.8 54149.3 133631
1682000 30306 49229.1 54180.2 133715
1682500 30318.1 49276.4 54180.9 133775
1683000 30328.4 49257.7 54204.8 133791
1683500 30345.3 49264.1 54218.7 133828
1684000 30361.6 49273.1 54202.4 133837
1684500 30358.9 49330.4 54206.7 133896
1685000 30353.7 49345 54207.2 133906
1685500 30337.3 49365.5 54202.1 133905
1686000 30333.8 49375.4 54224.1 133933
1686500 30338.6 49392.7 54263.6 133995
1687000 30339 49405.1 54309.6 134054
1687500 30348.2 49412.7 54348.9 134110
1688000 30368.2 49427.7 54367.5 134163
1688500 30396.8 49462.9 54374.3 134234
1689000 30424.9 49486.3 54390.9 134302
1689500 30464.7 49505 54416.2 134386
1690000 30503.2 49537 54436.9 134477
1690500 30523.2 49531.2 54448.4 134503
1691000 30564.4 49540 54454.8 134559
1691500 30591 49528 54501.9 134621
1692000 30632.5 49533.9 54554.5 134721
1692500 30637.1 49556.8 54598.6 134792
1693000 30624.7 49571.5 54628.7 134825
1693500 30642.4 49589 54682.7 134914
1694000 30641.6 49588 54700.6 134930
1694500 30659.5 49611.7 54736.6 135008
1695000 30680 49609.9 54734.7 135025
1695500 30677.1 49590.5 54771.8 135039
1696000 30659.5 49559.8 54795.6 135015
1696500 30691.8 49545.8 54823.4 135061
1697000 30711.9 49550 54843.8 135106
1697500 30727.9 49542.1 54867.2 135137
1698000 30728 49567.6 54876.2 135172
1698500 30724.7 49600.9 54886.8 135212
1699000 30729.2 49636.2 54899.2 135265
1699500 30732.8 49694.3 54927.4 135354
1700000 30735.8 49756.5 54959.8 135452
1700500 30749.6 49794.4 54978.6 135523
1701000 30758.7 49821.2 54994.3 135574
1701500 30763.2 49875.9 55038 135677
1702000 30763.5 49913 55038.2 135715
1702500 30750.4 49926.2 55056 135733
1703000 30769.2 49911.7 55055.4 135736
1703500 30792 49924.3 55038.4 135755
1704000 30816.8 49957.3 55049.8 135824
1704500 30833.5 49962.5 55063.2 135859
1705000 30831 49954.6 55060.3 135846
1705500 30833.7 49917.6 55059.9 135811
1706000 30852.6 49903.2 55056.3 135812
1706500 30874.7 49913.1 55030.8 135819
1707000 30891.3 49896.1 55020.8 135808
1707500 30906.5 49921.3 55007.8 135836
1708000 30922.9 49928.7 55014.1 135866
1708500 30894.7 49944.9 54984.4 135824
1709000 30875.8 49951.5 54987.8 135815
1709500 30858.3 49976.5 54977.4 135812
1710000 30837.7 50012 54994.9 135845
1710500 30825.8 50028.3 55018.1 135872
1711000 30827.6 50047.3 55031.2 135906
1711500 30849.3 50080.9 55042.9 135973
1712000 30861.9 50093.6 55056.9 136012
1712500 30875.5 50071.6 55094.3 136041
1713000 30897.6 50072.2 55101.1 136071
1713500 30924 50072.4 55126.9 136123
1714000 30944 50068 55183.8 136196
1714500 30956.4 50061.1 55206.7 136224
1715000 30966.1 50091.9 55205.5 136264
1715500 30965.7 50123.6 55242.7 136332
1716000 30972.8 50169.8 55267.2 136410
1716500 30991.1 50216.7 55287.7 136496
1717000 31002.4 50273.1 55301.1 136577
1717500 30988.3 50319.5 55334.5 136642
1718000 30973.5 50342.6 55347.3 136663
1718500 30952.9 50355 55361.3 136669
1719000 30926.8 50406.5 55370.3 136704
1719500 30906.6 50439.9 55369.6 136716
1720000 30883.2 50456.9 55382.3 136722
1720500 30840.7 50467.3 55425 136733
1721000 30845.8 50484.3 55446.3 136776
1721500 30859.1 50517.5 55478.7 136855
1722000 30871.5 50562.3 55489.6 136923
1722500 30858.9 50598.3 55516.1 136973
1723000 30846.7 50627 55560.9 137035
1723500 30811.8 50602.3 55592.7 137007
1724000 30800.3 50609 55655.3 137065
1724500 30792.2 50594.8 55707.9 137095
1725000 30804 50606.3 55710 137120
1725500 30809 50584.6 55718.4 137112
1726000 30815.1 50604.8 55719.2 137139
1726500 30823.6 50599.3 55704.3 137127
1727000 30829.3 50590.4 55718.1 137138
1727500 30826.7 50586.9 55731.5 137145
1728000 30812.9 50597.8 55735.9 137147
1728500 30830 50585.5 55752.6 137168
1729000 30834.6 50579.1 55762 137176
1729500 30837.4 50587.2 55810.2 137235
1730000 30835 50624.7 55835.5 137295
1730500 30826.8 50649.7 55827.3 137304
1731000 30822.7 50677.2 55826.9 137327
1731500 30817.2 50654.1 55855.4 137327
1732000 30849.1 50633.2 55888.3 137371
1732500 30873.6 50649.7 55885 137408
1733000 30897.3 50680.3 55879.8 137457
1733500 30921.2 50727.5 55892.8 137542
1734000 30949.7 50731.5 55913.4 137595
1734500 30951.8 50743 55941.4 137636
1735000 30959.8 50755 55959.2 137674
1735500 30969.2 50748.7 55943.2 137661
1736000 30981.3 50746.2 55924.2 137652
1736500 30982.9 50745.3 55925.1 137653
1737000 30988.5 50760.9 55940.2 137690
1737500 30987.7 50755.8 55944 137687
1738000 30980.3 50742.3 55974.7 137697
1738500 30984.5 50734.3 55981.9 137701
1739000 30991 50763.1 56011.6 137766
1739500 30992.9 50785.2 56059.5 137838
1740000 30996.7 50827.8 56087.9 137912
1740500 31015.2 50853.9 56120.3 137989
1741000 31051.5 50877.9 56170.8 138100
1741500 31078.3 50901.2 56214.4 138194
1742000 31105.1 50884.6 56251.6 138241
1742500 31108.7 50935.6 56298.4 138343
1743000 31122.2 50970.7 56318.4 138411
1743500 31139.2 50988.1 56374.1 138501
1744000 31162.5 51021.6 56410.8 138595
1744500 31171.8 51051.6 56435.9 138659
1745000 31208.7 51070.4 56455.2 138734
1745500 31239.3 51090.2 56505.9 138835
1746000 31280.1 51117.4 56561.2 138959
1746500 31307.6 51158.2 56575.5 139041
1747000 31337.6 51208.3 56606.3 139152
1747500 31368.3 51210.6 56610.8 139190
1748000 31393.7 51238.6 56624 139256
1748500 31382 51293.9 56657 139333
1749000 31347.8 51364.9 56703.2 139416
1749500 31324.7 51394.2 56714.2 139433
1750000 31314.1 51404.3 56748 139466
1750500 31274.2 51387.1 56797 139458
1751000 31272.2 51359.7 56853.1 139485
1751500 31257.3 51325.4 56887.8 139471
1752000 31253.2 51318.5 56939.6 139511
1752500 31257.2 51299.6 56969.7 139527
1753000 31270.8 51293.4 56995.1 139559
1753500 31293.7 51289.4 56998.2 139581
1754000 31294.4 51255.4 56979 139529
1754500 31283.8 51235.4 57002.2 139521
1755000 31274.4 51248 57014.9 139537
1755500 31262.2 51259.9 57003.9 139526
1756000 31233.5 51267.3 56997.3 139498
1756500 31218.5 51275.4 56997.5 139491
1757000 31206.8 51274.1 56988.9 139470
1757500 31198 51266.4 57006.5 139471
1758000 31187.4 51270.3 57016.8 139475
1758500 31175.8 51308.2 57023.1 139507
1759000 31188.3 51341.7 57047.7 139578
1759500 31209.8 51364.2 57078.6 139653
1760000 31210.3 51387.3 57119.1 139717
1760500 31211 51410.4 57173.7 139795
1761000 31213.9 51455.1 57195.2 139864
1761500 31233.8 51445.8 57252 139932
1762000 31235.5 51449.5 57283.5 139969
1762500 31237.9 51468.1 57304.8 140011
1763000 31248.6 51484.7 57318.6 140052
1763500 31268.8 51476.8 57342.7 140088
1764000 31281.2 51471.9 57359.1 140112
1764500 31284.1 51485.3 57413.4 140183
1765000 31283.2 51499 57435.7 140218
1765500 31288.5 51516.8 57411.3 140217
1766000 31299.7 51547.1 57387.1 140234
1766500 31309.6 51564.9 57339.2 140214
1767000 31316.6 51579.4 57324.3 140220
1767500 31340.9 51614.8 57326.3 140282
1768000 31334.8 51625.7 57336.7 140297
1768500 31324 51647.9 57355.6 140328
1769000 31328.2 51668.9 57389.2 140386
1769500 31339 51701 57384.2 140424
1770000 31320.3 51719.9 57387 140427
1770500 31307.3 51739.8 57387.1 140434
1771000 31301.2 51769.3 57401 140472
1771500 31287.9 51804 57428 140520
1772000 31273.8 51825.1 57457.5 140556
1772500 31248.3 51828.7 57480.1 140557
1773000 31241 51858.7 57511.6 140611
1773500 31233.2 51901.2 57521.6 140656
1774000 31225 51939.8 57500.8 140666
1774500 31216.8 51960.5 57515.2 140693
1775000 31220.4 51972.3 57520.7 140713
1775500 31212.2 51996.1 57520.9 140729
1776000 31233.7 52045.3 57501 140780
1776500 31280.8 52088.4 57474.5 140844
1777000 31314.4 52119.1 57464.8 140898
1777500 31332.4 52137.5 57462.3 140932
1778000 31349.2 52157 57468.8 140975
1778500 31375.5 52147.9 57483.2 141007
1779000 31396.2 52136.9 57503 141036
1779500 31405.2 52120.4 57506.2 141032
1780000 31419.4 52099.4 57531.6 141050
1780500 31418 52040.7 57537.5 140996
1781000 31413.8 52010.6 57541 140965
1781500 31407.8 52020.1 57535.9 140964
1782000 31401.8 51999.1 57562.7 140964
1782500 31397.9 51999.6 57561.6 140959
1783000 31405.8 52001.4 57568.9 140976
1783500 31424.1 52037 57567.7 141029
1784000 31453.2 52052.1 57562.8 141068
1784500 31461.3 52049.9 57552.7 141064
1785000 31460.8 52027.8 57574.8 141063
1785500 31456.8 52048.6 57615.5 141121
1786000 31450.2 52072.8 57626.1 141149
1786500 31444.4 52109.9 57631 141185
1787000 31442.4 52112.1 57618.4 141173
1787500 31435.7 52132.6 57614.1 141182
1788000 31442.4 52193.9 57595.1 141231
1788500 31462.1 52220.7 57596.5 141279
1789000 31477.3 52247.6 57568 141293
1789500 31476.7 52256.8 57549.5 141283
1790000 31475.3 52265.3 57543.9 141284
1790500 31489.4 52281.1 57529.6 141300
1791000 31500.1 52294 57485.6 141280
1791500 31518.7 52319.8 57458 141297
1792000 31541.9 52338 57465.1 141345
1792500 31560.1 52358.1 57481.5 141400
1793000 31590.3 52385.7 57501.2 141477
1793500 31611.8 52420.7 57500.8 141533
1794000 31637.8 52484.6 57458.3 141581
1794500 31688.1 52555.1 57454.7 141698
1795000 31724.3 52595.6 57466.9 141787
1795500 31756.3 52614.9 57466.6 141838
1796000 31780.9 52618.3 57470 141869
1796500 31789.2 52629.1 57475.4 141894
1797000 31822.2 52657.8 57475.5 141956
1797500 31846 52674.5 57484.9 142005
1798000 31855.5 52659.1 57484.1 141999
1798500 31864.1 52659.5 57498.3 142022
1799000 31874.2 52669.7 57514.7 142059
1799500 31889.5 52680.6 57538.6 142109
1800000 31893.8 52680.7 57554.8 142129
1800500 31889.4 52690.7 57577.4 142157
1801000 31896.8 52706.4 57595.7 142199
1801500 31886.2 52747.3 57611.4 142245
1802000 31899.4 52737 57641.6 142278
1802500 31916.1 52771.6 57683 142371
1803000 31925.4 52799.6 57731.7 142457
1803500 31962.7 52806.5 57753.4 142523
1804000 31991.5 52785.7 57790.1 142567
1804500 32010.1 52809.1 57797 142616
1805000 32031.3 52841.4 57773 142646
1805500 32051.6 52844.5 57752.4 142649
1806000 32068.4 52853.3 57728.4 142650
1806500 32079.9 52902.1 57719.9 142702
1807000 32079.8 52927.9 57702.7 142710
1807500 32087.6 52945.7 57658.9 142692
1808000 32098.8 52956.2 57640.8 142696
1808500 32113.6 52998.8 57666.1 142778
1809000 32129.5 53025.8 57698.7 142854
1809500 32161.2 53047.8 57705.3 142914
1810000 32176 53054.5 57687.9 142919
1810500 32180.7 53061.5 57693.3 142935
1811000 32209.5 53068.1 57720.7 142998
1811500 32219.2 53087.5 57745.8 143053
1812000 32220 53100.8 57787.4 143108
1812500 32232.9 53125.4 57812.3 143171
1813000 32240.2 53148.1 57788.5 143177
1813500 32273.4 53196.2 57782.9 143253
1814000 32293.7 53198.6 57813.1 143305
1814500 32299.7 53201.4 57871.1 143372
1815000 32311.2 53209.4 57903.6 143424
1815500 32335.6 53203.7 57914.8 143454
1816000 32344.4 53213.5 57905.7 143464
1816500 32342.9 53244.3 57930.6 143518
1817000 32340.7 53274.1 57944.7 143560
1817500 32334.9 53334.2 57952.4 143621
1818000 32334.4 53372.8 57963.2 143670
1818500 32327.8 53394.5 57941.4 143664
1819000 32342.2 53378.3 57932.4 143653
1819500 32363.9 53367.7 57921.5 143653
1820000 32350 53342.5 57952.5 143645
1820500 32356 53329.2 57975.6 143661
1821000 32370.5 53350 57962.3 143683
1821500 32369.8 53358.6 57957.3 143686
1822000 32376.4 53368.4 58006.5 143751
1822500 32395.7 53396 58025.1 143817
1823000 32412.6 53419.4 58004.3 143836
1823500 32452.2 53442.4 57997 143892
1824000 32491.2 53515.4 57972.9 143980
1824500 32515.1 53543.6 57957.3 144016
1825000 32539 53579.2 57955.4 144074
1825500 32533.9 53664.1 57932.1 144130
1826000 32549.2 53683.5 57943.3 144176
1826500 32575.9 53681.4 57951.4 144209
1827000 32616 53685.9 57962.2 144264
1827500 32644.1 53692.5 57978.1 144315
1828000 32652.1 53681 58009.4 144343
1828500 32680.6 53685.6 58020 144386
1829000 32705.7 53736.7 58061.4 144504
1829500 32724.1 53789.4 58118.7 144632
1830000 32742.5 53839.1 58152.1 144734
1830500 32742.1 53854 58164.7 144761
1831000 32738.2 53871.7 58194.6 144804
1831500 32738.3 53878.2 58211.1 144828
1832000 32726.5 53859.3 58209.8 144796
1832500 32728.9 53855.4 58234.4 144819
1833000 32713.9 53893.5 58284.7 144892
1833500 32705.7 53926.8 58313.3 144946
1834000 32714.4 53969.3 58327.8 145011
1834500 32736.7 53980.1 58351.2 145068
1835000 32746.5 54024.1 58353.3 145124
1835500 32758 54059.1 58400.8 145218
1836000 32757.1 54094 58431.4 145283
1836500 32768.4 54115.1 58454.2 145338
1837000 32754.3 54120.6 58506.7 145382
1837500 32773.4 54151.1 58559.2 145484
1838000 32798.4 54188.5 58604.2 145591
1838500 32803.4 54243.4 58617.1 145664
1839000 32804.9 54302 58630.5 145737
1839500 32808.3 54324 58674.8 145807
1840000 32816.1 54304.7 58719.6 145840
1840500 32829.1 54338.2 58740.8 145908
1841000 32859.6 54340.1 58780.5 145980
1841500 32886.6 54335.1 58807.6 146029
1842000 32892 54350.7 58836.3 146079
1842500 32888.2 54381.7 58885.6 146156
1843000 32906.6 54422.6 58904.7 146234
1843500 32904.6 54470.5 58928.4 146304
1844000 32923.5 54492.8 58934.5 146351
1844500 32943 54531.2 58936.5 146411
1845000 32958.9 54564.2 58955.6 146479
1845500 32943.3 54549.1 58979.5 146472
1846000 32924.7 54481.7 59024.3 146431
1846500 32924.2 54445.5 59056.1 146426
1847000 32895.9 54417 59079 146392
1847500 32889.5 54404.1 59098.8 146392
1848000 32887.8 54403.6 59107.6 146399
1848500 32904.4 54427.9 59162.1 146494
1849000 32905 54420.8 59180.7 146507
1849500 32893 54421.3 59207.6 146522
1850000 32879.7 54427 59234.6 146541
1850500 32851.5 54415.9 59244.9 146512
1851000 32843.4 54398.1 59239.8 146481
1851500 32817.6 54378.1 59229 146425
1852000 32795.1 54385.9 59215.4 146396
1852500 32775.1 54399.4 59218.6 146393
1853000 32761.8 54407.9 59241.6 146411
1853500 32760.2 54417.3 59220.4 146398
1854000 32772.9 54411.8 59192.3 146377
1854500 32773.3 54398.2 59203.2 146375
1855000 32774.6 54388.4 59235.8 146399
1855500 32770.6 54400.2 59241 146412
1856000 32765.3 54416.7 59236 146418
1856500 32752.6 54414.1 59246.3 146413
1857000 32782.2 54457.6 59215.6 146455
1857500 32813 54476.9 59198.5 146488
1858000 32840.5 54491 59218.6 146550
1858500 32865.2 54499.6 59270 146635
1859000 32884 54511.4 59305.8 146701
1859500 32911.9 54546.6 59344.2 146803
1860000 32926.8 54574.4 59368.3 146870
1860500 32939.8 54583.3 59385.4 146908
1861000 32934.3 54598.2 59413.9 146946
1861500 32945.9 54600.8 59443.7 146990
1862000 32941.8 54612.7 59471.4 147026
1862500 32956.2 54624.1 59470.1 147050
1863000 32970.3 54633 59445.2 147048
1863500 32992.5 54619.7 59431 147043
1864000 33002.6 54604.3 59446 147053
1864500 33041.8 54616.5 59500.9 147159
1865000 33066.1 54624 59532.5 147223
1865500 33075.8 54627.4 59541.7 147245
1866000 33103.5 54641.3 59541.9 147287
1866500 33127.3 54663.6 59549.3 147340
1867000 33118 54680.4 59548.1 147347
1867500 33109.9 54686.2 59523.2 147319
1868000 33116.8 54702.4 59518.1 147337
1868500 33135.1 54707.4 59471.2 147314
1869000 33139.4 54709.3 59440.5 147289
1869500 33158.2 54763 59435.6 147357
1870000 33156.1 54781.5 59427.5 147365
1870500 33164.8 54794.1 59449.3 147408
1871000 33188.7 54789.2 59483.6 147462
1871500 33205 54790 59485.8 147481
1872000 33229.6 54759.3 59494.3 147483
1872500 33243.8 54727.6 59514.1 147485
1873000 33239.2 54746.9 59505.3 147491
1873500 33257.6 54772 59497.3 147527
1874000 33263.4 54783.8 59491.4 147539
1874500 33256.8 54789.6 59505.5 147552
1875000 33268.9 54776.7 59520.3 147566
1875500 33264 54761.5 59520.5 147546
1876000 33254.3 54727.3 59531.1 147513
1876500 33253.6 54726.9 59502.2 147483
1877000 33248.1 54734.5 59504.9 147488
1877500 33260.7 54706.3 59510.9 147478
1878000 33270.4 54680 59541.7 147492
1878500 33265 54671 59591.7 147528
1879000 33257.1 54692 59639.7 147589
1879500 33258.5 54709.5 59678.9 147647
1880000 33257.3 54700.5 59728.6 147686
1880500 33251.2 54648.2 59756.7 147656
1881000 33263.4 54663.6 59775.8 147703
1881500 33272.6 54682.4 59767.8 147723
1882000 33289.8 54705.6 59808 147803
1882500 33293.6 54701.5 59803.9 147799
1883000 33303.8 54708.8 59796.5 147809
1883500 33315.9 54732.3 59798.8 147847
1884000 33322.1 54767.6 59809 147899
1884500 33321.9 54762 59835.2 147919
1885000 33307.4 54783.7 59854.1 147945
1885500 33307.2 54783.3 59846.2 147937
1886000 33301.8 54802.2 59829.1 147933
1886500 33313.9 54789.2 59844.7 147948
1887000 33310.5 54760.3 59867.4 147938
1887500 33333.2 54737.9 59876 147947
1888000 33340.8 54741.3 59902.5 147985
1888500 33346.1 54729.8 59949 148025
1889000 33324.6 54728.3 60017.4 148070
1889500 33315.5 54732.5 60050.8 148099
1890000 33299.7 54713 60021.5 148034
1890500 33312 54714.3 60056.1 148082
1891000 33323.9 54720.7 60061.7 148106
1891500 33323.6 54728.3 60062.3 148114
1892000 33337.8 54760.4 60095.2 148193
1892500 33340.2 54777.1 60110 148227
1893000 33353.4 54802.4 60113.1 148269
1893500 33371.4 54849.1 60141.6 148362
1894000 33370.3 54867.3 60153.7 148391
1894500 33384.4 54893.6 60121.4 148399
1895000 33402.4 54896.8 60158.7 148458
1895500 33452 54925.3 60186.9 148564
1896000 33495.7 54930.9 60173.9 148601
1896500 33507.1 54933.3 60198 148638
1897000 33502.3 54947 60219.8 148669
1897500 33484.9 54993.7 60270.5 148749
1898000 33462.9 55048.7 60270 148782
1898500 33451.7 55113.6 60268.8 148834
1899000 33441.7 55164.3 60290.3 148896
1899500 33417.3 55201.7 60331.3 148950
1900000 33433.9 55215.3 60400.4 149050
1900500 33421.3 55210.3 60429 149061
1901000 33419.8 55205.2 60465.5 149091
1901500 33418.7 55189.5 60516 149124
1902000 33426.3 55195.9 60575.1 149197
1902500 33419.8 55182.6 60597.3 149200
1903000 33415.2 55172.6 60629.4 149217
1903500 33435 55146.3 60666.1 149247
1904000 33438 55117.4 60681.9 149237
1904500 33449.5 55089.3 60698.7 149237
1905000 33466.8 55088.9 60700.4 149256
1905500 33511.4 55074.1 60708.7 149294
1906000 33540.6 55074.4 60700.2 149315
1906500 33589.5 55104.8 60711.9 149406
1907000 33625.7 55150.2 60695.7 149472
1907500 33664.7 55202.7 60703.7 149571
1908000 33696.3 55246 60672 149614
1908500 33688.6 55249.1 60633.5 149571
1909000 33679.6 55220.2 60621.7 149522
1909500 33672.4 55222.9 60596.2 149491
1910000 33687.1 55249 60583.5 149520
1910500 33685.6 55293.2 60582.5 149561
1911000 33709.8 55308.7 60593.9 149612
1911500 33711.8 55336.4 60614.8 149663
1912000 33733.5 55369.4 60667 149770
1912500 33770.9 55345.1 60721.4 149837
1913000 33768.8 55347.6 60765.7 149882
1913500 33794 55363.8 60799.5 149957
1914000 33820.1 55378 60843.5 150042
1914500 33846.2 55418.2 60848.3 150113
1915000 33872.3 55499.4 60876.6 150248
1915500 33891 55541.9 60919.9 150353
1916000 33913.9 55576.4 60957.5 150448
1916500 33954.8 55638.3 61003.1 150596
1917000 33972.4 55710.7 61061.9 150745
1917500 33964.4 55727.5 61109.7 150802
1918000 33971 55754.6 61134.4 150860
1918500 33976.2 55768.7 61166.8 150912
1919000 33966.4 55782.9 61202 150951
1919500 33967.8 55782 61229.7 150979
1920000 33957.9 55777.8 61219.3 150955
1920500 33967 55748.9 61214.6 150930
1921000 33971.9 55739.4 61209.6 150921
1921500 33987.4 55729.5 61203.5 150920
1922000 34006.8 55766.1 61176.8 150950
1922500 34028.8 55794 61160.9 150984
1923000 34065.7 55808.7 61147.7 151022
1923500 34103.2 55844.1 61140 151087
1924000 34149.8 55891.7 61116.1 151158
1924500 34184.1 55923 61124.9 151232
1925000 34190.4 55924.7 61107 151222
1925500 34193.1 55914.1 61100 151207
1926000 34202.7 55944.8 61100.6 151248
1926500 34233.5 55961.5 61093.8 151289
1927000 34256.6 55940.8 61127.1 151324
1927500 34253.8 55930.8 61164 151349
1928000 34277.6 55951.3 61174.7 151404
1928500 34284.4 55965.7 61192.9 151443
1929000 34289.8 55985.9 61239.4 151515
1929500 34269.5 55999.9 61298.8 151568
1930000 34293.6 56006 61350.4 151650
1930500 34315.3 56023.3 61419.1 151758
1931000 34318.3 56043.3 61474.7 151836
1931500 34331.5 56074.8 61545 151951
1932000 34372.6 56075 61571.5 152019
1932500 34417.8 56058.8 61609.6 152086
1933000 34420.6 56094.2 61637.8 152153
1933500 34425.2 56091.3 61670.9 152187
1934000 34409.4 56075.8 61731.8 152217
1934500 34416.9 56079.4 61736.3 152233
1935000 34432.5 56080.6 61765.9 152279
1935500 34441.3 56110.6 61811.2 152363
1936000 34444.6 56168.1 61863.9 152477
1936500 34468.8 56232.5 61919.4 152621
1937000 34473.2 56261.2 61972.5 152707
1937500 34458.4 56275.4 62006.2 152740
1938000 34451.3 56275.8 61992.3 152719
1938500 34438.2 56277.4 61980.2 152696
1939000 34425 56293.7 61968 152687
1939500 34432.3 56322.3 61998.1 152753
1940000 34410.5 56349.9 62027.6 152788
1940500 34398.8 56379.1 62057.2 152835
1941000 34389 56382 62051.6 152823
1941500 34388.8 56404.9 62022.8 152817
1942000 34379.7 56409.5 62014.7 152804
1942500 34375.9 56416.3 62031.2 152823
1943000 34422 56396.8 62038.4 152857
1943500 34434.3 56395.2 62032.7 152862
1944000 34428 56375.6 62043.4 152847
1944500 34426.3 56342.8 62081.1 152850
1945000 34426.5 56305.8 62082.5 152815
1945500 34451.6 56266.5 62132.5 152851
1946000 34471.4 56240.2 62169.2 152881
1946500 34485.4 56242.7 62134.4 152863
1947000 34509.6 56261.4 62096.7 152868
1947500 34536 56239 62118.4 152893
1948000 34580 56194.4 62128.2 152903
1948500 34608.8 56147.6 62158.4 152915
1949000 34603.3 56150.8 62195.6 152950
1949500 34597.9 56177.1 62214.4 152989
1950000 34603.5 56182.9 62264.9 153051
1950500 34631.1 56178.7 62316.8 153127
1951000 34643.6 56209 62371.7 153224
1951500 34646.6 56242.3 62410.2 153299
1952000 34630.8 56285.8 62428.5 153345
1952500 34637.9 56334.6 62399.1 153372
1953000 34659.3 56373.9 62378 153411
1953500 34661.1 56415.4 62411.3 153488
1954000 34653.2 56454.4 62413.7 153521
1954500 34647.7 56484 62438.2 153570
1955000 34643.1 56522 62454 153619
1955500 34636.8 56563.8 62454.8 153655
1956000 34644.3 56569.4 62446.8 153660
1956500 34646.5 56579.5 62427.2 153653
1957000 34665.3 56575.9 62416.7 153658
1957500 34683.9 56564.8 62446.5 153695
1958000 34670.3 56561.1 62447.8 153679
1958500 34652.6 56543.1 62485.5 153681
1959000 34645.8 56528.2 62507.2 153681
1959500 34660.7 56514.5 62537.1 153712
1960000 34654 56502.6 62540.5 153697
1960500 34652 56491.8 62548.9 153693
1961000 34668.3 56482.1 62572.6 153723
1961500 34679.8 56504.1 62566.3 153750
1962000 34699.8 56522.8 62539.7 153762
1962500 34722.6 56497.3 62564.9 153785
1963000 34737.5 56491.2 62584 153813
1963500 34747.5 56500.8 62620.7 153869
1964000 34748.5 56502.2 62633.2 153884
1964500 34769.3 56517.8 62639.6 153927
1965000 34788 56561.5 62644.1 153994
1965500 34802.4 56591 62665.1 154059
1966000 34820.1 56604 62695.6 154120
1966500 34805.7 56595 62764.9 154166
1967000 34807.7 56581 62811.7 154200
1967500 34822.2 56611.9 62832.2 154266
1968000 34824.6 56637.4 62886.5 154348
1968500 34811.7 56660.9 62958 154431
1969000 34828.7 56691 63037.3 154557
1969500 34838 56739.6 63087.2 154665
1970000 34842.1 56755.2 63127.9 154725
1970500 34843.7 56750.4 63175.2 154769
1971000 34868.7 56764.5 63234.9 154868
1971500 34873.7 56788.9 63254.5 154917
1972000 34882.6 56802.7 63245.1 154930
1972500 34891.4 56824.4 63227 154943
1973000 34929.7 56857.6 63258.3 155046
1973500 34949.6 56928.3 63283.8 155162
1974000 34958.4 56951.3 63295.1 155205
1974500 34965.1 56976.4 63320.7 155262
1975000 34952.3 57009.2 63386 155348
1975500 34985.5 57015.3 63396.7 155397
1976000 35020.5 57039 63405.5 155465
1976500 35066.7 57055.6 63451.9 155574
1977000 35094.9 57095.5 63479.8 155670
1977500 35132.7 57124 63464.5 155721
1978000 35166.4 57169.1 63445.3 155781
1978500 35182.4 57208 63419.5 155810
1979000 35208.9 57222.7 63398.9 155830
1979500 35228.5 57247.8 63379.3 155856
1980000 35223.1 57312.5 63365.3 155901
1980500 35221.4 57361.4 63408.7 155992
1981000 35239.2 57397.3 63437.7 156074
1981500 35258.7 57418.3 63450.1 156127
1982000 35287.3 57431.9 63466.5 156186
1982500 35330.7 57459.6 63467.2 156258
1983000 35385.3 57492.7 63464.5 156343
1983500 35393.7 57526.9 63482.8 156403
1984000 35397.3 57553.8 63516.2 156467
1984500 35399.9 57582.8 63545.2 156528
1985000 35419.8 57586.8 63547.9 156554
1985500 35448.7 57564.1 63579.7 156593
1986000 35469.5 57556.3 63643.4 156669
1986500 35451.4 57545.3 63705.4 156702
1987000 35425.9 57535.3 63757.2 156718
1987500 35412.7 57564.3 63808.2 156785
1988000 35409.4 57598.6 63835.9 156844
1988500 35419.3 57604.5 63901.2 156925
1989000 35429.3 57620.9 63916.9 156967
1989500 35442.2 57617.9 63954.4 157015
1990000 35445.7 57620.8 64009.9 157076
1990500 35430.4 57605.1 64048.1 157084
1991000 35410.9 57596.4 64074.1 157081
1991500 35401.2 57592.2 64072.3 157066
1992000 35402.2 57571.3 64051 157024
1992500 35386.6 57556.9 64071.9 157015
1993000 35377.5 57585.5 64040.8 157004
1993500 35394.5 57627.1 64029 157051
1994000 35403.1 57637.5 64061.9 157103
1994500 35392.4 57691.9 64070.3 157155
1995000 35397.6 57722.9 64065.6 157186
1995500 35401.6 57778.8 64077.1 157257
1996000 35423.7 57840.9 64089.5 157354
1996500 35447.2 57861.6 64081.5 157390
1997000 35489.6 57841.5 64107.8 157439
1997500 35519.4 57823.4 64122.1 157465
1998000 35552.1 57809.5 64131.4 157493
1998500 35573.6 57797.4 64165.2 157536
1999000 35607.1 57815.9 64217.7 157641
1999500 35634.1 57816.8 64255.8 157707
2000000 35691.8 57835.8 64309.1 157837
