# step  MSD_x(Ang2)  MSD_y  MSD_z  MSD_total
# TimeStep c_msd_co2[1] c_msd_co2[2] c_msd_co2[3] c_msd_co2[4]
0 0 0 0 0
500 5.10437 5.4732 5.52944 16.107
1000 14.2937 15.9787 15.8009 46.0732
1500 27.484 29.9967 29.2504 86.731
2000 45.0052 47.8717 45.7273 138.604
2500 63.3046 67.9671 63.1874 194.459
3000 82.9944 90.1233 82.2477 255.365
3500 104.157 111.719 101.256 317.132
4000 123.676 133.387 124.859 381.922
4500 142.556 156.411 148.967 447.935
5000 159.64 178.871 173.694 512.205
5500 179.158 200.892 198.435 578.485
6000 202.06 222.67 224.737 649.466
6500 222.575 243.209 251.848 717.631
7000 243.492 266.156 280.228 789.876
7500 264.29 292.524 308.41 865.224
8000 282.336 318.645 336.744 937.725
8500 301.494 345.283 368.35 1015.13
9000 320.592 369.187 399.59 1089.37
9500 342.467 391.517 430.683 1164.67
10000 366.69 413.228 456.586 1236.5
10500 389.569 431.162 480.776 1301.51
11000 409.51 450.629 507.255 1367.39
11500 430.193 468.461 533.888 1432.54
12000 447.444 486.193 559.12 1492.76
12500 464.828 502.511 584.681 1552.02
13000 482.652 515.309 609.079 1607.04
13500 500.425 529.903 632.929 1663.26
14000 519.302 549.847 657.923 1727.07
14500 543.797 568.706 683.648 1796.15
15000 563.095 588.155 709.523 1860.77
15500 585.792 611.352 738.828 1935.97
16000 610.991 634.433 765.934 2011.36
16500 637.378 652.175 791.487 2081.04
17000 659.763 670.964 814.254 2144.98
17500 677.265 690.776 833.553 2201.59
18000 694.301 713.804 854.43 2262.54
18500 711.785 740.001 875.944 2327.73
19000 731.77 767.392 901.205 2400.37
19500 749.937 792.2 920.853 2462.99
20000 772.183 817.087 944.728 2534
20500 792.6 841.298 969.075 2602.97
21000 812.156 862.167 987.227 2661.55
21500 834.404 886.426 1010.92 2731.75
22000 859.068 912.532 1035.48 2807.08
22500 884.177 936.983 1057.33 2878.49
23000 902.456 957.73 1079.95 2940.14
23500 920.481 980.544 1107.04 3008.07
24000 940.601 997.076 1131.52 3069.2
24500 958.773 1013.69 1151.26 3123.73
25000 978.449 1035.9 1167.17 3181.52
25500 997.66 1058.5 1187.22 3243.38
26000 1014.94 1082.82 1212.1 3309.86
26500 1032.39 1103.9 1235.6 3371.89
27000 1048.98 1125.4 1252.02 3426.4
27500 1067.17 1151.36 1270.38 3488.91
28000 1089.52 1175.49 1295.26 3560.26
28500 1113.53 1193.8 1317.89 3625.22
29000 1134.28 1202.69 1342.85 3679.82
29500 1159.03 1218.61 1366.18 3743.82
30000 1185.92 1233.39 1384.43 3803.73
30500 1206.87 1248.23 1403.44 3858.54
31000 1227.81 1262.53 1426.16 3916.5
31500 1253.65 1269.84 1452.9 3976.39
32000 1275.72 1282.66 1476.77 4035.14
32500 1301 1300.71 1503.26 4104.97
33000 1326.19 1325.42 1527.86 4179.48
33500 1353.75 1353.1 1552.41 4259.25
34000 1374.45 1380.77 1576.84 4332.06
34500 1394.88 1415.46 1598.62 4408.97
35000 1413.3 1444.06 1622.69 4480.05
35500 1437.63 1464.58 1651.98 4554.19
36000 1460.1 1493.09 1676.03 4629.21
36500 1480.81 1521.27 1692.26 4694.34
37000 1501.62 1550.2 1712.25 4764.08
37500 1528.25 1578.14 1724.69 4831.08
38000 1555.28 1601.95 1740.24 4897.47
38500 1572.67 1629.07 1755.75 4957.48
39000 1592.33 1651.6 1769.89 5013.82
39500 1609.59 1676.17 1790.69 5076.45
40000 1626.72 1702.26 1816.18 5145.17
40500 1645.84 1733.16 1839.96 5218.95
41000 1660.95 1763.19 1865.41 5289.56
41500 1682.98 1788.6 1890.98 5362.56
42000 1711.86 1810.88 1919.2 5441.95
42500 1732.76 1834.2 1943.76 5510.72
43000 1748.26 1862.3 1963.84 5574.4
43500 1761 1887.17 1981.03 5629.21
44000 1772.42 1915.33 1999.63 5687.38
44500 1785.73 1939.41 2018.92 5744.07
45000 1800.57 1958.96 2032.49 5792.02
45500 1813.36 1975.58 2057.22 5846.16
46000 1820.18 1993.9 2076.72 5890.8
46500 1832.6 2014.5 2099.91 5947.01
47000 1849.84 2035.2 2127.63 6012.66
47500 1865.01 2056.23 2161.88 6083.12
48000 1879.92 2070.69 2194.08 6144.68
48500 1893.65 2090.41 2221.51 6205.57
49000 1911.92 2110.24 2245.38 6267.54
49500 1925.53 2135.18 2275.48 6336.19
50000 1940.82 2154.82 2306.55 6402.19
50500 1954.4 2174.14 2335.1 6463.64
51000 1965.93 2196.8 2361.45 6524.17
51500 1978.94 2210.75 2389.16 6578.85
52000 1999.71 2229.47 2413.22 6642.4
52500 2022.49 2248.39 2433.34 6704.22
53000 2050.85 2258.88 2461.07 6770.8
53500 2079.83 2276.38 2484.69 6840.91
54000 2107.3 2294.96 2507.83 6910.09
54500 2143.25 2324.47 2541.17 7008.88
55000 2182.56 2358.39 2567.03 7107.98
55500 2209.18 2392.78 2592.29 7194.25
56000 2231.74 2428.76 2616.63 7277.13
56500 2253.71 2454.98 2647.41 7356.09
57000 2270.15 2474.56 2679.1 7423.81
57500 2289.43 2498.63 2720.93 7508.99
58000 2306.04 2525.81 2759.03 7590.87
58500 2324.95 2563.68 2792.98 7681.61
59000 2339.17 2597.02 2834.46 7770.66
59500 2356.71 2641.69 2878.11 7876.51
60000 2375.53 2683.91 2922.03 7981.47
60500 2387.25 2715.28 2952.82 8055.35
61000 2399.97 2746.07 2982.97 8129.01
61500 2409.68 2788.52 3011.18 8209.38
62000 2425.76 2823.88 3034.7 8284.34
62500 2447.21 2852.16 3060.84 8360.2
63000 2466.33 2882.76 3086.35 8435.44
63500 2484.71 2909.89 3112.94 8507.54
64000 2509.58 2933.48 3142.98 8586.04
64500 2528.25 2955.51 3173.68 8657.44
65000 2544.17 2984.58 3204.11 8732.87
65500 2564.05 3006.92 3234.72 8805.7
66000 2582.02 3031.16 3260.74 8873.91
66500 2607.83 3052.33 3291.35 8951.51
67000 2624.32 3076.49 3323.77 9024.59
67500 2636.94 3100.62 3364.14 9101.69
68000 2653.83 3122.94 3403.73 9180.5
68500 2674.61 3140.63 3436.87 9252.11
69000 2692.21 3164.05 3469.14 9325.41
69500 2716.53 3186.63 3489.98 9393.14
70000 2739.19 3209.29 3515.63 9464.11
70500 2758.97 3238.04 3543.69 9540.71
71000 2780.93 3263.2 3577.58 9621.71
71500 2800.99 3290.17 3606.45 9697.61
72000 2815.31 3305.23 3628.68 9749.22
72500 2814.15 3320.81 3642.6 9777.56
73000 2812.74 3337.61 3667.31 9817.66
73500 2813.61 3355.33 3686.07 9855.01
74000 2829.21 3375.45 3704.94 9909.59
74500 2859.02 3401.76 3714.22 9975.01
75000 2885.55 3421.02 3732.65 10039.2
75500 2902.81 3460.76 3759.56 10123.1
76000 2925.25 3492.41 3785.19 10202.9
76500 2948.4 3519.82 3817 10285.2
77000 2978.47 3548.26 3848.52 10375.3
77500 3001.57 3578.46 3868.52 10448.5
78000 3020.3 3612.97 3896.37 10529.6
78500 3045.88 3651.86 3921.34 10619.1
79000 3070.31 3687.05 3946 10703.4
79500 3081.01 3712.92 3973.82 10767.8
80000 3090.74 3731.1 4004.8 10826.6
80500 3101.18 3752.88 4028.71 10882.8
81000 3113.71 3779.13 4040.87 10933.7
81500 3122.48 3804.5 4063.25 10990.2
82000 3134.68 3828.83 4081.07 11044.6
82500 3153.37 3848.03 4102.1 11103.5
83000 3175.97 3874.69 4118.89 11169.5
83500 3199.17 3902.05 4152.21 11253.4
84000 3207.11 3925.07 4187.8 11320
84500 3219.91 3956.56 4219.01 11395.5
85000 3226.99 3981.85 4240.47 11449.3
85500 3231.74 4009.82 4266.93 11508.5
86000 3249.04 4037.47 4305.77 11592.3
86500 3259.15 4062.67 4341.3 11663.1
87000 3278.49 4090.61 4369.62 11738.7
87500 3298.52 4118.58 4396.81 11813.9
88000 3314.67 4137.53 4430.72 11882.9
88500 3334.87 4160.14 4458.69 11953.7
89000 3353.6 4184.04 4493.63 12031.3
89500 3374.56 4208.1 4530.12 12112.8
90000 3386.4 4232.19 4559.69 12178.3
90500 3401.28 4252.21 4592.87 12246.4
91000 3423.59 4265.04 4614.34 12303
91500 3443.18 4290.78 4627.53 12361.5
92000 3471.36 4323.75 4632.44 12427.5
92500 3485.61 4353.62 4641.16 12480.4
93000 3505.25 4393.73 4655.87 12554.9
93500 3517.8 4428.23 4672.94 12619
94000 3530.75 4460.16 4698.97 12689.9
94500 3551.84 4489.48 4728.67 12770
95000 3566.97 4520.02 4756.4 12843.4
95500 3578.72 4551.11 4771.71 12901.5
96000 3597.09 4581.45 4794.5 12973
96500 3616.82 4613.84 4814.49 13045.1
97000 3638.27 4649.67 4846.57 13134.5
97500 3664.78 4680.32 4873.32 13218.4
98000 3684.88 4714 4891.37 13290.2
98500 3708.18 4734.75 4912.94 13355.9
99000 3734.21 4759.54 4935.77 13429.5
99500 3760.54 4794.6 4961.17 13516.3
100000 3772.62 4822.65 4980.5 13575.8
100500 3775.72 4862.83 4998.06 13636.6
101000 3777.16 4896.67 5015.71 13689.5
101500 3779.11 4921.16 5032.92 13733.2
102000 3800.72 4946.56 5044.22 13791.5
102500 3819.33 4968.95 5071.95 13860.2
103000 3837.63 4994.63 5088.94 13921.2
103500 3853.77 5014.08 5101.04 13968.9
104000 3868.34 5034.73 5111.59 14014.7
104500 3883.06 5067.88 5134.6 14085.5
105000 3908.12 5096.58 5146.87 14151.6
105500 3929.07 5125.48 5158.65 14213.2
106000 3947.97 5149.94 5174.7 14272.6
106500 3967.99 5172.84 5202.94 14343.8
107000 3982.09 5210.12 5234.41 14426.6
107500 3993.22 5242.79 5262.51 14498.5
108000 3999.92 5284.48 5291.45 14575.8
108500 4004.75 5320.63 5322.51 14647.9
109000 4018.15 5361.96 5340.11 14720.2
109500 4028.01 5397.82 5355.08 14780.9
110000 4038.11 5427.22 5377.74 14843.1
110500 4046.11 5455.14 5387.5 14888.7
111000 4062.87 5484.35 5416.38 14963.6
111500 4078.23 5504.28 5431.28 15013.8
112000 4089.95 5513.92 5462.22 15066.1
112500 4108.12 5536.04 5489.78 15133.9
113000 4124.79 5555.73 5510.78 15191.3
113500 4146.15 5568.84 5533.94 15248.9
114000 4166.72 5588.42 5551.46 15306.6
114500 4185.63 5613.67 5569.19 15368.5
115000 4194.61 5631.59 5596.05 15422.3
115500 4215 5652.41 5618.78 15486.2
116000 4224.68 5674.51 5642.62 15541.8
116500 4237.38 5697.35 5657.87 15592.6
117000 4251.43 5737.55 5673.46 15662.4
117500 4274.06 5771.84 5689.04 15734.9
118000 4292.94 5804.13 5697.78 15794.9
118500 4312.14 5832.79 5708.5 15853.4
119000 4336.46 5879.89 5715.96 15932.3
119500 4358.51 5925.14 5746.12 16029.8
120000 4376.59 5968.96 5765.58 16111.1
120500 4396.72 5997.44 5785.17 16179.3
121000 4419.96 6029.64 5809.75 16259.4
121500 4438.48 6074.26 5838.03 16350.8
122000 4456.81 6111.8 5878.26 16446.9
122500 4482.9 6134.94 5908.44 16526.3
123000 4510 6166.48 5936.54 16613
123500 4525.42 6190.29 5961.77 16677.5
124000 4537.22 6216.57 5982.3 16736.1
124500 4563.07 6239.91 5989.69 16792.7
125000 4593.05 6262.96 6008.68 16864.7
125500 4611.52 6285.63 6033.93 16931.1
126000 4637.96 6325.83 6067.53 17031.3
126500 4662.87 6365 6086.49 17114.4
127000 4680.22 6408.08 6112.05 17200.4
127500 4702.59 6436.49 6139.66 17278.7
128000 4722.93 6476.24 6166.4 17365.6
128500 4752.71 6521.38 6187.34 17461.4
129000 4781.37 6558.04 6217.61 17557
129500 4808.34 6596.87 6244.65 17649.9
130000 4830.28 6620.65 6277.45 17728.4
130500 4854.61 6638.95 6331.56 17825.1
131000 4877.22 6656.85 6373.66 17907.7
131500 4886.15 6669.15 6402.79 17958.1
132000 4897.3 6690.01 6423.13 18010.4
132500 4913.27 6716.78 6455.49 18085.5
133000 4910.91 6744.82 6487.92 18143.6
133500 4915.74 6773.02 6522.1 18210.9
134000 4922.47 6812.47 6549.93 18284.9
134500 4936.13 6848.41 6566.09 18350.6
135000 4954.61 6878.1 6600.24 18432.9
135500 4989.7 6909.68 6623.01 18522.4
136000 5017.68 6941.98 6636.28 18595.9
136500 5035.59 6982 6657.5 18675.1
137000 5045.63 7015.95 6687.53 18749.1
137500 5049.29 7041.94 6703.85 18795.1
138000 5048.02 7073.47 6725.03 18846.5
138500 5059.58 7094.38 6745.36 18899.3
139000 5066.33 7124.14 6770.46 18960.9
139500 5072.78 7163.26 6795.82 19031.9
140000 5079.39 7195.94 6824.92 19100.2
140500 5087.95 7219.41 6830.57 19137.9
141000 5091.89 7257.22 6848.62 19197.7
141500 5096.69 7296.42 6878.92 19272
142000 5092.41 7314.54 6913.63 19320.6
142500 5088.52 7335.19 6947.62 19371.3
143000 5090.33 7363.68 6983.21 19437.2
143500 5104.22 7399.88 7024.91 19529
144000 5103.58 7428.53 7063.36 19595.5
144500 5117.47 7458.39 7097.4 19673.3
145000 5129.87 7492.11 7128.55 19750.5
145500 5146.33 7524.72 7149.24 19820.3
146000 5165.03 7542.86 7155.2 19863.1
146500 5174.19 7547.36 7164.85 19886.4
147000 5189.85 7562.64 7191.87 19944.4
147500 5210.12 7564.25 7215.34 19989.7
148000 5230.66 7585.27 7234.89 20050.8
148500 5256.34 7619.74 7253.68 20129.8
149000 5269.17 7648.91 7274.72 20192.8
149500 5284.31 7666.9 7309.84 20261
150000 5292.97 7690.54 7343.52 20327
150500 5304.65 7699.65 7380.95 20385.3
151000 5319.87 7709.83 7405.56 20435.3
151500 5336.38 7727.55 7412.83 20476.8
152000 5353.06 7760.08 7422.07 20535.2
152500 5367.24 7799.49 7458.13 20624.9
153000 5376.82 7832.85 7490.85 20700.5
153500 5383.43 7864.71 7496.5 20744.6
154000 5400.42 7886.54 7510.3 20797.3
154500 5409.97 7913.61 7523.22 20846.8
155000 5415.09 7935.41 7520.66 20871.2
155500 5425.55 7968.4 7536.88 20930.8
156000 5424.44 7980.73 7559.77 20964.9
156500 5428.03 7999.15 7585.86 21013
157000 5423.19 8013.88 7614.3 21051.4
157500 5435.31 8002.8 7653.98 21092.1
158000 5455.38 8007.4 7692.83 21155.6
158500 5466.74 8029.95 7711.45 21208.1
159000 5495.52 8052.8 7725.92 21274.2
159500 5513.99 8062.37 7747.56 21323.9
160000 5534.45 8082.42 7773.43 21390.3
160500 5543.47 8111.35 7817.19 21472
161000 5546.15 8155.65 7853.42 21555.2
161500 5541.32 8188.03 7894.53 21623.9
162000 5546.18 8205.44 7937.94 21689.6
162500 5547.64 8220.36 7964.28 21732.3
163000 5562.16 8239.36 7981.76 21783.3
163500 5575.37 8263.55 8012 21850.9
164000 5597.55 8300.18 8058.14 21955.9
164500 5610.45 8327.5 8104.56 22042.5
165000 5610.97 8357.83 8131.43 22100.2
165500 5616.7 8377.01 8161.84 22155.6
166000 5639.63 8397.59 8179.74 22217
166500 5648.5 8416.95 8202.65 22268.1
167000 5656.9 8432.88 8210.81 22300.6
167500 5662.15 8441.22 8228.78 22332.1
168000 5670.74 8457.88 8242.44 22371.1
168500 5693.99 8476.24 8271.53 22441.8
169000 5702.93 8480.57 8293.45 22477
169500 5710.9 8475.78 8309.46 22496.1
170000 5727.56 8481.48 8307.09 22516.1
170500 5751.42 8483.57 8307.44 22542.4
171000 5768.9 8487.79 8305.13 22561.8
171500 5769.13 8495.65 8300.56 22565.3
172000 5772.23 8510.46 8288.77 22571.5
172500 5793.38 8525.48 8299.8 22618.7
173000 5823.98 8553.06 8323.38 22700.4
173500 5850.37 8563.99 8339.43 22753.8
174000 5863.13 8588.5 8365.29 22816.9
174500 5881.68 8627.17 8390.81 22899.7
175000 5904.32 8657.77 8406.67 22968.8
175500 5916.44 8660.9 8422.2 22999.5
176000 5932.86 8683.94 8441.77 23058.6
176500 5938.08 8675.56 8467.97 23081.6
177000 5952.95 8671.93 8475.31 23100.2
177500 5961.38 8683.85 8485.44 23130.7
178000 5964.16 8697.59 8509.56 23171.3
178500 5970.12 8705.21 8528.39 23203.7
179000 5971.32 8716.91 8544.83 23233.1
179500 5976.42 8724.28 8551.65 23252.3
180000 5979.29 8744.5 8556.74 23280.5
180500 5970.69 8755.14 8565.95 23291.8
181000 5967.39 8760.66 8576.22 23304.3
181500 5977.29 8770.56 8602.43 23350.3
182000 5994.33 8771.75 8649.04 23415.1
182500 6008.5 8766.29 8679.95 23454.7
183000 6031.04 8778.23 8724.3 23533.6
183500 6046.62 8779.61 8775.37 23601.6
184000 6078.47 8780.54 8824.39 23683.4
184500 6096.19 8800.51 8868.28 23765
185000 6118.17 8798.04 8910.86 23827.1
185500 6131.52 8810.74 8940.83 23883.1
186000 6138.02 8830.74 8962.58 23931.3
186500 6151.72 8849.47 8994.89 23996.1
187000 6163.99 8872.34 9017.24 24053.6
187500 6173.04 8885.69 9032.12 24090.9
188000 6192.26 8896.82 9061.06 24150.1
188500 6215.53 8903.45 9093.76 24212.7
189000 6239.7 8907.22 9134.4 24281.3
189500 6263.51 8915.77 9183.35 24362.6
190000 6287.87 8927.58 9218.31 24433.8
190500 6325.78 8951.58 9249.95 24527.3
191000 6366.18 8979.22 9288.25 24633.6
191500 6410.77 9011.57 9312 24734.3
192000 6443.5 9048.39 9345.42 24837.3
192500 6473.49 9081.98 9385.55 24941
193000 6502.7 9136.56 9420.31 25059.6
193500 6529.59 9193.57 9448.17 25171.3
194000 6541.2 9252.22 9489.72 25283.1
194500 6550.2 9301.32 9535.64 25387.2
195000 6566.2 9351.63 9569.19 25487
195500 6580.77 9397.58 9614.7 25593.1
196000 6572.93 9447.22 9642.38 25662.5
196500 6571.23 9500.89 9671.84 25744
197000 6583.32 9562.64 9694.59 25840.6
197500 6591.21 9599.51 9730.22 25920.9
198000 6603.4 9628.77 9763.98 25996.2
198500 6610.35 9660.13 9793.02 26063.5
199000 6632.19 9695.5 9825.81 26153.5
199500 6655.11 9710.34 9858.06 26223.5
200000 6683.41 9717.4 9878.73 26279.5
200500 6696.43 9742.57 9879 26318
201000 6715.3 9768.13 9884.71 26368.1
201500 6732.61 9789.32 9900.48 26422.4
202000 6743.37 9810.99 9916.64 26471
202500 6763.56 9832.47 9938.77 26534.8
203000 6774.23 9859.16 9985.69 26619.1
203500 6803.72 9882.06 10009.8 26695.5
204000 6830.89 9901.24 10063.1 26795.2
204500 6848.7 9923.64 10099.2 26871.6
205000 6870 9952.71 10134.7 26957.4
205500 6890.36 9984.57 10179.1 27054
206000 6896.86 10005.4 10224.3 27126.6
206500 6923.6 10031.3 10255.7 27210.6
207000 6935.32 10066.5 10262.9 27264.7
207500 6934.27 10089.8 10288.2 27312.3
208000 6940.61 10129.9 10317.7 27388.2
208500 6955.09 10166.2 10351.6 27472.9
209000 6983.94 10210.4 10386.2 27580.6
209500 6993.85 10248.5 10416.9 27659.2
210000 7005.73 10277.5 10455.7 27738.9
210500 7023.68 10300.7 10503 27827.4
211000 7043.63 10318.5 10546.8 27908.9
211500 7056.65 10329.5 10562.9 27949
212000 7070.99 10346.8 10572.7 27990.5
212500 7087.85 10387 10593.7 28068.6
213000 7106.29 10426.3 10611.5 28144.1
213500 7114.06 10470 10639.3 28223.4
214000 7127.11 10489.3 10667.3 28283.7
214500 7130.15 10519.7 10691 28340.8
215000 7136.29 10535.9 10703.6 28375.8
215500 7164.52 10551.1 10726.5 28442.1
216000 7170.11 10565.2 10757.2 28492.5
216500 7191.48 10586.2 10773.9 28551.6
217000 7211.83 10611 10770.9 28593.8
217500 7230.73 10645.7 10767.4 28643.8
218000 7246.82 10674.7 10783.1 28704.5
218500 7243.08 10706.7 10807 28756.8
219000 7248.2 10721.4 10842.4 28812
219500 7258.6 10734.8 10874 28867.4
220000 7278.18 10749.4 10902.4 28930
220500 7288.09 10769.2 10928.8 28986
221000 7286.04 10795.5 10950.5 29032
221500 7285.54 10818.7 10979.4 29083.6
222000 7305.58 10821.8 11031.9 29159.3
222500 7295.83 10840.3 11081.4 29217.5
223000 7301.16 10850.3 11128.4 29279.9
223500 7314.39 10876.5 11179.5 29370.4
224000 7322.51 10894.4 11219.8 29436.7
224500 7329.8 10913.5 11259.4 29502.7
225000 7337.37 10927.5 11309.1 29574
225500 7354.95 10928.3 11330.9 29614.2
226000 7370.09 10945.3 11342.2 29657.7
226500 7391.2 10962.1 11367.1 29720.4
227000 7395.75 10984.9 11381.1 29761.8
227500 7418.84 11002.7 11382 29803.5
228000 7431.52 11018.8 11396.7 29846.9
228500 7427.12 11043.6 11416.7 29887.4
229000 7438.84 11088.9 11429.2 29957
229500 7449.39 11127.2 11439.6 30016.2
230000 7470.35 11181.6 11455.6 30107.6
230500 7497.97 11224.3 11488.4 30210.7
231000 7529.94 11257.4 11512 30299.4
231500 7570.02 11295.2 11539 30404.2
232000 7586.31 11342.8 11566.7 30495.8
232500 7607.4 11378.1 11578.5 30564
233000 7616.1 11415.6 11596.7 30628.4
233500 7618.29 11437.2 11615.8 30671.3
234000 7626.05 11473.3 11617.8 30717.2
234500 7633.63 11509.2 11635.9 30778.8
235000 7642.65 11561.7 11653.1 30857.5
235500 7648.72 11585.5 11669.7 30903.9
236000 7661.15 11606.7 11696.2 30964.1
236500 7675.3 11630 11725.1 31030.4
237000 7677.61 11647.5 11739.9 31065
237500 7692.53 11678.9 11763.1 31134.5
238000 7718.01 11711.3 11803.6 31232.9
238500 7752.87 11725.6 11832.5 31311
239000 7787.97 11732.9 11862 31382.9
239500 7814.77 11762.6 11888.9 31466.2
240000 7839.27 11789.6 11909.2 31538.1
240500 7849.54 11809.1 11934.4 31593
241000 7877.09 11834.8 11951.5 31663.4
241500 7918.78 11866.4 11964.2 31749.3
242000 7949.35 11889.5 11968.8 31807.7
242500 7966.79 11912.1 11979 31857.9
243000 7986.17 11935.7 11981.7 31903.5
243500 8018.21 11958.1 11996.3 31972.6
244000 8024.37 11979.6 12024 32028
244500 8035.77 11999.4 12049.6 32084.8
245000 8070.96 12025.1 12081.9 32177.9
245500 8090.51 12064.8 12109.2 32264.6
246000 8111.87 12099.8 12122.4 32334
246500 8128.98 12129.9 12158.7 32417.5
247000 8132.65 12152.3 12183.2 32468.2
247500 8149.46 12173 12233.6 32556.1
248000 8170.82 12199.6 12264.2 32634.6
248500 8189.86 12215.6 12275.3 32680.8
249000 8203.03 12250.2 12314.9 32768.1
249500 8210.84 12303.6 12344 32858.4
250000 8225.82 12345.6 12371.6 32942.9
250500 8242.65 12375.2 12395.1 33012.9
251000 8234.98 12406.2 12428.9 33070.1
251500 8230.27 12427.9 12450.3 33108.4
252000 8234.14 12454.2 12484.5 33172.8
252500 8248.01 12498.1 12506.9 33253
253000 8255.83 12539.8 12535.1 33330.8
253500 8267.06 12570.4 12557.5 33395
254000 8282.31 12598.3 12573 33453.6
254500 8297.01 12617.1 12582.1 33496.2
255000 8311.97 12638.8 12603.5 33554.2
255500 8319.87 12640.9 12633.7 33594.5
256000 8322.14 12628.4 12628.3 33578.8
256500 8331.04 12639.7 12639.5 33610.3
257000 8338.42 12662.5 12653.6 33654.5
257500 8337.56 12704.4 12683.3 33725.3
258000 8342.35 12746.2 12728.4 33817
258500 8350.37 12788.1 12752 33890.5
259000 8359.18 12815.9 12779.5 33954.6
259500 8373.06 12850 12793.5 34016.5
260000 8390.79 12875.9 12819.8 34086.5
260500 8421.33 12901.8 12843.9 34167
261000 8444.01 12920.5 12875.3 34239.8
261500 8459.89 12951 12894.4 34305.3
262000 8482.41 12984.5 12926.6 34393.5
262500 8494.82 13005.5 12934.4 34434.6
263000 8506.07 13039.8 12944.4 34490.3
263500 8514.92 13087.6 12957 34559.5
264000 8530.25 13129.3 12984.7 34644.3
264500 8537 13154.3 13019.1 34710.4
265000 8537.31 13181.2 13050.9 34769.4
265500 8548.46 13204.7 13081.3 34834.5
266000 8567.45 13239.1 13124.4 34930.9
266500 8574.16 13255.1 13150.3 34979.6
267000 8599.64 13282.4 13160.5 35042.6
267500 8622.92 13318.2 13166 35107.1
268000 8639.45 13359.4 13161.8 35160.6
268500 8640.19 13394.3 13141.8 35176.4
269000 8657.06 13440.3 13145.3 35242.6
269500 8683.27 13484.7 13142.2 35310.2
270000 8714.83 13528.8 13145.8 35389.4
270500 8742.58 13582.2 13149.3 35474.1
271000 8766.25 13639.2 13145.3 35550.7
271500 8794.1 13684.9 13148.4 35627.4
272000 8818.68 13744.6 13153.6 35716.8
272500 8844.7 13793.8 13163.9 35802.4
273000 8853.51 13830.3 13171.1 35854.9
273500 8868.03 13845.1 13162.6 35875.7
274000 8891.13 13868.7 13162.1 35921.9
274500 8909.18 13901.2 13165.1 35975.5
275000 8913.49 13919 13177.9 36010.4
275500 8915.47 13957.9 13191.8 36065.1
276000 8915.5 13988.1 13218 36121.5
276500 8911.17 13983.4 13232.8 36127.3
277000 8916.68 13990.5 13269.6 36176.7
277500 8941.16 14012.6 13295.8 36249.6
278000 8950.53 14030.9 13327.7 36309.1
278500 8958.29 14055.4 13339 36352.8
279000 8971.35 14081.8 13346.8 36399.9
279500 8969.37 14127.8 13376.2 36473.4
280000 8994.68 14141.3 13407.6 36543.6
280500 9003.42 14166.5 13428.2 36598.1
281000 9019.32 14170.4 13439.4 36629.2
281500 9038.48 14173.3 13461 36672.9
282000 9054.57 14169.4 13478.7 36702.6
282500 9063.43 14177.8 13506.2 36747.4
283000 9070.51 14196.5 13504.3 36771.3
283500 9061.97 14212.9 13537 36811.9
284000 9083.27 14252.4 13564 36899.6
284500 9108.33 14291.6 13579.1 36979
285000 9125.7 14327.7 13586.1 37039.5
285500 9136.12 14353.5 13591 37080.7
286000 9145.64 14378.5 13592.4 37116.5
286500 9160.49 14392.3 13594.7 37147.5
287000 9177.69 14423.1 13596.4 37197.1
287500 9186.34 14441.4 13604.3 37232
288000 9203.14 14482.7 13602.6 37288.5
288500 9222.87 14517 13606 37345.9
289000 9225.01 14551 13608.8 37384.8
289500 9233.76 14569.4 13627.4 37430.5
290000 9236.53 14579 13620.6 37436.1
290500 9235.27 14601.1 13613.7 37450.1
291000 9243.33 14602.4 13614.5 37460.2
291500 9248.39 14616.9 13620 37485.3
292000 9252.99 14645.5 13623.1 37521.6
292500 9261.5 14660.6 13647.3 37569.4
293000 9274.9 14697.7 13689.3 37661.9
293500 9282.1 14744.1 13715.3 37741.5
294000 9273.48 14803.8 13745.2 37822.5
294500 9279.08 14870.1 13793.2 37942.4
295000 9300.5 14904.6 13816.5 38021.6
295500 9310.58 14936.3 13839.9 38086.8
296000 9331.76 14984 13863.7 38179.4
296500 9347.23 15007.8 13878 38233
297000 9337.34 15025.7 13876.8 38239.9
297500 9320.01 15052 13883.9 38256
298000 9323.07 15072.4 13912.3 38307.8
298500 9332.57 15089.2 13916 38337.8
299000 9348.17 15110.5 13946 38404.8
299500 9345.99 15112.7 13982.1 38440.8
300000 9367.13 15135 14021.4 38523.6
300500 9380.37 15151.4 14031.3 38563.1
301000 9405.24 15180.8 14057.9 38643.9
301500 9428.77 15218.9 14090 38737.6
302000 9452.18 15242.2 14109.2 38803.6
302500 9469.87 15276.9 14129.1 38875.9
303000 9491.42 15291.2 14163.1 38945.8
303500 9501.82 15310.9 14190.9 39003.6
304000 9505.37 15342.1 14219.6 39067.1
304500 9530.68 15365.4 14240.4 39136.4
305000 9548.61 15378.8 14267.1 39194.5
305500 9568.03 15380.8 14310.9 39259.7
306000 9599.97 15390.4 14361 39351.4
306500 9617.44 15441.7 14413.6 39472.8
307000 9630.86 15474.3 14457.9 39563.1
307500 9633.34 15521.2 14492.2 39646.8
308000 9636.77 15564.6 14524 39725.4
308500 9653.3 15595.9 14550.2 39799.4
309000 9677.96 15640.5 14565.2 39883.6
309500 9699.11 15666.4 14581.9 39947.3
310000 9732.82 15703.3 14599.8 40035.9
310500 9765.53 15735.6 14613.8 40114.9
311000 9786.4 15770.8 14625.9 40183.1
311500 9812.85 15805.2 14653.2 40271.3
312000 9829.05 15817.9 14696.8 40343.8
312500 9846.24 15810.3 14717.2 40373.8
313000 9855.61 15833.7 14726 40415.3
313500 9876.88 15843.7 14728.3 40448.9
314000 9912.02 15830.7 14730.4 40473.1
314500 9946.37 15828.2 14732.6 40507.2
315000 9962.84 15815 14727.2 40505
315500 9978.54 15801.3 14715.4 40495.2
316000 9971.31 15818.9 14734.1 40524.3
316500 9964.44 15822 14767.4 40553.9
317000 9984.05 15846.7 14785 40615.7
317500 9999.97 15869.9 14811.2 40681.1
318000 10002.7 15906.9 14835.9 40745.5
318500 9995.7 15946.2 14868.9 40810.8
319000 9982.53 15971.5 14900.5 40854.5
319500 9993.7 15993.3 14931.2 40918.2
320000 9984.77 16032.7 14962.2 40979.6
320500 10002.6 16068.6 14989.3 41060.4
321000 10026.1 16106.7 14996 41128.8
321500 10066.4 16138.7 15003.3 41208.4
322000 10088.5 16170.9 15025.9 41285.3
322500 10111.4 16194.4 15037.4 41343.2
323000 10133.2 16206.9 15024.4 41364.5
323500 10168.4 16234.5 15002.8 41405.7
324000 10204 16274.6 14983.7 41462.3
324500 10224.6 16296.8 14959.9 41481.3
325000 10263.9 16310.2 14946 41520.1
325500 10301.3 16345.9 14933.4 41580.5
326000 10311.9 16369.5 14956.6 41638
326500 10322.9 16410.3 15000.4 41733.5
327000 10333.6 16433.8 15028.9 41796.3
327500 10354 16475.6 15057.1 41886.8
328000 10371.9 16523.1 15094.4 41989.4
328500 10398.5 16543.7 15126.5 42068.8
329000 10425.8 16565.4 15164.5 42155.7
329500 10428.2 16587.7 15184.4 42200.3
330000 10438.9 16604.6 15205.9 42249.4
330500 10454 16609.5 15262.3 42325.8
331000 10471 16625.5 15285.8 42382.3
331500 10488.1 16637 15314.5 42439.7
332000 10503 16649 15359.2 42511.2
332500 10511.8 16675 15398.9 42585.6
333000 10519.3 16661.5 15439.6 42620.4
333500 10512 16671.2 15484.2 42667.4
334000 10514.4 16687.1 15530.8 42732.3
334500 10509.8 16699.2 15564.6 42773.6
335000 10513.1 16703.3 15595.4 42811.8
335500 10502.2 16698.5 15636.7 42837.4
336000 10504.3 16712 15675.6 42892
336500 10523.3 16727.8 15719.1 42970.3
337000 10528.5 16753.1 15747.3 43029
337500 10535.6 16764.8 15785.3 43085.7
338000 10541 16794.3 15831.3 43166.5
338500 10549.9 16819.5 15881.4 43250.9
339000 10559.9 16848.9 15920.1 43328.9
339500 10585.8 16857.8 15948.7 43392.4
340000 10608.7 16873.8 15974.1 43456.6
340500 10642.9 16891.9 15959.4 43494.2
341000 10664 16905.7 15959.3 43529
341500 10682.4 16925.1 15974.5 43582
342000 10702.4 16939.1 16010.2 43651.7
342500 10715.7 16976 16043.2 43734.9
343000 10736.1 16976.4 16048.4 43760.9
343500 10746.4 16992.2 16050.1 43788.7
344000 10747.9 17022.2 16067 43837.2
344500 10753.8 17039.7 16089.4 43882.9
345000 10754.6 17052.5 16107.7 43914.7
345500 10773.9 17059.8 16143.8 43977.4
346000 10782.5 17067.8 16193 44043.3
346500 10785.1 17083.1 16254.3 44122.4
347000 10809.7 17101.4 16309.1 44220.2
347500 10821.7 17136.5 16333.8 44292.1
348000 10847.7 17151.8 16360.6 44360.1
348500 10853.2 17167.5 16378.6 44399.3
349000 10861.4 17193.1 16394.7 44449.2
349500 10884.9 17212.3 16446.7 44543.9
350000 10889.7 17228.3 16488.8 44606.7
350500 10888 17257.8 16507.6 44653.4
351000 10896.2 17285.9 16512.6 44694.6
351500 10908.7 17322.7 16541.5 44772.9
352000 10907.4 17363.8 16584.1 44855.4
352500 10898.5 17394.1 16618.4 44911
353000 10899.3 17431.7 16660.4 44991.4
353500 10909.1 17488 16713.1 45110.2
354000 10935.1 17555.2 16745 45235.3
354500 10947.9 17612.1 16771.7 45331.6
355000 10946.4 17677.5 16789.6 45413.5
355500 10961.9 17746.8 16792.9 45501.6
356000 10988.4 17824.3 16807.1 45619.7
356500 11010.1 17886.2 16812.4 45708.7
357000 11021.2 17931.9 16838.9 45792
357500 11033.6 17993.1 16868.4 45895.1
358000 11049.1 18007.1 16891.9 45948.2
358500 11061 18055.2 16920.3 46036.5
359000 11067.5 18101.6 16956.6 46125.7
359500 11072.7 18130 16975.1 46177.9
360000 11089.9 18165.9 16992 46247.8
360500 11095.7 18195.5 17025.4 46316.6
361000 11116.5 18239.5 17065.1 46421.1
361500 11147.3 18285.9 17091.8 46525
362000 11178.5 18353.4 17110.2 46642.2
362500 11198 18423 17139.5 46760.5
363000 11223.1 18468.2 17144.8 46836.1
363500 11232.1 18518.3 17178.8 46929.1
364000 11272.3 18569.9 17211.1 47053.3
364500 11309.1 18604.3 17223.6 47137
365000 11337.9 18653.1 17231.2 47222.2
365500 11354.3 18685.4 17244.4 47284
366000 11369.4 18736.5 17276.6 47382.5
366500 11392.6 18781.9 17305 47479.5
367000 11406.5 18824.6 17303 47534.1
367500 11434.2 18847.8 17315.3 47597.3
368000 11471.4 18855.5 17330.1 47656.9
368500 11499.4 18872.8 17353.5 47725.7
369000 11528.8 18900.7 17401.8 47831.3
369500 11567.3 18941.5 17444.3 47953.1
370000 11593.8 18974.7 17500 48068.6
370500 11615.4 18994.5 17547.5 48157.4
371000 11622.2 19008.9 17602.5 48233.6
371500 11629.7 19027.6 17659.5 48316.7
372000 11648.8 19031.3 17738.9 48418.9
372500 11643.2 19052.4 17815.5 48511.1
373000 11643.7 19077.3 17867 48588
373500 11647.5 19108.9 17899.9 48656.4
374000 11643.1 19131.6 17925.3 48699.9
374500 11625.2 19148.9 17929.9 48704
375000 11618.8 19166.7 17945.3 48730.8
375500 11616.9 19193.7 17949.2 48759.7
376000 11616.8 19230.8 17969.5 48817.1
376500 11634.8 19268.4 17992.6 48895.7
377000 11666 19298 17999.6 48963.6
377500 11694.7 19330 18016 49040.7
378000 11722.8 19346.8 18033.4 49103
378500 11748.5 19365.8 18056.3 49170.7
379000 11760.3 19392.3 18078.2 49230.8
379500 11759.8 19389.9 18095.5 49245.1
380000 11788.9 19387.8 18117 49293.7
380500 11817.6 19403.3 18137.1 49358
381000 11842 19422.9 18162 49426.9
381500 11879.1 19450.1 18187.9 49517.1
382000 11920.5 19472.3 18207.5 49600.3
382500 11942.7 19508.7 18196.1 49647.6
383000 11953.8 19536.6 18216.5 49706.9
383500 11972.6 19570.8 18229.6 49773
384000 11996.1 19633.8 18247.2 49877.1
384500 12002.9 19664.2 18263.1 49930.3
385000 12014.7 19690.8 18273 49978.5
385500 12031.5 19741.4 18284.2 50057.1
386000 12037.6 19800.3 18306.4 50144.3
386500 12039.4 19854.2 18304 50197.6
387000 12048.3 19883.9 18301 50233.2
387500 12054.9 19891.1 18298.4 50244.3
388000 12037.7 19899.6 18293.2 50230.5
388500 12024.7 19910 18299.3 50234.1
389000 12020.6 19912.9 18303.1 50236.5
389500 12035.4 19930.2 18302.3 50267.9
390000 12042 19950.4 18304.1 50296.4
390500 12061.9 19958.9 18324.3 50345.2
391000 12074.8 19956.1 18344.4 50375.4
391500 12102.2 19972.4 18334.2 50408.8
392000 12120.1 19979.6 18326.1 50425.8
392500 12126.5 19998.6 18330.6 50455.7
393000 12134.6 20031.7 18323 50489.3
393500 12140.4 20076.4 18350 50566.7
394000 12134.9 20148.4 18373 50656.3
394500 12134.7 20219.5 18405.4 50759.7
395000 12144.7 20286.4 18440.2 50871.4
395500 12152.6 20338.8 18445.8 50937.1
396000 12173.8 20374.4 18440 50988.1
396500 12190.8 20435.5 18445.3 51071.6
397000 12209.7 20498.9 18441.7 51150.3
397500 12240.1 20533.6 18447.3 51221
398000 12261 20575.6 18468.9 51305.5
398500 12276.6 20603.8 18476 51356.3
399000 12289.5 20648.2 18480.2 51417.9
399500 12303.3 20716.2 18484.9 51504.4
400000 12304.9 20766.8 18495.1 51566.7
400500 12297.9 20804.9 18528.5 51631.3
401000 12304.2 20852 18540.2 51696.3
401500 12289.1 20904.2 18549 51742.3
402000 12289.4 20944.7 18568 51802.2
402500 12276.4 21012.1 18592.5 51881
403000 12294.4 21061.8 18605.7 51961.9
403500 12325.9 21101.5 18636 52063.4
404000 12341.8 21121.8 18681.7 52145.3
404500 12359.4 21130.7 18727.3 52217.4
405000 12366.9 21139.3 18751.6 52257.9
405500 12392.6 21172.3 18776.9 52341.7
406000 12413.9 21181.1 18777.9 52372.9
406500 12429.4 21196.8 18798.1 52424.3
407000 12438.1 21195.8 18795.5 52429.4
407500 12463.2 21212.4 18788.7 52464.2
408000 12483.7 21216.1 18790.2 52490
408500 12509.9 21215.5 18808.6 52534
409000 12536.2 21228.3 18842.1 52606.6
409500 12565.7 21270.8 18871.6 52708.1
410000 12574.2 21306.3 18913.2 52793.8
410500 12600.7 21316.3 18952.9 52869.9
411000 12609.2 21341.9 18952.5 52903.6
411500 12619.3 21369.3 18954.7 52943.2
412000 12625.5 21386.4 18958.4 52970.3
412500 12613.1 21400.4 18973.3 52986.8
413000 12619.3 21415 18991.2 53025.4
413500 12642.4 21422.4 19021.9 53086.7
414000 12656 21399.5 19038 53093.5
414500 12661.2 21388.4 19083.1 53132.7
415000 12663.5 21383.4 19117.8 53164.7
415500 12674.4 21391.8 19146.8 53213
416000 12675.1 21425.1 19187.7 53288
416500 12688.9 21446.5 19225.6 53361
417000 12703.6 21490.9 19250.5 53445
417500 12728.6 21541.8 19308.1 53578.5
418000 12749.4 21578 19336.2 53663.6
418500 12749.6 21617.4 19339.4 53706.4
419000 12758.8 21646.5 19339.1 53744.3
419500 12770.6 21702.1 19361.8 53834.4
420000 12764.8 21759.5 19383.7 53908.1
420500 12757 21818.1 19405.5 53980.7
421000 12763.3 21862.1 19435.6 54061
421500 12766.3 21917.7 19452.1 54136
422000 12759.9 21951.3 19485.1 54196.3
422500 12781 21970.5 19489.9 54241.3
423000 12789.6 21992.5 19511.1 54293.2
423500 12799.2 22009.2 19520.1 54328.5
424000 12802.7 22029.5 19534.4 54366.6
424500 12806 22038 19548.8 54392.7
425000 12829.1 22038.5 19569.4 54437
425500 12847.2 22054.7 19589.5 54491.5
426000 12857.8 22074.4 19597.6 54529.8
426500 12872.2 22101 19595.3 54568.4
427000 12879 22149.3 19604.2 54632.5
427500 12884.7 22191.1 19609.5 54685.2
428000 12896 22234.6 19622.9 54753.5
428500 12917.3 22277.4 19643.5 54838.2
429000 12914.4 22322.2 19654.3 54891
429500 12909.2 22364.3 19667.4 54940.9
430000 12919 22414.2 19701.3 55034.5
430500 12948.8 22453.8 19751.1 55153.6
431000 12971.1 22489 19786.1 55246.2
431500 12993.2 22525.9 19825.7 55344.8
432000 13013.7 22560.2 19856.8 55430.7
432500 13009.1 22594.6 19901.9 55505.5
433000 12995.1 22594.1 19953.8 55543
433500 12985.9 22608.3 20015.8 55610.1
434000 12990.5 22627.5 20066.5 55684.5
434500 12992.2 22649.7 20085.6 55727.6
435000 12996.5 22666.3 20099.3 55762.2
435500 12982.8 22679.9 20115.8 55778.5
436000 12972.7 22711.6 20146.6 55830.9
436500 12965.4 22733.7 20172.5 55871.6
437000 12958 22751.9 20173.9 55883.8
437500 12960.6 22777.7 20181.3 55919.6
438000 12971.7 22793.4 20191.9 55957
438500 12979.4 22816.5 20203.4 55999.3
439000 12982.5 22832.5 20201.9 56016.9
439500 12994 22848 20216.9 56058.9
440000 13013.5 22852.4 20221.2 56087.1
440500 13034.7 22884.5 20217.8 56137
441000 13039.2 22940.8 20250.2 56230.1
441500 13031.1 22942.3 20275.2 56248.5
442000 13017.6 22969.2 20314.3 56301.1
442500 13002.7 22985.7 20328.7 56317.1
443000 12983 23007.8 20364.6 56355.4
443500 12979.1 23040.3 20381.8 56401.2
444000 12979.5 23055.4 20394.7 56429.6
444500 12956.6 23062.7 20446.3 56465.7
445000 12946.7 23077.5 20504.8 56529
445500 12955.5 23103.8 20546.6 56605.8
446000 12957.1 23126.7 20584.2 56668
446500 12983.2 23131.1 20618.4 56732.7
447000 12989.4 23105.7 20642.7 56737.8
447500 13004.2 23094.3 20695.3 56793.8
448000 13010.4 23080.7 20727 56818.1
448500 13015.6 23076.7 20756.2 56848.5
449000 13003.5 23097.4 20788.6 56889.4
449500 12997.1 23113.5 20825 56935.6
450000 12994.4 23100.2 20829.1 56923.7
450500 12993.9 23105.3 20862.5 56961.8
451000 12987.6 23116.3 20912.2 57016.1
451500 12994.7 23131.9 20938.2 57064.8
452000 12995.1 23180.1 20959.6 57134.8
452500 13003.1 23202.1 20965.7 57170.9
453000 13027.7 23230.3 20956.6 57214.6
453500 13052.5 23268.1 20975.7 57296.3
454000 13087.8 23295.6 20992.8 57376.1
454500 13131.2 23318.4 21015.1 57464.6
455000 13156.2 23342.2 21027.6 57526.1
455500 13176.6 23358.4 21058.2 57593.1
456000 13189.1 23396.2 21098.9 57684.1
456500 13218.1 23429.8 21137.5 57785.5
457000 13231.7 23425.6 21202.6 57859.9
457500 13240.4 23421.5 21254.4 57916.3
458000 13262.7 23418.4 21299.8 57980.9
458500 13280 23398.1 21337 58015.1
459000 13276.9 23399.6 21363.7 58040.1
459500 13291.6 23390.7 21388.3 58070.7
460000 13310.2 23379.2 21403.9 58093.2
460500 13328.4 23390.7 21413.4 58132.5
461000 13341.8 23408.5 21407.2 58157.4
461500 13357.6 23451.5 21423 58232.1
462000 13385.4 23485.6 21452 58323
462500 13396.6 23516.8 21470.2 58383.7
463000 13411.6 23522.3 21517.7 58451.6
463500 13420.1 23536.9 21539.5 58496.5
464000 13441 23563.9 21555 58559.9
464500 13446.4 23579.6 21590.4 58616.4
465000 13459.9 23596.6 21590.6 58647.1
465500 13465.5 23646.7 21602.6 58714.8
466000 13478.8 23671.1 21644.7 58794.6
466500 13493 23716.7 21696.7 58906.4
467000 13515.2 23749.3 21755.3 59019.8
467500 13542.5 23754.5 21771.6 59068.7
468000 13573 23792.9 21782.5 59148.3
468500 13605.5 23836.9 21778.4 59220.8
469000 13643.6 23874.1 21784.2 59301.9
469500 13676.8 23888.5 21805.2 59370.5
470000 13691 23929 21824.9 59444.9
470500 13710.3 23963.8 21855.3 59529.4
471000 13720.6 24003.5 21865.3 59589.3
471500 13717.8 24029.8 21888 59635.6
472000 13727.9 24062.3 21911.5 59701.6
472500 13768.7 24098.1 21935.6 59802.3
473000 13791.9 24121.5 21980.3 59893.8
473500 13829 24140.9 22028.1 59998
474000 13859.6 24158.8 22092.8 60111.2
474500 13897.8 24173.1 22136.1 60207
475000 13921.7 24153.7 22164.9 60240.3
475500 13921.3 24149.6 22209.4 60280.4
476000 13933.8 24167.5 22241.2 60342.5
476500 13944.8 24184.1 22267.7 60396.6
477000 13952.6 24190 22318.8 60461.5
477500 13956.5 24214.9 22353.1 60524.5
478000 13964.7 24220 22378.4 60563.1
478500 13971.2 24227 22401.9 60600
479000 13959.6 24237.2 22414 60610.8
479500 13973.7 24247.7 22449.5 60670.9
480000 13986.4 24261.4 22472.8 60720.5
480500 14003.7 24283.3 22475 60762
481000 14017.9 24296.7 22501.8 60816.4
481500 14046.9 24331.7 22513.7 60892.3
482000 14074.9 24362.5 22518.1 60955.5
482500 14091.6 24405.5 22557.8 61054.9
483000 14088.3 24439.3 22596.9 61124.5
483500 14111.7 24498.8 22633.3 61243.8
484000 14134.6 24518.1 22658.2 61310.9
484500 14152.6 24547.7 22683.7 61384
485000 14180.6 24591.6 22713.2 61485.3
485500 14212 24604.2 22737.7 61553.9
486000 14227.2 24615.8 22766.2 61609.2
486500 14227.7 24647.8 22803.2 61678.7
487000 14217.9 24680.9 22860.6 61759.5
487500 14200.8 24686.7 22912.3 61799.8
488000 14198 24718.6 22954.5 61871.1
488500 14209.8 24756.2 22989.3 61955.3
489000 14209 24802.3 23020.8 62032.1
489500 14202.8 24834.6 23065.9 62103.3
490000 14214.2 24850.1 23111.6 62175.9
490500 14216.1 24878.9 23161.4 62256.4
491000 14239.3 24904.3 23207.7 62351.3
491500 14259.1 24922.9 23247.6 62429.6
492000 14261.8 24942 23281.5 62485.2
492500 14269.3 24941 23293.6 62503.9
493000 14287.9 24944.7 23293.2 62525.8
493500 14312.5 24965.7 23340.7 62619
494000 14310.8 24957 23377.9 62645.7
494500 14325.1 24961.6 23390.9 62677.7
495000 14325.2 24980.4 23402.5 62708.1
495500 14357.7 24986.7 23413 62757.4
496000 14355.1 24996.5 23430.3 62781.9
496500 14357.5 25032 23440.8 62830.4
497000 14374 25062.8 23448.3 62885.1
497500 14410.9 25117.4 23442.2 62970.5
498000 14442.4 25142.3 23463.3 63048
498500 14473.6 25145 23469.1 63087.6
499000 14493.3 25140.4 23491.8 63125.4
499500 14513.7 25127.8 23541.7 63183.1
500000 14534.4 25139.5 23575.9 63249.8
500500 14550.4 25183.5 23619.7 63353.6
501000 14572.5 25195.1 23677.2 63444.8
501500 14591.4 25232.2 23733.1 63556.7
502000 14600.9 25229.3 23782.3 63612.5
502500 14609.5 25245.1 23817.9 63672.5
503000 14625.4 25266.7 23833.8 63725.9
503500 14673.5 25285.2 23861.6 63820.2
504000 14720.8 25314.2 23879.2 63914.2
504500 14746 25349.1 23920.4 64015.5
505000 14769 25382.3 23942.3 64093.7
505500 14802.9 25393.4 23976.9 64173.2
506000 14834.4 25421.7 24017.4 64273.5
506500 14852.7 25446.4 24050.2 64349.2
507000 14863.4 25467.1 24063.1 64393.6
507500 14877.6 25487.1 24078.3 64443
508000 14915.8 25516.7 24124.7 64557.2
508500 14931.9 25531.9 24162.6 64626.4
509000 14931.5 25561.9 24178.3 64671.7
509500 14952.3 25587.6 24224.7 64764.6
510000 14971.2 25625.6 24276.5 64873.4
510500 15003.8 25660.8 24332.8 64997.4
511000 15025.1 25689.4 24367.8 65082.3
511500 15041.5 25723.5 24427.2 65192.2
512000 15045.9 25785.8 24463.4 65295.1
512500 15062.9 25831.9 24491 65385.8
513000 15062.4 25877.1 24494.5 65434.1
513500 15073.7 25883.3 24532 65489
514000 15084.1 25889.1 24538.7 65511.9
514500 15101.3 25916.7 24560.3 65578.3
515000 15110.1 25920.4 24587.2 65617.6
515500 15109.4 25926.2 24594.5 65630.1
516000 15095.4 25933.7 24578.7 65607.8
516500 15073.7 25968.7 24580.4 65622.8
517000 15052.4 26028 24591.2 65671.7
517500 15041.1 26093 24612.2 65746.2
518000 15034.6 26134.4 24623.8 65792.9
518500 15038.8 26152.4 24657 65848.3
519000 15064.6 26173.4 24682.9 65920.9
519500 15084.1 26202.3 24716 66002.4
520000 15098.8 26204.3 24757 66060.1
520500 15118.9 26190.3 24756.6 66065.8
521000 15141.9 26154.3 24761.2 66057.4
521500 15165 26119.3 24772.7 66057.1
522000 15180.9 26110.3 24799.4 66090.6
522500 15192.4 26126.2 24819.4 66138
523000 15196 26143.5 24829.5 66169
523500 15194.8 26153.8 24842.5 66191.1
524000 15208.6 26207.2 24866.6 66282.4
524500 15217.2 26237.3 24862.6 66317.2
525000 15220.6 26272.3 24848.8 66341.7
525500 15251.3 26319.9 24873.9 66445.2
526000 15267.1 26366.5 24873.9 66507.5
526500 15281.5 26397.7 24877.3 66556.5
527000 15277.4 26441.1 24903.3 66621.8
527500 15254.4 26474.9 24948.8 66678.1
528000 15250.3 26502.3 24975.6 66728.2
528500 15250.6 26530.5 25005.3 66786.3
529000 15245.8 26526.4 25029.4 66801.6
529500 15249.3 26519.6 25058.2 66827.1
530000 15245.5 26526.7 25084.8 66856.9
530500 15239.1 26516.7 25111.1 66866.9
531000 15236.2 26517.2 25137.3 66890.7
531500 15235.5 26516.4 25145.4 66897.3
532000 15221.7 26548.1 25163.4 66933.2
532500 15220.3 26547.3 25165.6 66933.1
533000 15223.8 26555.6 25184.9 66964.3
533500 15214.3 26560.7 25184.4 66959.4
534000 15214.2 26598.2 25196.5 67008.9
534500 15206.5 26569.8 25194 66970.3
535000 15233.1 26572.1 25211.9 67017.1
535500 15268 26609.5 25228.3 67105.8
536000 15305.8 26614.4 25225.6 67145.8
536500 15312.4 26633.2 25206.8 67152.4
537000 15333.5 26640.1 25192.8 67166.4
537500 15351 26639.2 25190 67180.3
538000 15375.2 26634.7 25202.2 67212.2
538500 15403.9 26624.7 25213.4 67242
539000 15418.8 26628.4 25237.7 67284.9
539500 15434.2 26637.1 25287.9 67359.2
540000 15447.8 26664.9 25328.4 67441
540500 15467.3 26694 25360.4 67521.7
541000 15487.9 26763.2 25404.2 67655.3
541500 15506.6 26815.8 25463.2 67785.7
542000 15533 26884.7 25510.8 67928.6
542500 15557 26932.5 25563.5 68053
543000 15594.5 26948 25591.3 68133.8
543500 15633.5 26963 25616.1 68212.5
544000 15671.2 26979.9 25653.8 68304.8
544500 15682.1 27018.2 25701.8 68402.1
545000 15673.7 27059.5 25777.8 68511
545500 15678.4 27086.9 25836.3 68601.6
546000 15692.6 27101.1 25878.2 68671.9
546500 15707.9 27127.7 25908.8 68744.4
547000 15713.6 27149.7 25959.9 68823.2
547500 15742.2 27191.6 25998 68931.8
548000 15779.5 27220.4 26067.8 69067.8
548500 15814.1 27243.6 26121.8 69179.5
549000 15833.6 27282.3 26154.3 69270.2
549500 15856.5 27289.7 26167.8 69314
550000 15875.6 27307.3 26188.7 69371.6
550500 15889.2 27344.7 26226.5 69460.4
551000 15918.1 27386.6 26278.2 69582.9
551500 15961.6 27427.1 26326.8 69715.5
552000 15991 27446.2 26371.2 69808.4
552500 16010.9 27473.9 26440 69924.8
553000 16052.2 27491.2 26456.8 70000.2
553500 16075.8 27524.1 26452.9 70052.8
554000 16105.7 27539.8 26455.6 70101.1
554500 16121.4 27557.4 26487.8 70166.6
555000 16140.3 27529.6 26492.9 70162.8
555500 16160.7 27522.1 26498.7 70181.5
556000 16167.1 27491.7 26519.8 70178.6
556500 16181.6 27466.6 26556.1 70204.3
557000 16191.8 27448.8 26577 70217.6
557500 16223.6 27458.6 26562.6 70244.8
558000 16263 27465.9 26570 70298.8
558500 16289.4 27492.3 26577.6 70359.3
559000 16320.5 27535 26603.9 70459.4
559500 16347.5 27560.2 26611.8 70519.6
560000 16380.4 27619.6 26614.1 70614.2
560500 16414.8 27670 26619 70703.8
561000 16415.3 27721.1 26637.1 70773.5
561500 16425.6 27766.7 26666.2 70858.5
562000 16460.1 27786.5 26664.3 70910.8
562500 16496.9 27828.4 26673.5 70998.8
563000 16546 27860 26706.4 71112.4
563500 16582.3 27877.2 26759.2 71218.8
564000 16607.8 27902.1 26816.2 71326.1
564500 16607 27934.3 26851.6 71393
565000 16611.4 27941.5 26854.9 71407.9
565500 16627 27946.7 26884.2 71457.8
566000 16634.2 27964.5 26923 71521.6
566500 16654 27953.8 26945.8 71553.7
567000 16640.1 27938.3 26965.9 71544.3
567500 16636.4 27939.3 26943.2 71519
568000 16641.8 27952.1 26960.1 71554
568500 16651.2 27963 26965.1 71579.3
569000 16644 27960.5 26971 71575.5
569500 16652.7 27954.3 26991.2 71598.3
570000 16664.4 27970.8 27008.3 71643.6
570500 16680.3 28000.9 27023.6 71704.8
571000 16694.8 28008.9 27037.6 71741.3
571500 16696.4 28023.3 27076.5 71796.3
572000 16700 28063.2 27114.4 71877.6
572500 16690.5 28104.8 27157.9 71953.2
573000 16689.3 28133.9 27207.4 72030.6
573500 16712.2 28184.6 27241 72137.8
574000 16730.3 28230.3 27284.5 72245.1
574500 16740.8 28267.4 27310.1 72318.3
575000 16743.6 28311.1 27317.6 72372.3
575500 16760.4 28323 27323 72406.4
576000 16784.2 28348.8 27324.8 72457.8
576500 16809 28375.7 27313.9 72498.7
577000 16827.7 28393 27301 72521.8
577500 16835 28413.1 27310.4 72558.4
578000 16825.9 28390.6 27334.8 72551.3
578500 16824.5 28390 27372.2 72586.7
579000 16816.4 28396.1 27383.4 72595.9
579500 16813.1 28414.7 27403 72630.8
580000 16822.5 28415.6 27403.8 72641.9
580500 16810.3 28436.7 27404.3 72651.3
581000 16791.7 28434.7 27388.5 72614.9
581500 16795.8 28436.9 27404.1 72636.8
582000 16789 28436.5 27451.4 72676.9
582500 16793.6 28442 27497.3 72732.9
583000 16808.9 28483.2 27532.9 72825
583500 16841 28508 27585.8 72934.8
584000 16875.6 28521.2 27616.1 73012.8
584500 16898.3 28535.2 27650.4 73083.9
585000 16921.2 28560.4 27691 73172.6
585500 16959.3 28587.2 27750.3 73296.7
586000 16979 28590.9 27803 73373
586500 16998.8 28585.1 27874.7 73458.6
587000 17013.2 28582.5 27920.3 73516
587500 17033.3 28591.2 27954.9 73579.3
588000 17066.2 28595.1 27977.2 73638.5
588500 17078.1 28593 28016.3 73687.4
589000 17101.1 28603.5 28040.2 73744.8
589500 17135.2 28575.4 28065.9 73776.5
590000 17164.5 28556.5 28100.9 73821.9
590500 17174.4 28553.7 28097.8 73825.9
591000 17178.9 28570.7 28134.8 73884.4
591500 17174.6 28594.4 28188.7 73957.7
592000 17185.3 28605.8 28206.6 73997.6
592500 17200.7 28584.8 28229.8 74015.3
593000 17251.5 28586.7 28257.9 74096
593500 17261.1 28600 28261.5 74122.5
594000 17289.4 28656 28254.6 74200
594500 17301.8 28683.5 28210.5 74195.8
595000 17316.8 28725.4 28214.4 74256.5
595500 17322.5 28757.6 28231.8 74311.8
596000 17330.1 28793.3 28255.5 74378.9
596500 17346 28798.5 28313.4 74457.9
597000 17387 28767.7 28350.1 74504.8
597500 17415.3 28750.8 28366.7 74532.7
598000 17441.9 28762 28370.3 74574.3
598500 17490 28769.9 28401.9 74661.7
599000 17517.3 28788.8 28439.3 74745.5
599500 17521.7 28788.8 28465.1 74775.6
600000 17555 28805.2 28488.2 74848.4
600500 17585.9 28801.6 28539.9 74927.5
601000 17606.4 28825.9 28579.2 75011.6
601500 17612.2 28851.6 28605.4 75069.1
602000 17630.5 28865.8 28600.3 75096.5
602500 17650.1 28855.5 28610.5 75116.1
603000 17658.7 28873 28618 75149.7
603500 17674.3 28884 28606.7 75165
604000 17672.9 28903.1 28633.9 75209.9
604500 17676.4 28934.3 28680.4 75291.1
605000 17688.3 28962.2 28682.5 75333
605500 17708.3 28977.4 28689.8 75375.6
606000 17738.1 28980.9 28698.7 75417.8
606500 17745.3 28998.7 28723.5 75467.5
607000 17744.7 29004 28732.7 75481.3
607500 17758.4 29001 28737.4 75496.8
608000 17740.9 29035.5 28744.9 75521.4
608500 17730 29042.3 28754.1 75526.4
609000 17722.8 29054.8 28735.2 75512.8
609500 17735.4 29073.6 28729.1 75538.1
610000 17729.6 29076.9 28742.6 75549
610500 17733 29084.5 28749.1 75566.6
611000 17731.3 29104.7 28779.8 75615.8
611500 17748.3 29134.5 28832.6 75715.4
612000 17741.7 29169.3 28881 75792
612500 17750.2 29200 28904 75854.1
613000 17774.4 29227 28921.8 75923.2
613500 17799.6 29236.5 28952.2 75988.3
614000 17815.5 29264.1 28971.3 76051
614500 17826.4 29272.9 29009.5 76108.8
615000 17834.8 29313.3 29034.9 76183.1
615500 17842.3 29332.4 29075.1 76249.8
616000 17845.6 29363.3 29090.6 76299.5
616500 17862.8 29380.1 29105.1 76348
617000 17883.6 29389.6 29098.7 76371.9
617500 17901.9 29401.7 29083 76386.5
618000 17907.1 29438.2 29110.4 76455.7
618500 17934 29445.5 29131.8 76511.3
619000 17949.6 29468.4 29168 76586
619500 17949.2 29475.5 29178.7 76603.4
620000 17975.6 29486.9 29205.5 76668
620500 17988.3 29477.6 29210.4 76676.2
621000 17997.5 29472.3 29220.5 76690.3
621500 18017.5 29509.6 29206.2 76733.3
622000 18050.4 29554.6 29194.4 76799.5
622500 18073.8 29564.8 29194.9 76833.4
623000 18097.6 29565.5 29203.7 76866.9
623500 18137.1 29583.5 29249.4 76970
624000 18177.5 29590.3 29315 77082.7
624500 18194.1 29628.2 29373 77195.3
625000 18198.8 29684.7 29401 77284.5
625500 18219.4 29729.2 29426.2 77374.8
626000 18233.7 29765.4 29419.8 77418.9
626500 18254.9 29782.7 29421.5 77459.2
627000 18253.1 29806.4 29452.6 77512.1
627500 18225.4 29799.9 29487.4 77512.7
628000 18219.9 29777.2 29520.6 77517.8
628500 18220.2 29755.8 29542.5 77518.4
629000 18217.5 29748.1 29569.9 77535.6
629500 18252.3 29732.2 29583.9 77568.5
630000 18267.4 29701.3 29632.5 77601.2
630500 18280.3 29666.6 29674.2 77621.1
631000 18291.5 29652.2 29722.1 77665.8
631500 18314 29658.6 29742.7 77715.3
632000 18311.8 29632.8 29769.7 77714.3
632500 18307.8 29620.3 29795.6 77723.7
633000 18322.8 29625.5 29814.5 77762.8
633500 18350.5 29627.5 29854.8 77832.7
634000 18385.4 29648.7 29892.3 77926.4
634500 18409.8 29654.6 29933 77997.4
635000 18434.9 29689.5 29971.9 78096.3
635500 18453.4 29736.1 29996.4 78185.9
636000 18455.4 29759.8 30031.1 78246.4
636500 18459.8 29777.5 30057.4 78294.7
637000 18455.7 29847.3 30059.2 78362.3
637500 18447.3 29884.9 30051 78383.2
638000 18446.5 29928.6 30054.8 78429.8
638500 18476.9 29960 30055.7 78492.6
639000 18521.3 30035.2 30073.8 78630.3
639500 18573.9 30074.8 30082.4 78731.1
640000 18621.2 30122.4 30100.8 78844.4
640500 18653.3 30151.7 30101.5 78906.5
641000 18669.6 30183.5 30112.5 78965.6
641500 18686.4 30220.2 30108.7 79015.3
642000 18715.9 30251.5 30120.8 79088.3
642500 18753.3 30275.9 30161.1 79190.2
643000 18796.1 30290.7 30199.6 79286.4
643500 18826.6 30327.8 30257.6 79412
644000 18848.3 30343.5 30301.9 79493.7
644500 18873.4 30332.9 30341.4 79547.6
645000 18883.1 30358 30378.8 79619.8
645500 18900.2 30404.4 30380.4 79685
646000 18932.3 30439.4 30374.3 79746
646500 18946.9 30486.8 30395.8 79829.5
647000 18971.9 30563.3 30421.6 79956.9
647500 18979.7 30596.3 30422.1 79998.1
648000 18987.9 30632.9 30430.6 80051.4
648500 18998.5 30642.2 30451.6 80092.3
649000 19001.7 30670.3 30486.4 80158.3
649500 19015.5 30702.6 30516.9 80235
650000 19039.1 30733.9 30536.3 80309.3
650500 19086.9 30768.7 30566.2 80421.8
651000 19135.6 30779.2 30575.3 80490.1
651500 19157.1 30783.8 30580.2 80521.1
652000 19173.5 30823.4 30581.6 80578.4
652500 19183.9 30864.7 30578.4 80627
653000 19192.8 30918.7 30581.4 80692.9
653500 19176.3 30955 30588 80719.4
654000 19162.6 30995.5 30610.7 80768.8
654500 19139.4 31045.4 30625.6 80810.4
655000 19133.4 31072.9 30649.3 80855.7
655500 19151.2 31091.6 30683.5 80926.3
656000 19158.7 31098.8 30712.1 80969.5
656500 19166.6 31097.1 30750.1 81013.8
657000 19183.2 31092.3 30766 81041.5
657500 19221.4 31108.2 30784.6 81114.2
658000 19235.7 31122.4 30828.4 81186.5
658500 19259.9 31143.7 30833.4 81237
659000 19275.5 31130.7 30830.3 81236.6
659500 19275.7 31129.1 30852.6 81257.4
660000 19286.2 31145.6 30885.4 81317.2
660500 19280.3 31184.1 30937.2 81401.5
661000 19268.9 31209.9 30972.8 81451.7
661500 19289.4 31239.3 31015.2 81543.8
662000 19318.9 31251.6 31027.6 81598.1
662500 19322.8 31272.3 31056.6 81651.7
663000 19307.8 31273.2 31110.2 81691.2
663500 19309.6 31284.1 31155.7 81749.4
664000 19303.7 31306.7 31187.6 81798.1
664500 19293.7 31349.2 31243.2 81886
665000 19278.3 31393.5 31280.2 81951.9
665500 19263.2 31449.6 31350.7 82063.5
666000 19263.2 31497.7 31420.3 82181.1
666500 19255.8 31569.1 31499.6 82324.5
667000 19259.9 31647.7 31586.1 82493.7
667500 19288.2 31701.6 31641.9 82631.6
668000 19300.4 31737.8 31679.6 82717.8
668500 19298.8 31792.4 31726.7 82818
669000 19302.2 31838 31754 82894.1
669500 19316.3 31891.7 31789.5 82997.4
670000 19331.1 31958.4 31804.2 83093.7
670500 19343.7 31973.9 31818.1 83135.7
671000 19363.9 32012.3 31829.6 83205.8
671500 19375.9 32037.1 31857.1 83270.1
672000 19409.2 32067.2 31895.8 83372.3
672500 19429.7 32113 31932 83474.6
673000 19442 32150.7 31988.8 83581.5
673500 19462.7 32193.4 32035.4 83691.6
674000 19480.1 32217.5 32064.5 83762.1
674500 19471.3 32248 32101.2 83820.5
675000 19466.7 32227.2 32134.6 83828.4
675500 19472.4 32216.2 32136.9 83825.6
676000 19494.6 32196.6 32170.8 83862
676500 19526.8 32207.3 32209.4 83943.5
677000 19539.5 32240.2 32268.3 84048
677500 19534.6 32261.5 32285.2 84081.3
678000 19552.1 32271.3 32316.7 84140
678500 19565.8 32302.5 32318.5 84186.8
679000 19572.3 32343.6 32300 84215.9
679500 19583.6 32373.6 32269.5 84226.7
680000 19604.3 32414.9 32239.6 84258.7
680500 19611.3 32450.8 32242.3 84304.4
681000 19602.3 32488.6 32237.2 84328.1
681500 19606.8 32502.5 32249.7 84359
682000 19623.2 32546.6 32282 84451.7
682500 19606.3 32577.2 32285.4 84468.9
683000 19598.8 32581.4 32309.2 84489.4
683500 19570.1 32581 32349 84500.1
684000 19551.9 32584.2 32380.2 84516.3
684500 19583.5 32556.6 32379.9 84520
685000 19625.8 32545.1 32385.9 84556.8
685500 19631.4 32533.8 32384.1 84549.3
686000 19645.3 32541.7 32389.1 84576.2
686500 19668 32537.8 32408.8 84614.6
687000 19678.6 32537.3 32419.8 84635.7
687500 19671.9 32575.4 32447.7 84694.9
688000 19662.8 32622.8 32485.9 84771.5
688500 19668.4 32656.3 32530 84854.8
689000 19683.4 32697.4 32536.5 84917.3
689500 19690.8 32719.4 32539.4 84949.5
690000 19727.6 32750.6 32538.2 85016.4
690500 19756 32808.8 32536.7 85101.5
691000 19739.9 32859.6 32522.5 85122
691500 19746.9 32889.9 32513 85149.8
692000 19777.4 32904.6 32517.7 85199.7
692500 19797.8 32913.4 32502.4 85213.6
693000 19831.5 32953 32512.8 85297.3
693500 19824.2 32974.8 32536 85334.9
694000 19837 33020.9 32527.9 85385.8
694500 19845.8 33060.5 32555.2 85461.6
695000 19856.7 33101.6 32591 85549.3
695500 19889.3 33123.6 32593.6 85606.5
696000 19903.1 33164 32608.4 85675.5
696500 19918.5 33182.6 32608.1 85709.2
697000 19948.1 33227.2 32596.4 85771.7
697500 19958.4 33272.2 32583.5 85814.2
698000 19968.9 33328.5 32601.3 85898.6
698500 19979.4 33384 32639.8 86003.3
699000 19986.3 33449.4 32669.9 86105.7
699500 19990.6 33490.7 32721.2 86202.5
700000 19997.7 33562.3 32772.9 86332.9
700500 20006.9 33613.4 32754.9 86375.2
701000 20002.8 33652.1 32740.4 86395.3
701500 20020.9 33699 32726.8 86446.7
702000 20036.2 33729 32700.8 86466
702500 20058.6 33780.4 32720.9 86559.9
703000 20064.4 33802.3 32746.7 86613.3
703500 20067.7 33807.3 32783.1 86658.1
704000 20073.4 33872.2 32813 86758.6
704500 20076.8 33890.3 32827 86794.1
705000 20069.3 33919.5 32799.3 86788
705500 20075.6 33968.2 32803.6 86847.3
706000 20073.5 34012 32813.3 86898.7
706500 20098.3 34048.2 32816.4 86962.8
707000 20122.2 34107.1 32813.1 87042.5
707500 20134.6 34122.6 32815.2 87072.4
708000 20133.7 34147.8 32820.1 87101.6
708500 20119.7 34162.6 32864.1 87146.4
709000 20122.2 34197.1 32904.6 87223.8
709500 20131.4 34189.8 32941.8 87262.9
710000 20158.8 34196.5 32999.9 87355.2
710500 20205 34199 33044.3 87448.4
711000 20239.5 34207.7 33069.8 87516.9
711500 20250.3 34229.3 33092.2 87571.7
712000 20271 34231.5 33127.8 87630.3
712500 20284.4 34254.5 33172.6 87711.6
713000 20313.3 34231.2 33226 87770.5
713500 20327.7 34221.6 33278.4 87827.7
714000 20336.7 34221.6 33308.6 87866.9
714500 20354.9 34222.1 33344.8 87921.8
715000 20355.5 34244.8 33349.6 87949.8
715500 20361.9 34276.9 33345.5 87984.3
716000 20391.9 34310.3 33335.6 88037.8
716500 20419.7 34368.8 33327.5 88116
717000 20451.5 34426.5 33362.4 88240.3
717500 20458.4 34472.6 33384.4 88315.4
718000 20447.6 34495.6 33414.2 88357.5
718500 20457.6 34536.6 33420.7 88415
719000 20461.4 34548.2 33463.1 88472.7
719500 20457 34538.5 33512.2 88507.7
720000 20458.3 34524.9 33554.7 88537.9
720500 20460.3 34527.3 33591.4 88579.1
721000 20476.5 34564.7 33595.9 88637.1
721500 20495.9 34601.9 33622.8 88720.6
722000 20528.1 34617.7 33647.3 88793.1
722500 20551.1 34636.3 33671.7 88859.1
723000 20567.9 34651.7 33671.5 88891.1
723500 20567.6 34683.4 33675.2 88926.3
724000 20567.2 34722.2 33694 88983.4
724500 20589.3 34774.9 33711.5 89075.7
725000 20605.7 34824.6 33768 89198.3
725500 20602.2 34849.3 33785.3 89236.8
726000 20601.7 34866.8 33821.6 89290.2
726500 20607.1 34878.4 33855.2 89340.7
727000 20601.6 34909.2 33847.3 89358.1
727500 20599.2 34908.7 33853.9 89361.8
728000 20585.7 34921.8 33872.3 89379.8
728500 20577.7 34926 33855.3 89359
729000 20557.8 34910.4 33869.4 89337.6
729500 20531.9 34953.4 33929.7 89415
730000 20513 34959.2 33985.1 89457.2
730500 20507.5 34963.9 34041.3 89512.7
731000 20535.1 34971.3 34099.5 89606
731500 20539.7 34975.9 34179.3 89694.9
732000 20547.4 34956.4 34257.8 89761.7
732500 20577.9 34930.3 34324.6 89832.9
733000 20604.8 34918.1 34379.6 89902.5
733500 20628.8 34939.9 34405.4 89974.1
734000 20626.2 34962.1 34442.3 90030.5
734500 20648 35016.3 34455.1 90119.3
735000 20642.4 35042.6 34445 90130.1
735500 20655.7 35079.1 34495.8 90230.6
736000 20654.1 35145.9 34507.5 90307.6
736500 20662.6 35213.8 34525.1 90401.4
737000 20659.6 35270 34590.8 90520.4
737500 20642.7 35303.2 34634.1 90580
738000 20633 35332.3 34640.4 90605.6
738500 20623.6 35364.6 34671.1 90659.4
739000 20619.1 35450.3 34716.1 90785.5
739500 20626.3 35517.1 34728.7 90872.1
740000 20637.8 35563.4 34746.8 90948
740500 20637.1 35596.6 34778 91011.7
741000 20659 35631.9 34782.8 91073.6
741500 20705.6 35637.5 34814.4 91157.6
742000 20742.9 35674 34835 91251.9
742500 20768.6 35705 34846.8 91320.4
743000 20790.8 35741.2 34834.3 91366.2
743500 20799.1 35798.1 34854.7 91451.9
744000 20788.8 35828.7 34896.6 91514.1
744500 20777.3 35856.8 34942.8 91576.9
745000 20797.1 35906.1 34976.9 91680
745500 20814.5 35915.5 35012.8 91742.9
746000 20858.2 35936.8 35055.5 91850.4
746500 20890.3 35967.6 35093.4 91951.2
747000 20913.3 36017.4 35123.7 92054.3
747500 20928.7 36045.9 35140.1 92114.8
748000 20931.5 36058.3 35165.5 92155.4
748500 20937.8 36075.2 35172.5 92185.4
749000 20943 36086.5 35174.3 92203.8
749500 20967.1 36097.3 35164 92228.4
750000 21001.8 36101.9 35183.8 92287.6
750500 21034.4 36070.1 35236.7 92341.1
751000 21044.1 36084 35279.7 92407.8
751500 21067.9 36145.6 35336.7 92550.2
752000 21079.2 36172 35375 92626.2
752500 21078.9 36164.5 35411 92654.3
753000 21087.8 36188.5 35431.3 92707.6
753500 21083.5 36189.7 35455.5 92728.7
754000 21077 36209.6 35466.4 92753.1
754500 21067.7 36224.9 35501.8 92794.5
755000 21084 36243 35489.2 92816.1
755500 21082.7 36231.9 35518.9 92833.4
756000 21088 36267.6 35554.1 92909.7
756500 21106.5 36272.2 35591.9 92970.6
757000 21126 36303.7 35635.8 93065.4
757500 21143.3 36358.2 35668.2 93169.7
758000 21164.1 36415.1 35699.2 93278.3
758500 21179.6 36423.4 35769.2 93372.2
759000 21191.2 36450.1 35804.2 93445.5
759500 21206.7 36494.6 35813.6 93514.8
760000 21202.3 36555.2 35840.8 93598.4
760500 21204.1 36606.2 35878.6 93688.9
761000 21203.9 36635.7 35886.8 93726.4
761500 21208.2 36666.2 35896.4 93770.7
762000 21217.3 36682.2 35948.3 93847.8
762500 21208.1 36697.5 35981.9 93887.5
763000 21222.3 36728.7 36015.3 93966.2
763500 21236.6 36781 36069.5 94087.2
764000 21247.7 36831.7 36115.4 94194.8
764500 21242.8 36866.1 36143.1 94252
765000 21244.2 36882.6 36194.8 94321.6
765500 21250.8 36890.4 36221.3 94362.5
766000 21253.3 36924.6 36249.8 94427.8
766500 21266.6 36929.6 36269.7 94465.9
767000 21303.1 36945.1 36292.1 94540.3
767500 21346.6 36916.8 36354.4 94617.8
768000 21370.1 36904.4 36382.2 94656.8
768500 21386.6 36895.7 36408.9 94691.2
769000 21408.8 36920.8 36433.1 94762.6
769500 21445.1 36978 36464.5 94887.6
770000 21478.5 37014.7 36473.8 94966.9
770500 21493.3 37068.2 36499.7 95061.2
771000 21472.2 37145.4 36566.8 95184.4
771500 21429.8 37201.3 36599.1 95230.2
772000 21415 37223.2 36617.9 95256.1
772500 21407.8 37239.6 36614.9 95262.2
773000 21372.8 37235.1 36649.8 95257.7
773500 21333.1 37224.2 36676.2 95233.5
774000 21320.1 37216.1 36735.9 95272.1
774500 21317.9 37203.3 36742.1 95263.3
775000 21335.8 37202.2 36793.7 95331.6
775500 21366.4 37191.2 36843.2 95400.8
776000 21380.4 37196.5 36859.8 95436.7
776500 21384.6 37187.7 36870.1 95442.4
777000 21375.8 37211.9 36882.7 95470.4
777500 21365.9 37256.9 36900.3 95523.1
778000 21365.6 37282 36929.7 95577.3
778500 21368.3 37296.4 36946.7 95611.4
779000 21380.8 37307.4 36944.9 95633
779500 21400.9 37314 36970.5 95685.4
780000 21432.5 37331.9 37018.3 95782.7
780500 21468 37365.3 37063.8 95897.2
781000 21502.7 37388.3 37126.4 96017.5
781500 21529.8 37382.4 37149 96061.2
782000 21534.1 37359.4 37174.3 96067.8
782500 21526.8 37391.4 37223 96141.2
783000 21551.7 37422 37237.3 96211
783500 21568.4 37425.6 37262.8 96256.8
784000 21573.8 37428.4 37274.8 96276.9
784500 21616.8 37479.8 37315.8 96412.3
785000 21676.3 37540.4 37337.6 96554.3
785500 21732.4 37575.9 37353.7 96662
786000 21756.3 37593.3 37389.9 96739.5
786500 21808.4 37624.4 37410.5 96843.3
787000 21841.1 37629.3 37458.1 96928.6
787500 21874.9 37662.1 37499.3 97036.3
788000 21900.3 37671.3 37540.7 97112.3
788500 21932.5 37689.3 37565.5 97187.3
789000 21985.9 37702.7 37583.6 97272.2
789500 22056.2 37690.1 37608 97354.3
790000 22123.1 37712.2 37642.6 97477.9
790500 22154.9 37719.7 37645.5 97520.1
791000 22173.4 37729.7 37668.1 97571.2
791500 22213.2 37759.5 37673.9 97646.7
792000 22261.7 37791.8 37668.9 97722.4
792500 22288.1 37816.9 37702.8 97807.8
793000 22341.2 37830.9 37716.3 97888.4
793500 22359.2 37834.4 37726.9 97920.5
794000 22396.9 37827.7 37766.2 97990.8
794500 22421.3 37827.6 37753.9 98002.9
795000 22447.3 37849.6 37786.8 98083.7
795500 22477.1 37859 37817.9 98154
796000 22481.2 37847.2 37807 98135.4
796500 22493.2 37860.2 37769.5 98122.9
797000 22505.6 37851.3 37761 98117.9
797500 22508.1 37888.1 37752.6 98148.8
798000 22496.8 37918.4 37712.9 98128.2
798500 22504.7 37924.9 37712.8 98142.4
799000 22510 37935.7 37734.8 98180.4
799500 22509.1 37973.6 37746.3 98229
800000 22540.3 37995.9 37747.3 98283.5
800500 22544.6 38008.5 37753.3 98306.4
801000 22563.7 38020.3 37775.8 98359.8
801500 22594.1 38037.8 37785.7 98417.6
802000 22608.4 38053.3 37791.6 98453.3
802500 22617.5 38099.7 37806.2 98523.3
803000 22615.4 38122.9 37800.8 98539.1
803500 22630 38161.8 37815.2 98607
804000 22650.7 38192.8 37806.5 98649.9
804500 22681.8 38211.5 37822.3 98715.6
805000 22711.6 38243.6 37813 98768.2
805500 22746.1 38280.6 37886.8 98913.5
806000 22770.8 38305.6 37950.2 99026.6
806500 22809.2 38350.8 37972.9 99132.8
807000 22823.3 38443.5 38006 99272.8
807500 22859.7 38534.2 38073.9 99467.9
808000 22892.9 38577.1 38133.8 99603.9
808500 22933.5 38604.2 38185.9 99723.6
809000 22951 38609.1 38215.6 99775.7
809500 22976.2 38624.2 38256.1 99856.4
810000 23011.4 38641.3 38294.8 99947.6
810500 23047.8 38655.2 38309.1 100012
811000 23060.1 38665.2 38349 100074
811500 23063.3 38682.2 38381.1 100127
812000 23074.3 38672.8 38437.3 100184
812500 23130.6 38678.1 38507 100316
813000 23146.1 38723.5 38572.7 100442
813500 23173 38750.5 38603.2 100527
814000 23193.9 38778.9 38646.4 100619
814500 23232.9 38816.8 38645 100695
815000 23262.1 38851 38655 100768
815500 23270.7 38863 38650.9 100785
816000 23283.5 38861.9 38646.2 100792
816500 23299.3 38866.5 38690.1 100856
817000 23314.2 38904.2 38696.9 100915
817500 23313.1 38937 38685.4 100936
818000 23331.4 38977.8 38696.2 101005
818500 23332.6 38999.7 38691.8 101024
819000 23330.7 39041.8 38703.7 101076
819500 23325.1 39119.4 38738.4 101183
820000 23331.5 39171.2 38770.6 101273
820500 23328.8 39207.9 38773.1 101310
821000 23326.4 39237.1 38780.5 101344
821500 23326.2 39259.1 38802.1 101387
822000 23334.7 39288.3 38824.7 101448
822500 23358.2 39314.3 38848.7 101521
823000 23404.9 39336.2 38855.3 101596
823500 23434.9 39356.8 38874 101666
824000 23461.7 39427.4 38907.2 101796
824500 23491 39449.7 38966.1 101907
825000 23523.1 39500.2 39011.8 102035
825500 23548 39545 39052.3 102145
826000 23576.2 39599.9 39079 102255
826500 23584.7 39677.4 39114.1 102376
827000 23584.3 39745.1 39177.7 102507
827500 23585.3 39792.5 39227.2 102605
828000 23591.9 39833.5 39239.3 102665
828500 23584.5 39854.8 39245.3 102685
829000 23578.3 39871 39246.1 102695
829500 23560.9 39914.4 39232.3 102708
830000 23556.5 39928.8 39257.4 102743
830500 23526.1 39959 39270.3 102755
831000 23528.9 40007.3 39281.1 102817
831500 23573.7 40055.2 39280.4 102909
832000 23595.5 40060.4 39316.4 102972
832500 23621.6 40077.4 39313.7 103013
833000 23651.6 40085.1 39329.5 103066
833500 23657 40095.5 39368.2 103121
834000 23675.5 40086.2 39396.8 103159
834500 23702.3 40090.3 39448.1 103241
835000 23718.8 40066.5 39480.9 103266
835500 23730.4 40080.8 39494.2 103305
836000 23758.6 40098.8 39523.6 103381
836500 23786.4 40137.3 39510.4 103434
837000 23796.5 40170.4 39538.2 103505
837500 23805.4 40209.4 39562.8 103578
838000 23811.5 40214.2 39564.2 103590
838500 23804.8 40239 39574.5 103618
839000 23803.4 40284.1 39579.4 103667
839500 23794.3 40303 39601 103698
840000 23803.1 40343.6 39638.7 103785
840500 23810.2 40362.3 39682.1 103855
841000 23830.1 40397.9 39702 103930
841500 23842.2 40412.1 39708.3 103963
842000 23839.2 40445.3 39725.4 104010
842500 23854.2 40502.6 39730.1 104087
843000 23891.2 40549.9 39718.2 104159
843500 23908.4 40598.7 39712.5 104220
844000 23952.1 40649.4 39720.6 104322
844500 23963.8 40736.7 39712.1 104413
845000 23961.3 40816.9 39690.7 104469
845500 23946.9 40890.5 39680 104517
846000 23927.6 40961.2 39712.4 104601
846500 23931.8 41016.5 39753.7 104702
847000 23935.4 41076.8 39786.9 104799
847500 23963.8 41095.5 39852.1 104911
848000 23981.8 41078.2 39882.3 104942
848500 24005.3 41031.6 39927.1 104964
849000 24018.8 41022.9 39975.5 105017
849500 24031 41015.3 40006.8 105053
850000 24043.2 41034 40021 105098
850500 24051.1 41089.8 40040 105181
851000 24064.1 41119.1 40039.3 105223
851500 24060.7 41161.7 40061.5 105284
852000 24097.1 41184.4 40084.2 105366
852500 24115.6 41206.3 40116.3 105438
853000 24150.7 41206.9 40094.2 105452
853500 24188.7 41215.7 40106.7 105511
854000 24238.7 41264.3 40125.3 105628
854500 24264.5 41272 40159.3 105696
855000 24296.6 41287.9 40214 105798
855500 24321 41309.7 40263.1 105894
856000 24330.1 41307.5 40282.2 105920
856500 24359.3 41336.9 40266.5 105963
857000 24398.1 41386.2 40313.2 106098
857500 24404.6 41418.1 40366.4 106189
858000 24419.9 41452.1 40396.3 106268
858500 24437.7 41466.8 40413.5 106318
859000 24444.6 41467.6 40421.1 106333
859500 24446 41435.6 40460.9 106342
860000 24451 41413.6 40498.6 106363
860500 24438.5 41445.1 40525.3 106409
861000 24442.3 41464 40535.6 106442
861500 24448.4 41477.6 40554.2 106480
862000 24455 41505.4 40588.3 106549
862500 24466.2 41522.7 40636.8 106626
863000 24494.4 41530.6 40669 106694
863500 24531.2 41539.4 40692.9 106764
864000 24523.7 41534.8 40733 106791
864500 24541.7 41540.2 40743.8 106826
865000 24558.6 41520.7 40776.4 106856
865500 24605.3 41532.2 40789.5 106927
866000 24634.6 41541.1 40807.4 106983
866500 24660.1 41540.8 40854.4 107055
867000 24675.5 41534.9 40879.8 107090
867500 24681.3 41500.5 40922.3 107104
868000 24697.4 41492.8 40962.2 107152
868500 24728.6 41472.2 41005.1 107206
869000 24752.8 41478.2 41042.1 107273
869500 24774.7 41503.1 41102.1 107380
870000 24800.4 41524.3 41157.4 107482
870500 24820.1 41554.9 41190.8 107566
871000 24838.8 41600.2 41231 107670
871500 24855.6 41620.1 41205.3 107681
872000 24876 41645.7 41211.4 107733
872500 24942.8 41705.6 41245.5 107894
873000 25005.3 41758.3 41277.1 108041
873500 25037.5 41804.2 41292.2 108134
874000 25078.1 41826.2 41321.7 108226
874500 25084.6 41849.3 41334.6 108269
875000 25098.9 41885.9 41368.8 108354
875500 25093.7 41918.9 41402 108415
876000 25106 41930.3 41421.7 108458
876500 25129.1 41937.4 41446.7 108513
877000 25160.2 41956.4 41470.4 108587
877500 25199.3 41972.2 41490.9 108662
878000 25241.9 42001.3 41534.8 108778
878500 25249 42008 41565.6 108823
879000 25253.1 42022 41610.4 108886
879500 25258.7 42045.7 41670.6 108975
880000 25254.7 42086 41694.4 109035
880500 25258.8 42127.1 41746.5 109132
881000 25274.9 42143 41760.1 109178
881500 25295.6 42183.1 41769.4 109248
882000 25307.8 42206.3 41790.1 109304
882500 25361 42205.7 41804.5 109371
883000 25385 42230.2 41851.6 109467
883500 25412.7 42305.7 41919.1 109637
884000 25424.8 42378.1 41978.5 109781
884500 25445.1 42418.8 42048.8 109913
885000 25475.6 42443.6 42116.7 110036
885500 25488.3 42446.4 42161.8 110097
886000 25492 42436 42182.3 110110
886500 25537.9 42397.6 42213.7 110149
887000 25565.1 42393.7 42246.3 110205
887500 25586.1 42426.3 42279.2 110292
888000 25614 42489.2 42316 110419
888500 25652.4 42539.5 42323 110515
889000 25651.4 42572.2 42296.9 110520
889500 25669 42615.4 42322.6 110607
890000 25686 42649.6 42341.7 110677
890500 25717.5 42666.9 42359.4 110744
891000 25773.6 42666.2 42381.1 110821
891500 25778.9 42687.9 42396.6 110863
892000 25797.8 42752.2 42412.7 110963
892500 25802.8 42827.7 42402.2 111033
893000 25826 42864.1 42424.8 111115
893500 25859.8 42880.9 42447.7 111188
894000 25882.9 42861.3 42441.6 111186
894500 25911.6 42875 42446.6 111233
895000 25938.3 42915.4 42483.6 111337
895500 25946.9 42940.4 42514.1 111401
896000 25960.1 42998.4 42546.3 111505
896500 25998.4 43074.4 42576.1 111649
897000 26004.7 43125.3 42590.6 111721
897500 26011.8 43144.7 42593 111749
898000 26028.9 43214.5 42631.3 111875
898500 26018.3 43277.8 42646.4 111943
899000 26029.1 43302.9 42675.3 112007
899500 26018.5 43347.7 42697.7 112064
900000 26002.4 43356.7 42717.7 112077
900500 26000.5 43388.1 42762.2 112151
901000 26008.1 43378.2 42753.7 112140
901500 26028.3 43359.5 42737.9 112126
902000 26036.6 43358 42742.9 112137
902500 26036.4 43362.7 42759.6 112159
903000 26043.7 43365.6 42781.8 112191
903500 26047.9 43355.5 42844.9 112248
904000 26057.6 43353.8 42913.6 112325
904500 26070.2 43370.3 42949.9 112390
905000 26084.8 43394.9 43005.4 112485
905500 26072.4 43450.2 43074.9 112598
906000 26087 43503.6 43098.8 112689
906500 26121.4 43514.6 43095.7 112732
907000 26139.4 43567.1 43089.5 112796
907500 26151.5 43576 43094 112822
908000 26166.9 43576.6 43094.8 112838
908500 26174.7 43622.2 43112.2 112909
909000 26178.9 43657 43154.7 112991
909500 26201 43673.4 43218 113092
910000 26197.3 43716.1 43258.9 113172
910500 26192.2 43766.5 43312.6 113271
911000 26180.4 43836.6 43366.9 113384
911500 26209.3 43882.6 43408.8 113501
912000 26250.7 43939 43462.1 113652
912500 26269.7 43992.7 43491.5 113754
913000 26307.2 44037.1 43542.7 113887
913500 26342.4 44079.9 43564.2 113986
914000 26374.8 44123.2 43608.4 114106
914500 26405.5 44169.2 43652.1 114227
915000 26427.1 44175.5 43669.2 114272
915500 26426 44158.9 43722.7 114308
916000 26429.2 44164.3 43753.6 114347
916500 26456.3 44185.4 43826.6 114468
917000 26488.6 44250 43881.8 114620
917500 26519.3 44311.2 43925.1 114756
918000 26554.4 44350.8 43897.8 114803
918500 26593.7 44402.6 43898.3 114895
919000 26644.6 44458.8 43917.1 115020
919500 26672.2 44524.1 43926.2 115123
920000 26714.4 44568.2 43943.2 115226
920500 26753 44588.4 43944.9 115286
921000 26781.9 44605.2 43930.3 115317
921500 26795 44606.7 43940.6 115342
922000 26798.2 44626.1 43925.1 115349
922500 26819.6 44675.9 43885.1 115381
923000 26843.3 44707.8 43886.7 115438
923500 26875.7 44757.4 43880.3 115513
924000 26908.9 44772 43869.3 115550
924500 26939.5 44805.7 43895.8 115641
925000 26935.6 44826.9 43937.7 115700
925500 26959.2 44878.8 43959 115797
926000 26980.8 44905.2 43959.3 115845
926500 26989.6 44967.1 43972.1 115929
927000 26983.4 45024.8 44001.5 116010
927500 26975.1 45046.1 44029.2 116050
928000 26994.8 45084.9 44080 116160
928500 27009.6 45133.1 44178.6 116321
929000 27022.5 45182.2 44243.1 116448
929500 27030.8 45197.4 44326.4 116555
930000 27059.9 45206.3 44376.4 116643
930500 27074 45224.1 44395.2 116693
931000 27091.7 45236.8 44392.4 116721
931500 27083.5 45267 44413.3 116764
932000 27075.6 45296.2 44462.1 116834
932500 27081.7 45281.1 44507.2 116870
933000 27071.6 45292.9 44576.4 116941
933500 27079.5 45311.4 44636.3 117027
934000 27100.6 45299.4 44715 117115
934500 27149.9 45303.9 44775.7 117230
935000 27163.1 45323.6 44874.3 117361
935500 27164.8 45336.1 44949.7 117451
936000 27171.2 45315.8 45049.1 117536
936500 27189.9 45283.4 45080.2 117554
937000 27193.3 45282.7 45132.7 117609
937500 27202.8 45285 45176.6 117664
938000 27211.5 45307 45199.9 117718
938500 27246.6 45359.5 45248.7 117855
939000 27265.9 45388.2 45290.9 117945
939500 27301.2 45422.9 45328.2 118052
940000 27307.5 45472.7 45385.3 118165
940500 27336.3 45537.7 45449.5 118324
941000 27308.1 45620 45522.2 118450
941500 27309.5 45654.1 45585.3 118549
942000 27295.4 45706.3 45613.1 118615
942500 27298 45720.2 45656.2 118674
943000 27319.3 45781.8 45696.5 118798
943500 27322.7 45830 45728.8 118882
944000 27338.9 45833.1 45738.4 118910
944500 27339.4 45864 45749.7 118953
945000 27329.3 45853.7 45764.3 118947
945500 27321.3 45848.5 45780.4 118950
946000 27300.5 45849.6 45829.3 118979
946500 27283.5 45859 45853.8 118996
947000 27271.9 45873.4 45877.8 119023
947500 27254.6 45885.1 45905 119045
948000 27248.4 45912.6 45964.7 119126
948500 27281.3 45898 46040 119219
949000 27311.4 45917.1 46090.9 119319
949500 27335 45917.7 46113.6 119366
950000 27350.6 45886.8 46150.8 119388
950500 27372.9 45869.7 46134.8 119377
951000 27407.7 45872.3 46114.1 119394
951500 27431.2 45915.2 46129.1 119475
952000 27449 45896.4 46150.4 119496
952500 27471.1 45875.4 46160.4 119507
953000 27514.7 45859.4 46170.3 119544
953500 27572 45861.2 46167.3 119600
954000 27654.6 45888 46173.7 119716
954500 27738.1 45915.2 46176.4 119830
955000 27820.1 45927.2 46192.8 119940
955500 27896.7 45965.3 46172.4 120034
956000 27925 45980.8 46141.4 120047
956500 27924.6 45971.6 46153.7 120050
957000 27951.4 45939.7 46137 120028
957500 27974.6 45925.2 46157.6 120057
958000 27992.1 45916.1 46184.7 120093
958500 28008.5 45927 46221.3 120157
959000 28009.2 45938.5 46231.3 120179
959500 28043.1 45962.3 46261.8 120267
960000 28090.6 45976.8 46268.9 120336
960500 28119.8 45982.7 46294.1 120397
961000 28150.2 45989 46284.5 120424
961500 28186 45994.3 46297.2 120478
962000 28194.8 46040.9 46325.8 120562
962500 28214 46051.7 46366.8 120633
963000 28252.9 46082.5 46369.5 120705
963500 28252.5 46114 46400.7 120767
964000 28252.6 46178.2 46417.4 120848
964500 28267.4 46261 46406.4 120935
965000 28297.5 46337.2 46401.2 121036
965500 28318.7 46358.1 46421.4 121098
966000 28325.5 46420.2 46429.7 121175
966500 28334.2 46449.2 46409.4 121193
967000 28352.1 46449.2 46388.6 121190
967500 28379.3 46467 46400.1 121246
968000 28392.2 46497.6 46413.9 121304
968500 28416.3 46533.3 46430.6 121380
969000 28444.4 46555.7 46407.4 121408
969500 28459.3 46551.9 46432 121443
970000 28447.7 46526.2 46455 121429
970500 28458.8 46528.9 46470.9 121459
971000 28458.2 46497.5 46496.6 121452
971500 28480.2 46469.4 46489.7 121439
972000 28512.3 46466.5 46514.8 121493
972500 28555.9 46487.7 46547.1 121591
973000 28580.6 46499.5 46585.5 121666
973500 28583.3 46518.8 46620 121722
974000 28604.4 46539.9 46684.5 121829
974500 28626.8 46588.5 46696.4 121912
975000 28658.8 46614 46752.8 122026
975500 28676.7 46646.2 46790.1 122113
976000 28679 46693.7 46788.7 122161
976500 28700.6 46737.3 46804.5 122242
977000 28736.8 46779.2 46822.5 122339
977500 28759.1 46837 46853.3 122449
978000 28797.4 46881.1 46900.4 122579
978500 28841.4 46876.8 46899.7 122618
979000 28869.8 46882.2 46950.1 122702
979500 28871.6 46899 46994.8 122765
980000 28864 46916.8 47030.2 122811
980500 28843.4 46911.5 47072 122827
981000 28831.4 46920.9 47110.4 122863
981500 28828.2 46928.5 47166.3 122923
982000 28831.4 46959.6 47179.4 122970
982500 28830.8 46967.2 47220.1 123018
983000 28829.3 46947 47261.4 123038
983500 28819.8 46937.8 47268.2 123026
984000 28837.2 46930.4 47261.4 123029
984500 28899.5 46931.1 47224.3 123055
985000 28979 46898.8 47221 123099
985500 29020.7 46871.6 47226.5 123119
986000 29028.9 46846.7 47244.2 123120
986500 29037.1 46851 47256.5 123145
987000 29054.4 46864.6 47304.3 123223
987500 29059.6 46869.2 47334.4 123263
988000 29054.2 46879.9 47360.7 123295
988500 29071.6 46883.3 47413.7 123369
989000 29086.4 46905.8 47426.4 123419
989500 29105.9 46926.5 47463.6 123496
990000 29126.1 46934.1 47498.4 123559
990500 29156.2 46968 47503.5 123628
991000 29176.7 46993.8 47482.7 123653
991500 29184.4 47030.2 47489.5 123704
992000 29209.3 47080.7 47492.4 123782
992500 29253.1 47100.1 47519.3 123872
993000 29291.8 47146.8 47570.9 124010
993500 29343.2 47216.8 47648.5 124209
994000 29387.7 47263.8 47675.3 124327
994500 29437.6 47316.7 47708 124462
995000 29467.9 47365.3 47712.8 124546
995500 29470.2 47441.2 47716.7 124628
996000 29492.2 47494.2 47767 124753
996500 29508.5 47572.1 47784.1 124865
997000 29546.2 47670.3 47801.6 125018
997500 29607.2 47788.4 47844.8 125240
998000 29670 47889.4 47879.5 125439
998500 29694.9 47953.2 47876.4 125525
999000 29714.1 48029.3 47873.8 125617
999500 29724.9 48104.2 47884.5 125714
1000000 29737.6 48137.8 47903.6 125779
1000500 29759 48175.4 47950.6 125885
1001000 29780.3 48192.9 47979.7 125953
1001500 29790.7 48211.8 48003.6 126006
1002000 29770.2 48214.6 48013.8 125999
1002500 29744.8 48274 48036.9 126056
1003000 29735.8 48344.7 48045 126125
1003500 29742.1 48378 48080.4 126201
1004000 29724.5 48426.6 48128.1 126279
1004500 29708.9 48500.2 48163.4 126373
1005000 29702.3 48520.3 48253.2 126476
1005500 29696.5 48573.3 48336.9 126607
1006000 29686.6 48611.2 48406.5 126704
1006500 29714.7 48640.2 48452.7 126808
1007000 29765.4 48674.9 48469.2 126910
1007500 29793.1 48700 48489.5 126983
1008000 29800.4 48706.6 48516.1 127023
1008500 29806.9 48754.5 48530 127091
1009000 29817.4 48752.5 48575.1 127145
1009500 29838.9 48725.2 48609 127173
1010000 29872.7 48781.1 48673.2 127327
1010500 29917.1 48832.7 48715.1 127465
1011000 29959.2 48888.3 48761.8 127609
1011500 29990.8 48912.9 48797.6 127701
1012000 30011.2 48922.1 48839.3 127773
1012500 30053.6 48932.9 48837.7 127824
1013000 30077 48936.3 48832 127845
1013500 30080.1 48934.9 48825.5 127841
1014000 30098.8 48932.8 48803.4 127835
1014500 30123.3 48928.3 48805.7 127857
1015000 30163.5 48905.4 48800.7 127870
1015500 30154.8 48911.7 48819 127886
1016000 30124.8 48927.6 48839.7 127892
1016500 30079.8 48948.1 48833.3 127861
1017000 30063.4 48963.5 48814.8 127842
1017500 30060.1 49003.6 48814.9 127879
1018000 30054.6 49044.7 48853.4 127953
1018500 30029.3 49029.6 48865.4 127924
1019000 30026.1 49011 48871.8 127909
1019500 30071.9 49012.4 48906.6 127991
1020000 30114.8 49013.3 48946.1 128074
1020500 30132.8 49068.3 48977.7 128179
1021000 30113.3 49126.5 49014.4 128254
1021500 30126.6 49183.7 49056.1 128366
1022000 30138.9 49219 49073.4 128431
1022500 30137.2 49257.3 49103.9 128498
1023000 30126.3 49275.2 49125.8 128527
1023500 30117.5 49281.9 49162 128561
1024000 30134.3 49316 49164.9 128615
1024500 30158.1 49330.8 49154.1 128643
1025000 30172.8 49338 49121.1 128632
1025500 30186.9 49308.1 49140.6 128636
1026000 30184.9 49321.7 49183.4 128690
1026500 30179.2 49357.7 49227.6 128765
1027000 30168.7 49371.6 49253.1 128793
1027500 30172.5 49431.9 49307.6 128912
1028000 30178.2 49491.1 49355.4 129025
1028500 30162.4 49530.1 49445.3 129138
1029000 30186.4 49544.9 49476.9 129208
1029500 30197.1 49590.2 49493.9 129281
1030000 30213.8 49594.9 49517.2 129326
1030500 30218.6 49593.7 49551.8 129364
1031000 30252.7 49588.6 49576.7 129418
1031500 30250.7 49592.4 49580.2 129423
1032000 30257.3 49609.6 49612.4 129479
1032500 30272.1 49634.3 49628.1 129535
1033000 30265.5 49671.8 49668.3 129606
1033500 30261.5 49709.4 49693.6 129664
1034000 30267.9 49781.6 49686.3 129736
1034500 30284.1 49823.2 49709.1 129816
1035000 30266.4 49814.8 49724 129805
1035500 30237.8 49800 49741.8 129780
1036000 30241.3 49806.9 49811.2 129859
1036500 30241 49800.6 49879.2 129921
1037000 30216 49819.9 49947.1 129983
1037500 30213.9 49883 49995.5 130092
1038000 30208.2 49888.8 50005.2 130102
1038500 30212.7 49932.2 50004.9 130150
1039000 30219.4 49933.6 49989.1 130142
1039500 30216.4 49932.8 50006.4 130156
1040000 30215.8 49955 49998.3 130169
1040500 30229.4 49995.1 50021.2 130246
1041000 30228.2 50050.2 50040 130318
1041500 30224.8 50087.1 50091.5 130403
1042000 30217.7 50138.8 50174.5 130531
1042500 30212 50183 50256 130651
1043000 30224.3 50186 50323.3 130734
1043500 30242.2 50221 50373 130836
1044000 30264.8 50257.4 50426.6 130949
1044500 30267.9 50273.1 50481.9 131023
1045000 30238.2 50266.1 50530 131034
1045500 30237.3 50209.5 50563 131010
1046000 30243.8 50194.1 50588.8 131027
1046500 30242.7 50216.4 50630.7 131090
1047000 30240.8 50209.2 50641.3 131091
1047500 30225.8 50231.7 50597.4 131055
1048000 30223.9 50236.2 50572.9 131033
1048500 30225.7 50260.8 50577.8 131064
1049000 30240.7 50294 50540.4 131075
1049500 30245.5 50317 50555.9 131118
1050000 30278.9 50348.9 50555.5 131183
1050500 30311.7 50354.5 50581.8 131248
1051000 30336.4 50334.4 50598.2 131269
1051500 30350.9 50318.1 50676.5 131346
1052000 30357.4 50297.9 50705.2 131361
1052500 30358.1 50306.9 50725 131390
1053000 30367.3 50310.6 50726.5 131404
1053500 30415.3 50362.7 50737.7 131516
1054000 30451.7 50402.7 50741.9 131596
1054500 30499.2 50423.8 50770.1 131693
1055000 30515.4 50452.8 50798.2 131766
1055500 30506.3 50498.6 50807.8 131813
1056000 30517.3 50521.8 50816.1 131855
1056500 30516.3 50519.8 50842.2 131878
1057000 30511 50499.5 50856 131866
1057500 30500.9 50496.7 50832.7 131830
1058000 30502.9 50516.5 50837.1 131856
1058500 30503.9 50552.1 50839.8 131896
1059000 30509.6 50588.4 50834.9 131933
1059500 30522.4 50617.8 50834.6 131975
1060000 30547 50662.6 50833.9 132044
1060500 30550 50702.4 50840.1 132093
1061000 30573.6 50729.9 50860.5 132164
1061500 30594 50753.5 50874.5 132222
1062000 30617.3 50787.1 50908.5 132313
1062500 30640.7 50844.9 50934.3 132420
1063000 30660.7 50911 50951.5 132523
1063500 30673.7 50969.8 50963.8 132607
1064000 30727 50998.1 51005 132730
1064500 30758.8 51047.1 51005.3 132811
1065000 30789.4 51108.7 50981.9 132880
1065500 30831 51162.5 50949.8 132943
1066000 30863.7 51217.1 50932.6 133013
1066500 30888.3 51258.1 50960.6 133107
1067000 30903.6 51282 51045.8 133231
1067500 30897.4 51279 51107.5 133284
1068000 30924.3 51316.8 51138.6 133380
1068500 30964.9 51344.6 51175 133484
1069000 30991.2 51405.1 51239.8 133636
1069500 31033.1 51469.2 51266.3 133769
1070000 31025.8 51519.4 51294.7 133840
1070500 31029.2 51583.4 51345.6 133958
1071000 31028.2 51626.4 51358.4 134013
1071500 31050.2 51699.7 51334.2 134084
1072000 31080.6 51754.1 51357 134192
1072500 31117.4 51775.5 51374.3 134267
1073000 31132.9 51812.2 51416.6 134362
1073500 31119.5 51820.5 51469.3 134409
1074000 31141.3 51828.8 51492.6 134463
1074500 31163.2 51875.4 51512.9 134551
1075000 31168.5 51937.1 51565.9 134671
1075500 31179.2 51964.9 51578.8 134723
1076000 31188.8 52006.6 51610.8 134806
1076500 31179.9 52010.9 51648.1 134839
1077000 31167.8 52031.9 51677.5 134877
1077500 31168.6 52074.9 51691.8 134935
1078000 31166.9 52090.5 51697.1 134954
1078500 31177 52106 51752.2 135035
1079000 31187.4 52121.2 51797.6 135106
1079500 31185 52125.9 51800.7 135112
1080000 31210.2 52108.1 51829.6 135148
1080500 31232.4 52124.9 51827.8 135185
1081000 31270 52142.9 51858.6 135272
1081500 31270.5 52164.5 51914.6 135350
1082000 31301 52168 51960.6 135430
1082500 31325.4 52206.3 51989.1 135521
1083000 31321.9 52229.6 52040.3 135592
1083500 31331.3 52242.8 52088.5 135663
1084000 31390.4 52293.5 52161 135845
1084500 31388 52309.2 52227.5 135925
1085000 31385.1 52339.2 52277.4 136002
1085500 31389.4 52377.8 52313.2 136080
1086000 31401.1 52461.2 52357.8 136220
1086500 31383.1 52514 52439.5 136337
1087000 31373.4 52562.1 52514.8 136450
1087500 31378.7 52606.2 52564.3 136549
1088000 31388.2 52691.6 52623 136703
1088500 31398.1 52731 52688.9 136818
1089000 31426.3 52803.8 52751.4 136982
1089500 31444.4 52851.7 52772.2 137068
1090000 31436.3 52871.3 52782.1 137090
1090500 31454.4 52894.8 52785.4 137135
1091000 31421.6 52921.3 52781.4 137124
1091500 31417.6 52975.4 52764.4 137157
1092000 31454.5 53049.7 52747.5 137252
1092500 31469.4 53095.5 52769.7 137335
1093000 31500.2 53126.2 52765.5 137392
1093500 31495.6 53113.3 52771.2 137380
1094000 31497.2 53092.7 52802.7 137393
1094500 31498.8 53101.3 52816.8 137417
1095000 31520.5 53121 52809.7 137451
1095500 31512.8 53191 52824.4 137528
1096000 31503.5 53244.2 52876.8 137625
1096500 31504 53304.2 52886.2 137694
1097000 31517.2 53332.7 52917.4 137767
1097500 31511 53361.6 52946.2 137819
1098000 31507.5 53401 52983.4 137892
1098500 31514.5 53402.1 52981 137898
1099000 31504.4 53398.6 52949.1 137852
1099500 31505.4 53375.2 52957.5 137838
1100000 31527.8 53347.5 52928 137803
1100500 31542 53362.9 52942.6 137848
1101000 31545.4 53424.4 52934.1 137904
1101500 31554.4 53463.5 52895.3 137913
1102000 31593.1 53507 52835.3 137935
1102500 31628.3 53555.2 52806.8 137990
1103000 31664.8 53606.2 52823.5 138095
1103500 31690.9 53613.6 52856 138161
1104000 31728.6 53660.7 52894.3 138284
1104500 31777.4 53694.4 52962.1 138434
1105000 31849.9 53721.8 53038.8 138610
1105500 31900 53761.4 53103.9 138765
1106000 31960.6 53752.8 53140.1 138854
1106500 32013.2 53754.7 53230.4 138998
1107000 32075.8 53793.3 53287.2 139156
1107500 32091.6 53858.6 53330.2 139280
1108000 32099.9 53910 53377.9 139388
1108500 32109.5 53950 53424.4 139484
1109000 32125.3 53982.8 53439.2 139547
1109500 32136.9 54017.2 53474.2 139628
1110000 32145.9 54082.8 53500.7 139729
1110500 32134.7 54117 53555.9 139808
1111000 32158.7 54166.3 53590 139915
1111500 32192 54241.5 53612.2 140046
1112000 32223.7 54299.5 53618.8 140142
1112500 32218.2 54300.2 53615.2 140134
1113000 32195.6 54301.3 53619.6 140117
1113500 32198.6 54319.2 53632.7 140151
1114000 32193.3 54329.7 53640.2 140163
1114500 32221.8 54353.7 53655.3 140231
1115000 32200 54356.4 53639.8 140196
1115500 32215.5 54360.1 53665.7 140241
1116000 32206.3 54370.9 53697.3 140274
1116500 32187.9 54411.9 53724 140324
1117000 32189.8 54433 53740.5 140363
1117500 32207 54462.8 53747.2 140417
1118000 32219.7 54494.3 53735.1 140449
1118500 32252.7 54508.1 53717.9 140479
1119000 32293.4 54569.2 53711.5 140574
1119500 32323.4 54612.7 53717.8 140654
1120000 32383.1 54664.1 53737.3 140784
1120500 32402.2 54662.7 53756.6 140821
1121000 32422.1 54664.7 53782.9 140870
1121500 32418.6 54699.5 53770.9 140889
1122000 32401.5 54700.8 53760.7 140863
1122500 32391.4 54717.5 53738.1 140847
1123000 32385.4 54689.3 53733.3 140808
1123500 32401.3 54684.3 53755.4 140841
1124000 32415.6 54679.1 53756.7 140851
1124500 32415.2 54659.8 53769.7 140845
1125000 32415.7 54663.8 53744.8 140824
1125500 32405.7 54669.2 53710.1 140785
1126000 32409.4 54652.6 53704.8 140767
1126500 32406.7 54665.7 53705.1 140777
1127000 32409 54688.9 53746.5 140844
1127500 32421.3 54726.7 53827.1 140975
1128000 32421.5 54749.8 53910.6 141082
1128500 32455.3 54730.9 53969.5 141156
1129000 32453.2 54737.8 54001.4 141192
1129500 32460.5 54768.3 54020.2 141249
1130000 32462.8 54803.6 54049.7 141316
1130500 32472.6 54780.9 54118.8 141372
1131000 32468.2 54827 54227.9 141523
1131500 32494.6 54857.6 54306.3 141659
1132000 32527.1 54858 54367.4 141752
1132500 32554.8 54877.3 54446 141878
1133000 32593 54920 54522.5 142036
1133500 32625.4 54969 54538.5 142133
1134000 32649 54980.3 54553 142182
1134500 32697.7 54959.8 54560.2 142218
1135000 32695.1 54936.2 54555.9 142187
1135500 32716.1 54928.5 54538.7 142183
1136000 32740.4 54939.6 54541.6 142222
1136500 32764.6 54917.2 54546.6 142228
1137000 32771 54885 54519.6 142176
1137500 32804.2 54897.6 54522.1 142224
1138000 32831.4 54941.1 54555.9 142328
1138500 32826.2 54972.7 54570.8 142370
1139000 32805.3 54992.7 54574.8 142373
1139500 32817 55036.2 54595.3 142449
1140000 32847.1 55059.1 54608.4 142515
1140500 32874.6 55105.8 54628 142608
1141000 32918.9 55143.7 54630.2 142693
1141500 32955.9 55164.8 54652 142773
1142000 33007.5 55202.5 54674.7 142885
1142500 33016.6 55202.6 54681.9 142901
1143000 33035.7 55264.3 54696.1 142996
1143500 33080.3 55327 54729.7 143137
1144000 33085.4 55373.3 54734.2 143193
1144500 33093.1 55397.9 54774.9 143266
1145000 33115.6 55435.2 54828.4 143379
1145500 33119 55463.1 54877.2 143459
1146000 33129.4 55514.1 54907.8 143551
1146500 33136.1 55561 54948.2 143645
1147000 33136.5 55594.9 54979.2 143711
1147500 33134.6 55605.9 54996.8 143737
1148000 33142.5 55637.2 55030.7 143810
1148500 33176 55647.3 55029.5 143853
1149000 33194.1 55647.5 55055.4 143897
1149500 33199 55652.4 55047 143898
1150000 33218.2 55641.8 55043.7 143904
1150500 33210.2 55599.2 55016.3 143826
1151000 33200.5 55558.2 55002 143761
1151500 33205.5 55583.3 54987 143776
1152000 33232.9 55609.3 54988.8 143831
1152500 33256.4 55651.6 54964.1 143872
1153000 33278.1 55677.1 54975.8 143931
1153500 33331.8 55676 55028.6 144036
1154000 33347.6 55635.3 55046.6 144030
1154500 33367.5 55639.5 55085 144092
1155000 33378.6 55626.9 55133.3 144139
1155500 33406.9 55620.7 55214.9 144243
1156000 33395.9 55700 55293.8 144390
1156500 33396.8 55725.8 55373.1 144496
1157000 33403.3 55761.3 55433.1 144598
1157500 33395.5 55778.7 55474.9 144649
1158000 33426.6 55836.1 55558.8 144821
1158500 33461 55839.7 55595.2 144896
1159000 33496.3 55858.4 55642.6 144997
1159500 33514 55911 55679.5 145104
1160000 33539 55932.8 55692.4 145164
1160500 33539 55959.9 55682.1 145181
1161000 33531.7 55966.8 55696.6 145195
1161500 33570.8 55979.3 55705.4 145256
1162000 33579.4 56006.3 55671.5 145257
1162500 33582.9 56062.5 55664.6 145310
1163000 33599.8 56127 55643.6 145370
1163500 33592 56174.9 55651.6 145419
1164000 33579.4 56227.6 55669.2 145476
1164500 33567.9 56300 55704.5 145572
1165000 33544.6 56360.5 55736.9 145642
1165500 33546.5 56455.6 55758.6 145761
1166000 33552.2 56523.3 55814 145889
1166500 33562.1 56597.8 55866.9 146027
1167000 33565.4 56659.9 55926.7 146152
1167500 33567.9 56706.5 55952.7 146227
1168000 33602.6 56734 55989.8 146326
1168500 33623.5 56774.4 56062.1 146460
1169000 33628.6 56799.3 56130 146558
1169500 33609.3 56856.2 56208.8 146674
1170000 33591.3 56908 56250.1 146749
1170500 33585.3 56945.1 56304.4 146835
1171000 33576 56976.2 56356.1 146908
1171500 33554.4 57019.3 56385.5 146959
1172000 33539.1 57042.6 56372.6 146954
1172500 33553.6 57105.5 56357.8 147017
1173000 33563.3 57159.3 56346.9 147070
1173500 33577.4 57214.8 56333.4 147126
1174000 33575.1 57276.9 56360.2 147212
1174500 33584 57371.2 56326.3 147282
1175000 33598.6 57512 56310.8 147421
1175500 33635.6 57628 56330.3 147594
1176000 33685 57703.2 56394.1 147782
1176500 33728.3 57773.1 56434 147935
1177000 33772.7 57824.8 56489.4 148087
1177500 33833.8 57871.5 56533.8 148239
1178000 33856.7 57886.5 56624.2 148367
1178500 33881.2 57930 56724.1 148535
1179000 33909.5 57960.9 56777.4 148648
1179500 33935.4 58029 56809.3 148774
1180000 33959.6 58114.7 56866.3 148941
1180500 33959.2 58136.6 56927.8 149024
1181000 33963.6 58139.5 56965.8 149069
1181500 33981.6 58155.5 56990 149127
1182000 33999.7 58163.3 56988 149151
1182500 34022.5 58156.5 56994.7 149174
1183000 34022.5 58154.7 57003.4 149181
1183500 34007.3 58188.1 56981.5 149177
1184000 34017 58188.3 56990.9 149196
1184500 34008.7 58232.1 56999.6 149240
1185000 34002.6 58274.5 57029 149306
1185500 34008.9 58323.5 57077.8 149410
1186000 34003.5 58359.4 57094.5 149457
1186500 34021.7 58444.4 57144.6 149611
1187000 34010.7 58508.8 57145.8 149665
1187500 33978.7 58550.9 57156.3 149686
1188000 33983.2 58612.2 57173.3 149769
1188500 33995.5 58658 57191.1 149845
1189000 34028.4 58668.2 57211.4 149908
1189500 34040.1 58681.1 57263.8 149985
1190000 34049.4 58692.6 57314.2 150056
1190500 34079.3 58727.8 57333.3 150140
1191000 34121 58721.7 57368.2 150211
1191500 34174 58725.1 57397.2 150296
1192000 34218.5 58707.8 57424.9 150351
1192500 34239.2 58685.9 57463.5 150389
1193000 34245.6 58693 57481.3 150420
1193500 34258 58727.2 57466.8 150452
1194000 34257.2 58742.7 57439.1 150439
1194500 34232.4 58783.8 57437.5 150454
1195000 34223.8 58798.3 57427.7 150450
1195500 34270.5 58803.6 57429.7 150504
1196000 34298 58805.7 57436.4 150540
1196500 34315.3 58787.4 57446.4 150549
1197000 34355.3 58762.4 57429.2 150547
1197500 34398.2 58759.5 57432.8 150591
1198000 34443.1 58755.8 57440 150639
1198500 34468 58778.9 57448 150695
1199000 34490.8 58799.6 57469.3 150760
1199500 34534.6 58808.3 57479.4 150822
1200000 34541.1 58807 57482.5 150831
1200500 34566.8 58797.2 57502.8 150867
1201000 34570.7 58763.3 57529.9 150864
1201500 34597.5 58743.8 57589.2 150930
1202000 34623.9 58750.2 57621.8 150996
1202500 34651.3 58767.5 57661.5 151080
1203000 34701.2 58816.9 57663.3 151181
1203500 34762 58875.7 57656.9 151295
1204000 34756.2 58905.2 57628.6 151290
1204500 34731.4 58942 57634.9 151308
1205000 34736.3 58965.3 57639.6 151341
1205500 34732.9 59015.5 57642.2 151391
1206000 34741.3 59106.2 57644.9 151492
1206500 34737.1 59121.5 57697.2 151556
1207000 34740.9 59156.4 57723.7 151621
1207500 34735.8 59161.7 57734.4 151632
1208000 34747.1 59174.7 57734.2 151656
1208500 34757.2 59210.8 57723.7 151692
1209000 34768.2 59255.7 57754.2 151778
1209500 34747.6 59318.2 57783.2 151849
1210000 34776 59320 57803.7 151900
1210500 34793.7 59330.9 57795.1 151920
1211000 34810.6 59353.1 57813.4 151977
1211500 34829.1 59413.9 57866.4 152109
1212000 34873.1 59438.8 57952.8 152265
1212500 34904.5 59457.5 58044.6 152407
1213000 34943.6 59495.2 58118.8 152558
1213500 34946.6 59525.8 58208.4 152681
1214000 34979.3 59562.5 58269.4 152811
1214500 35009.8 59563.5 58361 152934
1215000 35038.7 59525.1 58424.5 152988
1215500 35040.9 59500.7 58459.8 153001
1216000 35056.7 59479.5 58449.2 152985
1216500 35088.6 59482.9 58464.6 153036
1217000 35114.6 59476.1 58517 153108
1217500 35155.2 59489.7 58556.7 153202
1218000 35185.5 59460.1 58580.6 153226
1218500 35179.3 59453.8 58572.6 153206
1219000 35204.8 59463.8 58613.9 153283
1219500 35249.4 59456 58630.3 153336
1220000 35283.8 59451.5 58630.7 153366
1220500 35322 59414.6 58635.4 153372
1221000 35334.9 59420 58632.5 153387
1221500 35344.3 59468.5 58630.3 153443
1222000 35326.5 59527 58631 153484
1222500 35283.3 59583.9 58612.9 153480
1223000 35250.2 59604.7 58649.7 153505
1223500 35232.2 59643.5 58655.5 153531
1224000 35234.4 59650.9 58641.3 153527
1224500 35238.4 59643.8 58614.2 153496
1225000 35204.1 59622 58613.4 153440
1225500 35204.8 59671.1 58623.7 153500
1226000 35181.6 59735.9 58650.5 153568
1226500 35181.7 59765.5 58667.6 153615
1227000 35157.5 59745 58657.5 153560
1227500 35139.1 59755.7 58685.2 153580
1228000 35129.8 59785.7 58709.5 153625
1228500 35149.8 59827.6 58724.9 153702
1229000 35132.6 59837.5 58743.4 153713
1229500 35110.4 59878.5 58747.7 153737
1230000 35110.6 59922.2 58724.2 153757
1230500 35148.6 59974.1 58741.3 153864
1231000 35177.8 60042.4 58731.5 153952
1231500 35201.4 60109.4 58771.4 154082
1232000 35228.3 60162.5 58813.3 154204
1232500 35279.7 60167 58806.4 154253
1233000 35327.9 60173.8 58803.9 154306
1233500 35384.9 60195.5 58847.4 154428
1234000 35442.3 60230.1 58892.2 154565
1234500 35516.3 60238.6 58934 154689
1235000 35561.1 60269.5 58985.1 154816
1235500 35619 60311 59055.5 154985
1236000 35677.7 60348 59110.2 155136
1236500 35725.4 60369.4 59113.9 155209
1237000 35737.5 60422.2 59125.4 155285
1237500 35759.5 60427.5 59162.1 155349
1238000 35793 60455.2 59188.9 155437
1238500 35831.7 60469.2 59192.2 155493
1239000 35885.1 60491.5 59160 155537
1239500 35957.7 60535.8 59117.4 155611
1240000 36019.4 60552.7 59068.2 155640
1240500 36082.4 60554 59034.1 155671
1241000 36123.3 60530.7 59016.7 155671
1241500 36167.3 60521.5 59036.9 155726
1242000 36205.7 60551.6 59078 155835
1242500 36229.5 60562.8 59123.7 155916
1243000 36270.6 60566.7 59176 156013
1243500 36297.3 60584.2 59239.8 156121
1244000 36308.1 60594.2 59276.3 156179
1244500 36305.1 60602.3 59300.2 156208
1245000 36302.8 60582.3 59329.5 156215
1245500 36315.5 60605 59319.7 156240
1246000 36334.3 60625.5 59319.3 156279
1246500 36370.2 60648.5 59345.4 156364
1247000 36420.7 60645.4 59374.4 156440
1247500 36470.4 60676.9 59407 156554
1248000 36485.1 60736 59454.4 156676
1248500 36481.2 60797 59497 156775
1249000 36504.5 60849.9 59533.1 156887
1249500 36528.6 60853.6 59592.5 156975
1250000 36548.7 60919.2 59614.3 157082
1250500 36558.8 60967.7 59640 157167
1251000 36608.9 60986.7 59690 157286
1251500 36629.7 60994.8 59688.1 157313
1252000 36665.3 61013.1 59716.3 157395
1252500 36703.6 61032.7 59721.9 157458
1253000 36735.5 61045.9 59743.1 157525
1253500 36717.8 61094.4 59727 157539
1254000 36729.3 61133.9 59737 157600
1254500 36718.1 61172.9 59769.3 157660
1255000 36731.2 61206.6 59735.9 157674
1255500 36745.9 61227.4 59698 157671
1256000 36764.2 61192.8 59679.4 157636
1256500 36777.8 61207.6 59651.5 157637
1257000 36813.2 61217.6 59657.8 157689
1257500 36835.9 61201.3 59681.9 157719
1258000 36832.6 61152 59707.1 157692
1258500 36814.1 61131.4 59708.1 157654
1259000 36813.7 61164.7 59699.8 157678
1259500 36798 61189.9 59686.8 157675
1260000 36792.9 61215.9 59679.1 157688
1260500 36798.7 61217.2 59686.9 157703
1261000 36843.5 61270.4 59657.4 157771
1261500 36864.1 61349.2 59648.6 157862
1262000 36879.6 61434.3 59704.7 158019
1262500 36908.3 61481.8 59779.2 158169
1263000 36965.4 61540.5 59822 158328
1263500 37020.2 61590.5 59852 158463
1264000 37068.1 61626.3 59890 158584
1264500 37101.3 61674.1 59917 158692
1265000 37144.2 61688.5 59922.4 158755
1265500 37165.5 61723.3 59956.8 158846
1266000 37201.3 61782.2 60023.3 159007
1266500 37195.1 61810.9 60080.7 159087
1267000 37182.5 61831.1 60137.6 159151
1267500 37168.3 61855.7 60176 159200
1268000 37162.1 61870.4 60221.6 159254
1268500 37177.4 61860.9 60245.8 159284
1269000 37176.7 61915.5 60268 159360
1269500 37185 61978.4 60291.1 159454
1270000 37220.8 61997.9 60291.9 159511
1270500 37239 62049.4 60284.8 159573
1271000 37234.1 62095.3 60285.3 159615
1271500 37246.9 62166.7 60278.6 159692
1272000 37265.2 62186.2 60305.7 159757
1272500 37272.9 62250.5 60319.3 159843
1273000 37295 62273.4 60317.6 159886
1273500 37318.4 62276.7 60356 159951
1274000 37337.9 62279 60347.5 159964
1274500 37361.3 62275.8 60322.5 159960
1275000 37406.4 62300.7 60334.1 160041
1275500 37420.1 62265.5 60325.9 160012
1276000 37439.7 62248.4 60328.6 160017
1276500 37452.1 62226.6 60297.7 159976
1277000 37472.5 62175.1 60252.4 159900
1277500 37472.3 62141.6 60265.5 159879
1278000 37496.4 62098 60324.5 159919
1278500 37525.9 62077.7 60374.2 159978
1279000 37533 62084.7 60422.4 160040
1279500 37558.1 62098.1 60426.5 160083
1280000 37589.1 62141.7 60444.7 160175
1280500 37637.1 62187.2 60483.9 160308
1281000 37668.9 62255.7 60510.9 160435
1281500 37693.6 62316.5 60550.5 160561
1282000 37710.1 62361.7 60608.4 160680
1282500 37701.7 62369.4 60695.4 160767
1283000 37707.1 62427.3 60740.8 160875
1283500 37738.3 62492.3 60807.1 161038
1284000 37742.5 62493 60816 161052
1284500 37754.2 62554.7 60844.7 161154
1285000 37737.3 62641.1 60892.3 161271
1285500 37705.8 62739.5 60913 161358
1286000 37719.8 62862.7 60946.9 161529
1286500 37758 62962.5 60955.9 161676
1287000 37779.4 63057.9 60958.4 161796
1287500 37813.9 63168.2 61000.4 161982
1288000 37869.8 63264.8 60994.9 162129
1288500 37913.3 63350.7 60988.3 162252
1289000 37935.9 63395.3 61018 162349
1289500 37939.8 63408.7 61047.5 162396
1290000 37937.6 63465.7 61097.3 162501
1290500 37909.1 63511.1 61158 162578
1291000 37903.7 63524.2 61256.9 162685
1291500 37905.2 63569.5 61341.1 162816
1292000 37888.1 63581.8 61453.4 162923
1292500 37875.4 63596.1 61529.4 163001
1293000 37869.2 63589.5 61568 163027
1293500 37856.4 63555.5 61621.4 163033
1294000 37875.9 63541 61668.2 163085
1294500 37845.3 63552.9 61744 163142
1295000 37837.9 63533.7 61763.6 163135
1295500 37833.2 63528.7 61782.3 163144
1296000 37810.6 63533.4 61854.3 163198
1296500 37794.3 63560.8 61901 163256
1297000 37819.6 63589.3 61929.5 163338
1297500 37808.5 63586.2 61941.6 163336
1298000 37800.6 63596.8 61983.2 163381
1298500 37779.3 63596.9 62018 163394
1299000 37756.2 63612.8 62035.5 163405
1299500 37698.7 63601 62064.8 163364
1300000 37661.9 63611.2 62091.8 163365
1300500 37647.2 63646.8 62136.2 163430
1301000 37685.8 63652.6 62132.5 163471
1301500 37703.2 63652.4 62114.9 163470
1302000 37715.2 63692.2 62158.2 163566
1302500 37698.7 63725.8 62199.4 163624
1303000 37687.2 63754.7 62261.3 163703
1303500 37726.3 63731.9 62313.2 163771
1304000 37739.9 63703.7 62336.1 163780
1304500 37735.5 63688.2 62386 163810
1305000 37749 63659.3 62432 163840
1305500 37780.7 63653 62500.1 163934
1306000 37807.9 63637.7 62520.7 163966
1306500 37839.8 63638.6 62539.8 164018
1307000 37886.9 63669.4 62554.5 164111
1307500 37887.5 63694.7 62569.2 164151
1308000 37899.1 63742.7 62621.1 164263
1308500 37948.9 63789.7 62679.9 164418
1309000 37965.6 63809.2 62744.3 164519
1309500 37968.1 63848.1 62743.1 164559
1310000 37971.3 63853.3 62736.2 164561
1310500 37964.4 63830.4 62804.9 164600
1311000 37975.4 63835.9 62872.9 164684
1311500 37958.2 63898.2 62922.9 164779
1312000 37958.4 63897.6 62965.2 164821
1312500 38001.1 63903.9 63014 164919
1313000 38027.7 63901.5 63046.5 164976
1313500 38058 63919.6 63112 165090
1314000 38080.9 63966.6 63163.9 165211
1314500 38098.5 64027.9 63205.7 165332
1315000 38131.5 64084.4 63250.4 165466
1315500 38179 64160.3 63277.1 165616
1316000 38204 64212.2 63320 165736
1316500 38236 64228.3 63369.3 165834
1317000 38264.3 64308.1 63398.5 165971
1317500 38306.7 64360.7 63445.5 166113
1318000 38341.6 64404.6 63495 166241
1318500 38372.2 64471.2 63580 166423
1319000 38387.2 64498.8 63635.8 166522
1319500 38398.6 64529.7 63710.6 166639
1320000 38435.2 64558.5 63753.2 166747
1320500 38477.2 64582.7 63794.6 166854
1321000 38490.7 64646.2 63811.2 166948
1321500 38513.2 64714.6 63772.4 167000
1322000 38534.2 64785.1 63747 167066
1322500 38561 64856.6 63790.6 167208
1323000 38589.9 64881.4 63770.3 167242
1323500 38609.7 64904.3 63738.5 167253
1324000 38600.9 64913.2 63725.3 167239
1324500 38587.9 64960.2 63701.1 167249
1325000 38537.6 65011.7 63641.3 167191
1325500 38492.8 65018 63632.7 167144
1326000 38477.4 64945.9 63636 167059
1326500 38453.6 64925 63632.9 167011
1327000 38442.4 64927.2 63563 166933
1327500 38450 64938.2 63523.6 166912
1328000 38445.5 64942.4 63459.6 166847
1328500 38457 64946.4 63433.6 166837
1329000 38473.3 64951.1 63415.3 166840
1329500 38504 64946.2 63415.7 166866
1330000 38522.4 64928.3 63395.9 166847
1330500 38525.8 64898.7 63399.2 166824
1331000 38565.9 64900.7 63428.6 166895
1331500 38570.2 64932 63415.6 166918
1332000 38617.2 64938.8 63398.9 166955
1332500 38648.5 64945.8 63391.3 166986
1333000 38629.8 65024.2 63436.3 167090
1333500 38618.8 65071.6 63469.4 167160
1334000 38597.3 65080.2 63516.8 167194
1334500 38587.9 65098 63526.3 167212
1335000 38579.4 65104.2 63555.4 167239
1335500 38560.4 65081.9 63604.9 167247
1336000 38601.9 65099.6 63633.5 167335
1336500 38615.8 65122.5 63656 167394
1337000 38657.3 65089.9 63702 167449
1337500 38738.6 65071.4 63745.1 167555
1338000 38786.8 65043.1 63722.3 167552
1338500 38819.7 65052.6 63707.6 167580
1339000 38829.1 65053.9 63707.2 167590
1339500 38810.3 65080.1 63724.4 167615
1340000 38790.3 65133.5 63747.6 167671
1340500 38803.6 65174.8 63797.3 167776
1341000 38796.6 65235.4 63856.5 167888
1341500 38804 65299.8 63861.4 167965
1342000 38801.9 65376.5 63924.7 168103
1342500 38777.7 65435 63997 168210
1343000 38768.4 65496.7 64068.3 168333
1343500 38777.9 65538.6 64099.4 168416
1344000 38787.8 65567.6 64136.4 168492
1344500 38792.5 65565.7 64175.8 168534
1345000 38800 65573.2 64208.7 168582
1345500 38803.5 65573.9 64252.6 168630
1346000 38785.6 65578.3 64283.2 168647
1346500 38744.2 65552.1 64320 168616
1347000 38750.3 65502.1 64346.6 168599
1347500 38722.4 65462.8 64374.3 168559
1348000 38697.9 65426.8 64362.7 168487
1348500 38670.5 65390 64415.1 168476
1349000 38634.6 65337.6 64438.3 168410
1349500 38618.1 65297.4 64440 168355
1350000 38621.2 65271.1 64449 168341
1350500 38649.7 65271.9 64451.8 168373
1351000 38679.5 65243.5 64509 168432
1351500 38674.8 65242.3 64520.4 168437
1352000 38691.2 65284.7 64501.8 168478
1352500 38680.5 65332.1 64534.4 168547
1353000 38670.7 65371.4 64532.9 168575
1353500 38674.2 65387 64524.7 168586
1354000 38687.2 65397.9 64495.2 168580
1354500 38718 65416.5 64502.7 168637
1355000 38760.3 65427.7 64534.6 168723
1355500 38818.6 65444.7 64580.6 168844
1356000 38837.6 65466.4 64644 168948
1356500 38841.2 65427.9 64719.2 168988
1357000 38856.9 65432.1 64764.8 169054
1357500 38884 65434.8 64783.5 169102
1358000 38890.3 65464 64859.7 169214
1358500 38870.7 65498.7 64916.8 169286
1359000 38861.4 65517 64970.1 169349
1359500 38865.2 65529.4 64966 169361
1360000 38892.4 65565.1 65000.6 169458
1360500 38885.2 65578.2 64991.3 169455
1361000 38888.1 65579.6 64957.4 169425
1361500 38882 65612.7 64982.4 169477
1362000 38838.8 65640.9 64997.4 169477
1362500 38812.8 65685 65033.8 169532
1363000 38804.5 65748.6 65045.1 169598
1363500 38796.7 65784 65110.7 169691
1364000 38804.7 65826.4 65143.4 169774
1364500 38809.4 65885.9 65222.9 169918
1365000 38824.1 65930.4 65247.7 170002
1365500 38823 65985.4 65241 170049
1366000 38834.5 66039.9 65253.8 170128
1366500 38873.8 66045 65269.1 170188
1367000 38873 66049.8 65303.3 170226
1367500 38905 66085.3 65353.5 170344
1368000 38915.2 66126.2 65414.8 170456
1368500 38922.1 66115.2 65478.6 170516
1369000 38935.3 66102.2 65514.8 170552
1369500 38947.8 66091 65568.4 170607
1370000 38974.2 66096.8 65604.5 170676
1370500 38990.5 66113.1 65592.9 170697
1371000 38996.5 66114.3 65613.5 170724
1371500 39008.8 66128.1 65648.7 170786
1372000 39000.7 66132.7 65666.5 170800
1372500 39003.8 66152 65661.6 170817
1373000 38970.4 66146.3 65691.9 170809
1373500 38972.4 66146.7 65702.7 170822
1374000 38995.9 66143.2 65727.2 170866
1374500 39016.5 66132.2 65761.6 170910
1375000 39018.6 66111.6 65788.2 170918
1375500 39032.1 66129.8 65823.2 170985
1376000 39034.6 66109.6 65836 170980
1376500 39058.6 66137.9 65914.4 171111
1377000 39068.9 66129.4 65952.7 171151
1377500 39067.8 66112.8 65994.1 171175
1378000 39073.5 66098.4 65965 171137
1378500 39046.5 66097.7 65994.4 171139
1379000 39039.9 66092.6 66027.3 171160
1379500 39059.1 66062.1 66093.7 171215
1380000 39094.6 66043.1 66199.6 171337
1380500 39118.3 66033.7 66277.3 171429
1381000 39119.7 66017.9 66331.9 171470
1381500 39104.5 65996.6 66390.1 171491
1382000 39124.1 65988.2 66415.3 171528
1382500 39154.5 65964.8 66466.2 171586
1383000 39159.5 65950.3 66532.3 171642
1383500 39164.7 65937.7 66591.4 171694
1384000 39180.7 65931.7 66666.8 171779
1384500 39209.4 65936.4 66714.2 171860
1385000 39204.8 65963.6 66787.1 171955
1385500 39236.7 65993.2 66831.5 172061
1386000 39272.4 66053.5 66852.3 172178
1386500 39271.4 66052.6 66903.2 172227
1387000 39289.4 66103.3 66986.5 172379
1387500 39308.2 66164.8 67054.3 172527
1388000 39264.9 66194.2 67115.2 172574
1388500 39231.4 66241.7 67156.2 172629
1389000 39224 66238.6 67188 172650
1389500 39220.6 66218 67218.2 172657
1390000 39219.5 66191.8 67185.5 172597
1390500 39222 66214.5 67182.2 172619
1391000 39225.3 66216.7 67212.2 172654
1391500 39209.2 66227.7 67249.6 172686
1392000 39205.9 66238.5 67266.4 172711
1392500 39214 66203.8 67284.2 172702
1393000 39254 66205.3 67296.3 172756
1393500 39272.3 66238 67307.6 172818
1394000 39285.4 66283.4 67306.9 172876
1394500 39308.2 66315 67294.8 172918
1395000 39340.1 66312.6 67321.6 172974
1395500 39387.7 66350.7 67319.8 173058
1396000 39415.9 66382.2 67340.1 173138
1396500 39447.9 66451.3 67299 173198
1397000 39483.3 66479.4 67298.3 173261
1397500 39523.9 66487.5 67298.8 173310
1398000 39550.4 66484.3 67305.3 173340
1398500 39569.8 66493.9 67278.1 173342
1399000 39581.6 66507.9 67324.7 173414
1399500 39575.3 66541.4 67382.5 173499
1400000 39546.1 66596.5 67429.6 173572
1400500 39530.7 66638.9 67442 173612
1401000 39533 66686.7 67440.2 173660
1401500 39515.9 66711.8 67430 173658
1402000 39513.3 66746.6 67424.9 173685
1402500 39533 66761.5 67420.1 173715
1403000 39540.3 66774.4 67402.8 173717
1403500 39550.2 66798.4 67395.4 173744
1404000 39580.5 66813.8 67360.1 173754
1404500 39594 66813.6 67390 173798
1405000 39604.2 66810.2 67424.8 173839
1405500 39634.4 66834.9 67447 173916
1406000 39670.6 66843.3 67425.5 173939
1406500 39659.5 66846 67393.7 173899
1407000 39704 66894.5 67352.1 173951
1407500 39713.7 66912.5 67331.9 173958
1408000 39736.4 66933.5 67312.3 173982
1408500 39755.2 66954.4 67299.5 174009
1409000 39755.5 66958.5 67257.1 173971
1409500 39770.8 66945.6 67220.4 173937
1410000 39778.9 66973.6 67212.5 173965
1410500 39803.5 67012.5 67216.9 174033
1411000 39833.6 67019.5 67251.7 174105
1411500 39829.3 67060.6 67252.5 174143
1412000 39835.9 67114.3 67229.9 174180
1412500 39855 67110.3 67197.5 174163
1413000 39847.3 67133.3 67209.4 174190
1413500 39844.8 67152.8 67214.7 174212
1414000 39885.7 67154 67258.6 174298
1414500 39907.7 67159.6 67290.2 174358
1415000 39950.6 67159.2 67366.8 174477
1415500 39985 67172.6 67372.7 174530
1416000 40009.2 67193 67375.7 174578
1416500 40031.9 67189 67441 174662
1417000 40051.1 67204.4 67429.7 174685
1417500 40106.4 67214.6 67451.9 174773
1418000 40117.4 67219 67507.4 174844
1418500 40168.7 67195.7 67606.6 174971
1419000 40162.6 67154.1 67664.5 174981
1419500 40189.4 67153.6 67678.4 175021
1420000 40183.3 67127.9 67685.3 174997
1420500 40183.9 67146.9 67728.4 175059
1421000 40185 67174.5 67753.3 175113
1421500 40203.5 67175.4 67773.9 175153
1422000 40227.4 67195.5 67812.3 175235
1422500 40255.9 67206 67845.2 175307
1423000 40284.5 67190.5 67924.9 175400
1423500 40333.7 67184.8 67929.8 175448
1424000 40367.4 67203.2 67947 175518
1424500 40419 67162.2 68016.5 175598
1425000 40479.5 67169 68044.8 175693
1425500 40515.8 67203.9 68038.5 175758
1426000 40521.7 67242.4 68052.9 175817
1426500 40529.8 67303.9 68088 175922
1427000 40504.4 67379.3 68168 176052
1427500 40484.6 67425.3 68243.6 176154
1428000 40535.9 67449.6 68290.8 176276
1428500 40561.5 67430.1 68336.8 176328
1429000 40567.4 67418.8 68363.1 176349
1429500 40573.4 67378.4 68400.6 176352
1430000 40579.7 67321.5 68449.4 176351
1430500 40591.1 67269.1 68500 176360
1431000 40590.7 67258.1 68530.4 176379
1431500 40619.1 67225.7 68549.8 176395
1432000 40652.3 67212.1 68556.4 176421
1432500 40659.7 67207.6 68555.7 176423
1433000 40638.2 67219.5 68536.1 176394
1433500 40629.8 67214.7 68538.1 176383
1434000 40648.2 67224.1 68529.9 176402
1434500 40630.8 67207.4 68515.9 176354
1435000 40619.9 67192.3 68472.7 176285
1435500 40629.9 67176.1 68434.7 176241
1436000 40669.3 67157.3 68381.4 176208
1436500 40678 67137.3 68352.6 176168
1437000 40678.4 67113.8 68334.5 176127
1437500 40668.3 67102.6 68303.9 176075
1438000 40681.9 67102.9 68239.7 176025
1438500 40719.4 67095.6 68209.6 176025
1439000 40756.4 67086.1 68218.4 176061
1439500 40771.4 67065.1 68243.8 176080
1440000 40791.2 67073.8 68286.5 176152
1440500 40846.1 67088.1 68321.9 176256
1441000 40858 67088.8 68347.5 176294
1441500 40863.6 67079.3 68325.4 176268
1442000 40856.5 67094.9 68339.3 176291
1442500 40869.9 67088.6 68367.8 176326
1443000 40885.4 67130.9 68385.5 176402
1443500 40885.7 67180.9 68374.6 176441
1444000 40902.9 67224.4 68370.4 176498
1444500 40947.9 67265.3 68370.2 176583
1445000 41020.1 67351.9 68363.2 176735
1445500 41058.2 67438.7 68361.8 176859
1446000 41093.5 67496.1 68420.4 177010
1446500 41132.5 67517.7 68462 177112
1447000 41159.6 67501.8 68480.4 177142
1447500 41203.5 67511.8 68496.3 177212
1448000 41226 67546.6 68510.1 177283
1448500 41237.6 67513.3 68489.4 177240
1449000 41243.9 67543.6 68500.4 177288
1449500 41271.4 67612.4 68487.7 177372
1450000 41309.6 67667.7 68507.2 177484
1450500 41344.4 67687.8 68496.2 177528
1451000 41385 67713.4 68500.1 177599
1451500 41444 67735.4 68525 177704
1452000 41438.8 67777.4 68562.9 177779
1452500 41460.6 67811.4 68624 177896
1453000 41486.9 67909.2 68735.5 178132
1453500 41526.1 67985.2 68772.1 178283
1454000 41608.3 68022 68827.4 178458
1454500 41703.4 68095 68879.2 178678
1455000 41755.1 68146.2 68943.2 178844
1455500 41827 68246.9 68978.8 179053
1456000 41898.7 68333.3 68992.4 179224
1456500 41960.1 68391.1 69008.7 179360
1457000 42033.3 68415.9 69031.4 179481
1457500 42066.4 68419.1 69055.1 179541
1458000 42109.9 68482.2 69119.8 179712
1458500 42143 68551.3 69166.3 179861
1459000 42156.4 68576.4 69201.5 179934
1459500 42167.1 68579.2 69227.1 179973
1460000 42186.9 68596 69217.6 180000
1460500 42192.6 68611.9 69223 180028
1461000 42217.1 68648.5 69276 180142
1461500 42224.6 68703.2 69276.7 180205
1462000 42231.3 68728.4 69285.4 180245
1462500 42283.9 68742.7 69262.8 180289
1463000 42318.6 68805 69255.9 180379
1463500 42363.6 68836.5 69279.2 180479
1464000 42414.9 68867.9 69357.3 180640
1464500 42443.2 68906.1 69386.6 180736
1465000 42474.4 68887.9 69447.9 180810
1465500 42478.2 68840.5 69516 180835
1466000 42495.1 68780.6 69531.4 180807
1466500 42500.7 68741 69522.8 180764
1467000 42476.6 68724.4 69504.3 180705
1467500 42489 68716.5 69523.9 180729
1468000 42493 68724.4 69556.6 180774
1468500 42496 68718.1 69583.9 180798
1469000 42509.9 68696.7 69603.4 180810
1469500 42482.3 68710.6 69617.9 180811
1470000 42462.3 68728.2 69648.9 180839
1470500 42484 68759 69710.8 180954
1471000 42472.8 68801.9 69699.2 180974
1471500 42519.9 68868.1 69678.9 181067
1472000 42528.3 68938 69678.1 181144
1472500 42559.5 68982.6 69680.6 181223
1473000 42563.5 69015.3 69722.8 181302
1473500 42560.9 69088.4 69765.1 181414
1474000 42578.1 69084.8 69799.4 181462
1474500 42592.5 69051.2 69776.5 181420
1475000 42595.2 69058.4 69869.1 181523
1475500 42589.1 69074.3 69919.2 181583
1476000 42574.4 69134.8 69926.4 181636
1476500 42564.2 69166.4 69963.2 181694
1477000 42624 69191.1 70007.1 181822
1477500 42676.9 69232.6 70041.4 181951
1478000 42664.2 69279.7 70083.1 182027
1478500 42661.5 69291.5 70107 182060
1479000 42678 69288.8 70145.8 182113
1479500 42680.3 69294.3 70173.3 182148
1480000 42664.4 69308.6 70222.4 182195
1480500 42641.5 69313.6 70247.9 182203
1481000 42658.5 69318.4 70251.8 182229
1481500 42679.2 69279.3 70275.1 182234
1482000 42702 69270.6 70329.2 182302
1482500 42730.8 69283.1 70393.5 182407
1483000 42733.2 69310.9 70418.4 182463
1483500 42714.8 69358.4 70452.1 182525
1484000 42652.6 69368 70456.8 182477
1484500 42608.5 69382.1 70434.1 182425
1485000 42561.2 69420.1 70437.2 182418
1485500 42544 69438.4 70479.3 182462
1486000 42555.1 69480.6 70473.5 182509
1486500 42487 69530.9 70494.1 182512
1487000 42441.8 69594 70543.2 182579
1487500 42442.8 69657.8 70573.3 182674
1488000 42448.5 69701.7 70582.8 182733
1488500 42441.3 69731.3 70637.8 182810
1489000 42443.6 69786.7 70699.1 182929
1489500 42483.1 69774.1 70719.5 182977
1490000 42535.9 69829.2 70748.8 183114
1490500 42576.3 69830.9 70783.3 183190
1491000 42601.4 69836.6 70839.2 183277
1491500 42585.7 69859.2 70901.4 183346
1492000 42608.9 69873.5 70987.6 183470
1492500 42617.7 69942.6 71024.3 183585
1493000 42652.4 69987.9 71078.1 183718
1493500 42698.3 70018 71109.7 183826
1494000 42723 70071.1 71118.8 183913
1494500 42733.4 70123.1 71149.8 184006
1495000 42722.9 70192.4 71189.4 184105
1495500 42717.6 70227.9 71203.6 184149
1496000 42687.6 70267.6 71196.4 184152
1496500 42661.8 70304.2 71223.9 184190
1497000 42659.9 70331.6 71249.8 184241
1497500 42634.4 70436.7 71265.8 184337
1498000 42652.7 70542.2 71280 184475
1498500 42660.2 70636 71347 184643
1499000 42655.6 70726.1 71407.3 184789
1499500 42655 70837.5 71496.6 184989
1500000 42668.6 70895.5 71561.3 185125
1500500 42685.3 70973.6 71581.2 185240
1501000 42677.2 71025.3 71637.4 185340
1501500 42676.9 71028.8 71686.7 185392
1502000 42698.9 71024.1 71697.4 185420
1502500 42733.5 71046.7 71748 185528
1503000 42769.9 71030.9 71762.1 185563
1503500 42789.6 71046.8 71777.4 185614
1504000 42800.6 71064.9 71836 185701
1504500 42808.1 71088.2 71877.7 185774
1505000 42818 71148 71907.4 185873
1505500 42817.4 71149.9 71953.8 185921
1506000 42837.7 71183.5 72038.8 186060
1506500 42893.5 71151.8 72093.8 186139
1507000 42934.1 71168.9 72143.1 186246
1507500 42967 71138.4 72190.1 186295
1508000 42994 71109.2 72193 186296
1508500 43030.9 71102.3 72197.2 186330
1509000 43073.7 71116 72202.3 186392
1509500 43117.3 71142.1 72219.2 186479
1510000 43171.9 71176.5 72248 186596
1510500 43263.4 71221.1 72287.8 186772
1511000 43366.4 71273.8 72329.1 186969
1511500 43456.3 71307.7 72346.3 187110
1512000 43530.9 71362.1 72362.5 187256
1512500 43600.1 71400.2 72397.6 187398
1513000 43643.1 71462.9 72416 187522
1513500 43677.7 71475.7 72421.7 187575
1514000 43669.3 71505.3 72425.5 187600
1514500 43696 71526.7 72416.2 187639
1515000 43717.1 71537.3 72425.6 187680
1515500 43737.5 71546.5 72472.3 187756
1516000 43738.8 71588.8 72472.3 187800
1516500 43721.8 71672.3 72448.1 187842
1517000 43706.8 71768.4 72467.8 187943
1517500 43697.1 71898.3 72455.4 188051
1518000 43694.7 72031.3 72459 188185
1518500 43709.8 72091.7 72445.8 188247
1519000 43697.1 72086.8 72488.9 188273
1519500 43698.8 72062.4 72565.6 188327
1520000 43685.9 72034.3 72615.5 188336
1520500 43695.2 72029.6 72605.8 188331
1521000 43701.7 72024.6 72602.2 188329
1521500 43685.3 72050.9 72639 188375
1522000 43660.4 72061.7 72638 188360
1522500 43643.5 72117.7 72603 188364
1523000 43613.6 72129.9 72557 188301
1523500 43611 72150.4 72519.6 188281
1524000 43643.7 72166.7 72569.4 188380
1524500 43661.7 72204.8 72595.9 188462
1525000 43678.3 72215.8 72594.8 188489
1525500 43674 72225 72623.6 188523
1526000 43693.2 72246.6 72640.9 188581
1526500 43729.8 72251.1 72672.3 188653
1527000 43755.8 72294.4 72642.9 188693
1527500 43824.5 72334.9 72590.5 188750
1528000 43853.3 72324.2 72563.3 188741
1528500 43863.2 72346.1 72549.7 188759
1529000 43868.7 72367.2 72526.5 188762
1529500 43859.4 72413.8 72524.1 188797
1530000 43889.3 72462 72532.4 188884
1530500 43892.5 72512.2 72542.9 188948
1531000 43900.8 72560.2 72512.3 188973
1531500 43912.2 72521.5 72497.7 188931
1532000 43918.8 72489.8 72519.3 188928
1532500 43939.7 72500.8 72569.1 189010
1533000 43930.4 72519.7 72621.4 189072
1533500 43931.8 72552.4 72692 189176
1534000 43952.9 72554.5 72743.8 189251
1534500 43982.8 72576.1 72750.9 189310
1535000 44020.8 72590.7 72749.5 189361
1535500 44040.2 72607.5 72784.6 189432
1536000 44073.3 72643.6 72798.9 189516
1536500 44075.5 72599.2 72818.7 189493
1537000 44100.1 72605.2 72816.4 189522
1537500 44127.4 72616.9 72817.3 189562
1538000 44172 72626 72861.9 189660
1538500 44253.5 72630.9 72905 189789
1539000 44304.7 72655.4 72945 189905
1539500 44340.9 72658.3 72965.9 189965
1540000 44370.8 72663.7 72973.1 190008
1540500 44392 72640.9 72943.8 189977
1541000 44441.1 72628.1 72955.5 190025
1541500 44493.2 72606.5 72935.3 190035
1542000 44516 72590.9 72908.8 190016
1542500 44508.4 72636.3 72910.9 190056
1543000 44508 72644.5 72970.8 190123
1543500 44523.5 72698.3 73060.7 190283
1544000 44517 72700.6 73077.4 190295
1544500 44524.5 72702.5 73110.9 190338
1545000 44548.7 72722.4 73118.5 190390
1545500 44574 72786.6 73173.1 190534
1546000 44592.4 72821.6 73211.8 190626
1546500 44593.2 72883.8 73254.9 190732
1547000 44611.1 72939 73295.8 190846
1547500 44642.2 72981.6 73326.1 190950
1548000 44636 73018.1 73359.1 191013
1548500 44660.4 73073.5 73404.5 191138
1549000 44666.8 73113.1 73457.9 191238
1549500 44699 73146.7 73508.9 191355
1550000 44723.4 73154.9 73572.4 191451
1550500 44751.7 73191.5 73658.2 191601
1551000 44808.6 73239.8 73769.8 191818
1551500 44838.7 73286.7 73854.4 191980
1552000 44875.9 73346.5 73914.5 192137
1552500 44893.9 73406.1 73957.2 192257
1553000 44908.3 73455.5 73999.5 192363
1553500 44968 73460.9 74066.5 192495
1554000 45009.7 73473.5 74098 192581
1554500 45007.9 73482.2 74104 192594
1555000 45022.9 73471.7 74125.6 192620
1555500 45048.5 73469.1 74173.2 192691
1556000 45070.3 73489.1 74226.4 192786
1556500 45129.3 73516.3 74255.8 192901
1557000 45191.8 73559.9 74289.3 193041
1557500 45239.2 73596.1 74291.7 193127
1558000 45280.7 73626.4 74304.2 193211
1558500 45306.2 73705.7 74372.5 193384
1559000 45309.1 73750.1 74438.5 193498
1559500 45338.4 73775.9 74448.9 193563
1560000 45346.2 73796.2 74464.7 193607
1560500 45353.7 73818.5 74535.8 193708
1561000 45345.6 73795.3 74599.3 193740
1561500 45369.2 73786.5 74643.7 193799
1562000 45370.6 73794.4 74719.2 193884
1562500 45357.1 73777.8 74757.2 193892
1563000 45388.4 73807.5 74799.5 193995
1563500 45441.1 73839.2 74833.5 194114
1564000 45440.2 73824.4 74883.5 194148
1564500 45436.7 73822.3 74949.1 194208
1565000 45433.1 73835.7 74983.9 194253
1565500 45438.7 73864.9 75041.8 194345
1566000 45414.7 73879 75082.3 194376
1566500 45402.7 73907.6 75083.3 194394
1567000 45387.7 73929.1 75087.9 194405
1567500 45402 73918.3 75107.9 194428
1568000 45404.1 73890 75131 194425
1568500 45417.5 73872.3 75160.5 194450
1569000 45428.3 73883.6 75199.1 194511
1569500 45421.3 73922.9 75192.1 194536
1570000 45412.4 73990.1 75249.9 194652
1570500 45430.1 74134.6 75321.1 194886
1571000 45427.6 74229.5 75359 195016
1571500 45434 74318.6 75421.1 195174
1572000 45455.7 74393 75423.1 195272
1572500 45491.1 74422.8 75458.3 195372
1573000 45510.9 74496.6 75518.6 195526
1573500 45464.6 74565 75515 195545
1574000 45433.9 74603 75536.2 195573
1574500 45418.9 74581 75557 195557
1575000 45363.3 74600.6 75605.1 195569
1575500 45315.5 74614.8 75659.1 195589
1576000 45277.9 74613.9 75714.9 195607
1576500 45242.8 74592.2 75775 195610
1577000 45233.4 74549.5 75812.3 195595
1577500 45253.3 74541.8 75818.4 195613
1578000 45272.1 74556.6 75824.6 195653
1578500 45294.4 74601.1 75834.1 195729
1579000 45312.7 74664.8 75805.7 195783
1579500 45330.8 74699.4 75813.7 195844
1580000 45373.7 74702.9 75807.4 195884
1580500 45417.7 74718.5 75801.2 195937
1581000 45456.1 74699.9 75827.9 195984
1581500 45523.3 74673.3 75785.7 195982
1582000 45546.3 74631.3 75746.9 195924
1582500 45566.6 74585.7 75752.2 195905
1583000 45596.9 74559.6 75772.5 195929
1583500 45647 74533.4 75816.8 195997
1584000 45725.9 74527.2 75860 196113
1584500 45749.6 74526.5 75902.3 196178
1585000 45780.3 74518.1 75908.8 196207
1585500 45832 74527.8 75905.7 196265
1586000 45898.6 74578.6 75864.2 196341
1586500 45930.9 74630.3 75886.8 196448
1587000 45973.7 74690.4 75922.2 196586
1587500 45984.6 74741.8 75899.1 196625
1588000 46009.7 74761.7 75891.7 196663
1588500 46014.5 74779.2 75923.8 196717
1589000 46023.4 74820.6 75932.7 196777
1589500 46035.3 74847 75970.1 196852
1590000 46083.8 74846.4 75976.7 196907
1590500 46083.8 74860.9 76059.5 197004
1591000 46079.3 74860.6 76108.8 197049
1591500 46093.9 74909 76156.9 197160
1592000 46081.9 74998.8 76174.2 197255
1592500 46050.4 75061.3 76170 197282
1593000 46056.6 75090.6 76173.1 197320
1593500 46101.9 75066.6 76149.1 197318
1594000 46154.8 75087.6 76125.2 197368
1594500 46217.6 75066.2 76135.8 197420
1595000 46247.2 75067.9 76118 197433
1595500 46270.8 75094.2 76148.3 197513
1596000 46298.1 75118.5 76187 197604
1596500 46353.2 75115.7 76234.7 197704
1597000 46374.9 75105.1 76291.9 197772
1597500 46353.4 75059.7 76376.7 197790
1598000 46363.2 75043.8 76446 197853
1598500 46342.2 75040.9 76540.6 197924
1599000 46320.6 75076.4 76577.6 197975
1599500 46281.1 75157.9 76618.4 198057
1600000 46267.6 75229.6 76694.1 198191
1600500 46293.7 75245.3 76740.3 198279
1601000 46316.6 75285.9 76737.8 198340
1601500 46308.7 75335.5 76792 198436
1602000 46325.8 75364.5 76812.5 198503
1602500 46328.2 75376.8 76860.4 198565
1603000 46360 75397.6 76895.3 198653
1603500 46379.6 75436.1 76982.5 198798
1604000 46398.8 75465.4 77047.7 198912
1604500 46433.5 75539 77089 199062
1605000 46490.7 75595.5 77095.7 199182
1605500 46549.8 75662.5 77132.9 199345
1606000 46577 75708.6 77163.3 199449
1606500 46572 75729.7 77194.1 199496
1607000 46556.2 75715.6 77249.3 199521
1607500 46550.1 75745.2 77284.5 199580
1608000 46546.9 75782.9 77277.9 199608
1608500 46545.8 75816 77296.6 199658
1609000 46597.6 75846.5 77388.4 199832
1609500 46653.5 75875 77413.1 199942
1610000 46659.6 75869.1 77464.4 199993
1610500 46651.6 75847.7 77510.2 200010
1611000 46671.4 75859.3 77558.4 200089
1611500 46662.7 75863.5 77632.2 200158
1612000 46669.5 75864.6 77656.8 200191
1612500 46669.7 75879.6 77682.8 200232
1613000 46688.5 75839.1 77752.2 200280
1613500 46700.8 75812.9 77802.5 200316
1614000 46678.5 75807.9 77819.7 200306
1614500 46722.8 75776.5 77813.5 200313
1615000 46731.1 75762.7 77867.3 200361
1615500 46761.7 75807 77889 200458
1616000 46795.1 75845.6 77937.3 200578
1616500 46779.6 75891 78046.6 200717
1617000 46759.2 75940.1 78138.6 200838
1617500 46779.4 75944.1 78227.8 200951
1618000 46760.9 75907.6 78251 200920
1618500 46761.3 75851.4 78261.3 200874
1619000 46774.3 75849 78275.6 200899
1619500 46793.3 75872.9 78339.2 201005
1620000 46806.8 75894.9 78323.8 201025
1620500 46803.6 75893.9 78315.8 201013
1621000 46841.4 75841.2 78340.5 201023
1621500 46857.9 75852.4 78385 201095
1622000 46909.9 75866.3 78393.7 201170
1622500 46919.4 75864 78435.1 201218
1623000 46945 75845.3 78481.1 201271
1623500 46954.5 75881 78533 201369
1624000 46971.7 75921.3 78575.8 201469
1624500 47000.9 75958.6 78622.8 201582
1625000 47022.2 75967.6 78653 201643
1625500 47061.1 75990.3 78710.6 201762
1626000 47088.2 76021.3 78729.8 201839
1626500 47101.9 76074.8 78766.3 201943
1627000 47077.3 76085.9 78767.9 201931
1627500 47075.1 76121.3 78760.2 201957
1628000 47067.9 76093.3 78757.3 201918
1628500 47108.1 76065.5 78794.4 201968
1629000 47151.4 76089.5 78826 202067
1629500 47150.2 76150.4 78868.5 202169
1630000 47155.8 76141.2 78898.2 202195
1630500 47128.2 76151.7 78949.7 202230
1631000 47111.7 76157.6 79021.5 202291
1631500 47099.6 76123.1 79054.9 202278
1632000 47115.7 76074.4 79123.5 202314
1632500 47118.4 76079.9 79170.8 202369
1633000 47131.9 76116.9 79241.4 202490
1633500 47159 76147.9 79295.8 202603
1634000 47174.6 76192.3 79309.7 202677
1634500 47218.7 76223.5 79317.3 202760
1635000 47267.7 76263.5 79363.5 202895
1635500 47275 76318 79443.9 203037
1636000 47331.7 76355.5 79511.9 203199
1636500 47362.6 76386.4 79558.3 203307
1637000 47415.7 76411.4 79594.4 203422
1637500 47487.2 76447.2 79624.8 203559
1638000 47564.1 76440.3 79646.7 203651
1638500 47649.6 76482 79695.4 203827
1639000 47725.8 76466.8 79749.4 203942
1639500 47750.4 76487.1 79791.7 204029
1640000 47733.3 76475.9 79838 204047
1640500 47738.7 76456.7 79886.2 204082
1641000 47752.3 76443 79884.5 204080
1641500 47762 76426.8 79896.4 204085
1642000 47758.9 76430 79924.5 204113
1642500 47773.8 76473.4 79936.1 204183
1643000 47761.8 76453.8 79910.2 204126
1643500 47765.3 76471.6 79889.1 204126
1644000 47776.5 76506.3 79903.2 204186
1644500 47761.7 76538.9 79960.3 204261
1645000 47796.9 76569.8 79948.4 204315
1645500 47801.6 76616.9 79945 204363
1646000 47827.1 76643.8 79971.9 204443
1646500 47856.8 76706.8 79982.2 204546
1647000 47820.7 76708.7 79969.3 204499
1647500 47818.5 76741.5 80000.9 204561
1648000 47808.6 76815.2 79997.9 204622
1648500 47788.1 76880 79981.2 204649
1649000 47773.3 76899.7 79987.3 204660
1649500 47736.5 76947.3 79997.5 204681
1650000 47726.6 76977.1 80023.8 204727
1650500 47708.1 77033.3 80031.5 204773
1651000 47703.7 77038.2 80084.4 204826
1651500 47703.3 77056.3 80147.9 204907
1652000 47683 77079.1 80165.7 204928
1652500 47677.9 77091.9 80206.9 204977
1653000 47682.1 77145.3 80203.7 205031
1653500 47699.9 77191.3 80168 205059
1654000 47741.6 77241.5 80150.7 205134
1654500 47786.4 77265.3 80123.7 205175
1655000 47802.3 77305.2 80116.4 205224
1655500 47841 77362.9 80134.9 205339
1656000 47913.1 77439.5 80142.4 205495
1656500 47939 77463.3 80162.4 205565
1657000 47962.9 77486.1 80125.7 205575
1657500 47989.2 77477.1 80106.4 205573
1658000 48003.7 77472.1 80109.4 205585
1658500 48027.2 77528.5 80149.3 205705
1659000 48004.7 77554.5 80166.7 205726
1659500 48037.3 77550.2 80185.4 205773
1660000 48056.8 77586.9 80210.5 205854
1660500 48060.5 77650.9 80280.6 205992
1661000 48014.2 77718.9 80338.6 206072
1661500 47982.9 77716.3 80357.3 206056
1662000 47968.3 77673.3 80405.3 206047
1662500 47959.7 77680.4 80472 206112
1663000 47935.8 77697.9 80530.9 206165
1663500 47954.7 77756.7 80542.8 206254
1664000 47972.9 77756.1 80573.7 206303
1664500 48001.1 77714.5 80519.8 206235
1665000 48017.4 77699.3 80490.6 206207
1665500 48016.1 77707 80495.2 206218
1666000 48034.5 77748.3 80492.3 206275
1666500 48075.4 77816.5 80473.6 206365
1667000 48041 77881.7 80479.8 206402
1667500 48033.9 77951.2 80476.3 206461
1668000 48040.2 78012.2 80532.1 206585
1668500 48077.4 78081.9 80619.3 206779
1669000 48082.2 78141.2 80703 206926
1669500 48088.1 78237.9 80785 207111
1670000 48127.4 78291.5 80879.6 207299
1670500 48176.3 78303.9 80973.3 207453
1671000 48198.1 78337.8 81077.6 207613
1671500 48198.2 78380.5 81146.7 207725
1672000 48225.5 78433.6 81175.9 207835
1672500 48229.6 78496.9 81194.9 207921
1673000 48230.6 78516.8 81216.6 207964
1673500 48228.1 78532 81257.3 208017
1674000 48243.8 78563.4 81285.7 208093
1674500 48263.3 78593.1 81269.2 208126
1675000 48246.8 78661.2 81291.8 208200
1675500 48243.1 78732.6 81312.5 208288
1676000 48278 78776.5 81350.8 208405
1676500 48269.7 78846.6 81379.3 208496
1677000 48237.3 78948.5 81421.8 208608
1677500 48245.3 79026.3 81512.6 208784
1678000 48231.8 79090.4 81622.5 208945
1678500 48219.7 79140.1 81666.3 209026
1679000 48219 79172.3 81697.8 209089
1679500 48228.4 79174.2 81710.7 209113
1680000 48226.3 79199.4 81728.5 209154
1680500 48264.3 79214.9 81801.3 209281
1681000 48265.3 79215.5 81785.3 209266
1681500 48262.6 79237.4 81774.9 209275
1682000 48229.5 79268.5 81780.3 209278
1682500 48191.6 79305.3 81783.9 209281
1683000 48186.6 79354 81818.3 209359
1683500 48163.2 79379.7 81853.3 209396
1684000 48159.7 79400.9 81879.8 209440
1684500 48179.3 79464.7 81876.6 209521
1685000 48202.6 79468.1 81891.2 209562
1685500 48227.5 79509.9 81956.1 209693
1686000 48226.5 79555.7 82014.1 209796
1686500 48220.5 79572.9 82081.9 209875
1687000 48218.8 79561.9 82133.8 209914
1687500 48236.6 79609.8 82141.4 209988
1688000 48202.2 79616.7 82183.6 210002
1688500 48158.9 79656.9 82200 210016
1689000 48134.5 79708.6 82212.9 210056
1689500 48115.1 79754 82228.6 210098
1690000 48114.2 79799.7 82256.5 210170
1690500 48138.1 79864.3 82297.5 210300
1691000 48171.1 79958.5 82302.1 210432
1691500 48212.1 80022.3 82387.7 210622
1692000 48279.1 80094.1 82368.4 210742
1692500 48314.4 80119.5 82367.1 210801
1693000 48339.9 80152.6 82412.6 210905
1693500 48360.3 80216.1 82415.3 210992
1694000 48395.9 80256.2 82445.9 211098
1694500 48435.3 80287 82431.8 211154
1695000 48482.3 80326 82406.5 211215
1695500 48533 80319.5 82414.9 211267
1696000 48594.6 80360.2 82405.1 211360
1696500 48618.2 80397.7 82395.7 211412
1697000 48607.3 80408.6 82355.6 211371
1697500 48588.1 80474.5 82359.1 211422
1698000 48603.2 80556.5 82338.2 211498
1698500 48634.1 80603.8 82384.9 211623
1699000 48642 80674.6 82419 211736
1699500 48661.5 80735.6 82423 211820
1700000 48704.6 80783.2 82439.5 211927
1700500 48758.2 80795.7 82427.7 211982
1701000 48819.4 80778.4 82402.7 212001
1701500 48884 80795.3 82410.7 212090
1702000 48911.2 80864.1 82464.6 212240
1702500 48960.6 80950.4 82509.9 212421
1703000 48975 81009.9 82536.4 212521
1703500 49011.3 81024.6 82561.9 212598
1704000 49072.4 81032.4 82579.7 212685
1704500 49129.7 81032.2 82618.8 212781
1705000 49171.8 80984.9 82652.1 212809
1705500 49217.5 81033.5 82686.6 212938
1706000 49212.8 81007 82736.9 212957
1706500 49217 80979.7 82844.4 213041
1707000 49232.5 80973.3 82925.7 213131
1707500 49250.9 80927.6 82986.1 213165
1708000 49213.9 80923.9 83025.5 213163
1708500 49196.9 80923.5 83032.6 213153
1709000 49184.9 80929.2 83042.8 213157
1709500 49171.7 80914.6 83027.8 213114
1710000 49142.3 80906.3 83013.2 213062
1710500 49119 80894.2 82974.8 212988
1711000 49079.7 80877.8 82972.6 212930
1711500 49078.8 80899.3 82970.3 212948
1712000 49103.5 80921.8 83014.9 213040
1712500 49111.8 80947 83078 213137
1713000 49137.1 80984.9 83103.6 213226
1713500 49149.9 81019.3 83108.6 213278
1714000 49186.8 81043.4 83131.3 213362
1714500 49200 81051.5 83169.7 213421
1715000 49225.4 81067.7 83165.3 213458
1715500 49241.2 81056.2 83192.4 213490
1716000 49251.8 81078.4 83201.5 213532
1716500 49277.9 81123.3 83219.7 213621
1717000 49308.1 81177.6 83310 213796
1717500 49322.2 81206 83361.6 213890
1718000 49333.3 81241.3 83417 213992
1718500 49370.2 81253.7 83431.6 214056
1719000 49382.5 81319.1 83467 214169
1719500 49408.6 81337.5 83534.8 214281
1720000 49403.3 81380.4 83610.6 214394
1720500 49388 81396.2 83627.4 214412
1721000 49394.9 81393.2 83620.8 214409
1721500 49374.5 81390.2 83627.1 214392
1722000 49384.1 81386.6 83646.7 214417
1722500 49398.6 81441.6 83681 214521
1723000 49421.1 81483.8 83666 214571
1723500 49447.9 81495.9 83654.7 214599
1724000 49455.8 81411.7 83706.4 214574
1724500 49467.5 81404.4 83747.5 214619
1725000 49455.8 81396.5 83797.5 214650
1725500 49449 81385.5 83794.3 214629
1726000 49457.6 81378.7 83830 214666
1726500 49419.8 81379.9 83859.1 214659
1727000 49419.2 81384.4 83913.6 214717
1727500 49433.7 81407.7 83940.6 214782
1728000 49409.9 81419.6 83969.1 214799
1728500 49416 81452.5 84008.4 214877
1729000 49403.3 81465 84014.7 214883
1729500 49406.5 81461.4 84075.8 214944
1730000 49408.3 81463.5 84124.3 214996
1730500 49421.1 81532.7 84162.6 215116
1731000 49447.4 81623.5 84166.6 215238
1731500 49484.8 81698.7 84169.5 215353
1732000 49420.1 81770 84151.1 215341
1732500 49410.7 81809.7 84101.9 215322
1733000 49401.1 81809.2 84086.7 215297
1733500 49406 81840.6 84089.4 215336
1734000 49428.2 81890.6 84114.2 215433
1734500 49472.3 81882.9 84158.4 215514
1735000 49519.8 81867.8 84194.6 215582
1735500 49521.2 81886.9 84212.2 215620
1736000 49533.2 81936.4 84244.8 215714
1736500 49524 81948.1 84273.1 215745
1737000 49530.7 81998.2 84341.7 215871
1737500 49559.1 82021.8 84384.6 215966
1738000 49581 82023.5 84394.5 215999
1738500 49610.3 82061.5 84418.8 216091
1739000 49619.4 82060.5 84493.5 216173
1739500 49629.5 82089.9 84541.5 216261
1740000 49613.6 82117.5 84514.6 216246
1740500 49627.3 82157.9 84535.7 216321
1741000 49622.5 82184.5 84555.8 216363
1741500 49628 82155.8 84597.8 216382
1742000 49615.9 82205.8 84618.3 216440
1742500 49610.7 82194.2 84643 216448
1743000 49609.1 82205 84610 216424
1743500 49621.4 82191.7 84638.6 216452
1744000 49613.4 82190.6 84653.8 216458
1744500 49583.5 82225.8 84692.7 216502
1745000 49601.7 82291.8 84739.1 216633
1745500 49634 82350.3 84799.2 216784
1746000 49644.5 82415.5 84815.6 216876
1746500 49669.2 82384.5 84855.6 216909
1747000 49698.6 82382.6 84904.6 216986
1747500 49746.9 82407.4 84961.3 217116
1748000 49757.4 82429.9 85011.9 217199
1748500 49769 82435 85050 217254
1749000 49774.6 82441.8 85062.2 217279
1749500 49795 82490.8 85102.7 217389
1750000 49785.1 82513.1 85182.2 217480
1750500 49799.6 82498.2 85200.7 217499
1751000 49803.8 82520.2 85249.3 217573
1751500 49802.2 82540 85281.7 217624
1752000 49839.5 82553 85327 217720
1752500 49827.8 82590 85288.2 217706
1753000 49804 82580.9 85259.5 217644
1753500 49835.9 82620.1 85240.8 217697
1754000 49866 82639.4 85261.6 217767
1754500 49877.2 82620.9 85275.5 217774
1755000 49889.4 82624 85269.2 217783
1755500 49903.3 82639.1 85274.4 217817
1756000 49911.3 82653.8 85241.6 217807
1756500 49886.4 82699.8 85210.3 217797
1757000 49905.7 82683.3 85243.9 217833
1757500 49888.3 82677.6 85263.8 217830
1758000 49885.9 82710.7 85273.6 217870
1758500 49872.3 82726.4 85322.3 217921
1759000 49867.1 82748.8 85346.4 217962
1759500 49888.6 82809.9 85314.8 218013
1760000 49903.5 82808 85316.8 218028
1760500 49911.5 82839.4 85326.7 218078
1761000 49900.8 82892.8 85398.5 218192
1761500 49917 82927.3 85408.8 218253
1762000 49932.2 82944.8 85407.1 218284
1762500 49937.6 82991 85460.7 218389
1763000 49975.4 83041.4 85520.5 218537
1763500 49966.9 83107.4 85559.5 218634
1764000 49937.7 83178.2 85560.4 218676
1764500 49925.8 83251.5 85570 218747
1765000 49897.6 83321.6 85543.4 218763
1765500 49880.2 83388.7 85469.1 218738
1766000 49869.1 83452.2 85394.3 218716
1766500 49887.4 83512.1 85373.6 218773
1767000 49902.9 83567.4 85402 218872
1767500 49920.1 83597.6 85448.8 218967
1768000 49946.9 83606.3 85490.7 219044
1768500 49931.9 83593.6 85495.5 219021
1769000 49945.1 83609 85506.1 219060
1769500 49988.7 83624.7 85510.5 219124
1770000 50064.7 83625 85532.4 219222
1770500 50074.5 83669.3 85629.9 219374
1771000 50121.9 83730.4 85723.1 219575
1771500 50153.4 83818.4 85832.3 219804
1772000 50191.5 83848.2 85857.5 219897
1772500 50215.1 83849 85829.8 219894
1773000 50231.3 83867.1 85899.4 219998
1773500 50216.9 83884.8 85885.1 219987
1774000 50204.7 83923.3 85896.9 220025
1774500 50197.1 83933 85888.2 220018
1775000 50170.1 83949.2 85869.3 219989
1775500 50153.6 83952 85888.7 219994
1776000 50181.1 83983.6 85937.6 220102
1776500 50184.5 84031 85944.6 220160
1777000 50193.6 84077.5 85900.8 220172
1777500 50193 84105.5 85897.9 220196
1778000 50212.7 84094.6 85912.3 220220
1778500 50211.4 84082.7 85947 220241
1779000 50209.5 84048.6 85989.9 220248
1779500 50233.9 84018.8 86024.3 220277
1780000 50257.8 83983.6 86046.9 220288
1780500 50292.5 83922.8 86030.7 220246
1781000 50312.6 83892.2 86066.6 220271
1781500 50333.7 83866.6 86110.5 220311
1782000 50325.7 83850.5 86151.7 220328
1782500 50293 83792.9 86188.3 220274
1783000 50253.3 83769.2 86212.4 220235
1783500 50222.1 83773 86280.7 220276
1784000 50233.1 83779.1 86379.8 220392
1784500 50240.5 83773.6 86418.9 220433
1785000 50235 83781.4 86456 220472
1785500 50268.1 83837.2 86480.1 220585
1786000 50309.8 83839.9 86494.7 220644
1786500 50307.3 83873.3 86504.2 220685
1787000 50268.8 83894.3 86548.7 220712
1787500 50288.9 83946.9 86659.9 220896
1788000 50302.1 83974 86779.7 221056
1788500 50304.8 84063 86867.5 221235
1789000 50263.9 84129.9 86948.2 221342
1789500 50265.7 84110.4 87016.4 221392
1790000 50262.1 84115.5 87090.2 221468
1790500 50260.9 84152 87106.4 221519
1791000 50304.4 84151.8 87155 221611
1791500 50306.9 84202.8 87218.8 221728
1792000 50309.2 84255.7 87262.9 221828
1792500 50321.2 84285.7 87297.9 221905
1793000 50315.7 84314.8 87279.2 221910
1793500 50302.2 84349.3 87276.2 221928
1794000 50291 84356.8 87254 221902
1794500 50288.8 84378.1 87220 221887
1795000 50243.9 84393.5 87196.2 221834
1795500 50212.8 84428.8 87106 221747
1796000 50203 84448.9 86986.7 221639
1796500 50189.4 84493.1 86939.2 221622
1797000 50160.3 84531.7 86952.9 221645
1797500 50164 84581.4 86907.3 221653
1798000 50160.6 84664 86883.1 221708
1798500 50142.7 84694.3 86834.8 221672
1799000 50144.1 84695.3 86832.4 221672
1799500 50195.1 84674.4 86886.9 221756
1800000 50233.6 84662.6 86865.5 221762
1800500 50261.5 84660.1 86865.9 221788
1801000 50305.6 84665.7 86926.4 221898
1801500 50341.2 84736.9 86933.1 222011
1802000 50364.7 84827.6 86954.7 222147
1802500 50400.8 84878.7 86980.7 222260
1803000 50414.7 84901 86974.3 222290
1803500 50460.2 84923.7 86990.7 222375
1804000 50497.8 85016.7 86986.5 222501
1804500 50482.2 85061.7 87030.5 222574
1805000 50506.1 85092.7 87022 222621
1805500 50517.5 85178.9 87038.6 222735
1806000 50512.8 85221.3 87080.9 222815
1806500 50503.2 85291.2 87120.4 222915
1807000 50514.3 85381.3 87177.6 223073
1807500 50498 85447.9 87223.1 223169
1808000 50478.9 85474.6 87296.1 223250
1808500 50435.2 85515.4 87367.1 223318
1809000 50404.3 85536.7 87404.7 223346
1809500 50386.6 85585.8 87449.4 223422
1810000 50349.1 85659.1 87536.2 223544
1810500 50330.1 85702.7 87626 223659
1811000 50315.9 85758.7 87692.2 223767
1811500 50276.3 85821.1 87741.1 223839
1812000 50251.7 85801.5 87778.8 223832
1812500 50222.2 85780.5 87802.7 223805
1813000 50208.3 85841 87789.2 223838
1813500 50199.1 85898.4 87794.2 223892
1814000 50173.9 85896.3 87843.6 223914
1814500 50157.6 85945.6 87871.1 223974
1815000 50133 85996.3 88003.2 224132
1815500 50124.3 86074.8 88089.1 224288
1816000 50144.1 86155.5 88147.1 224447
1816500 50166.9 86207.6 88157.6 224532
1817000 50188.7 86244.5 88206.3 224639
1817500 50206.4 86271.5 88265.6 224744
1818000 50183.2 86289.7 88350.7 224824
1818500 50180.3 86321.7 88437.9 224940
1819000 50180.1 86314.7 88487.5 224982
1819500 50155.4 86341.2 88511.5 225008
1820000 50112.4 86405.9 88487.9 225006
1820500 50136.4 86438.8 88475.9 225051
1821000 50151.1 86469.5 88477.9 225098
1821500 50131 86479.2 88501.7 225112
1822000 50144.9 86490.4 88502.2 225137
1822500 50127.8 86495.3 88542.3 225165
1823000 50145.1 86490.8 88569.4 225205
1823500 50182.5 86475.6 88569.1 225227
1824000 50197.7 86447.3 88582.2 225227
1824500 50205 86401.5 88627.6 225234
1825000 50200.5 86378.7 88708.6 225288
1825500 50196.3 86409.7 88800.6 225407
1826000 50171.2 86439.1 88871.2 225481
1826500 50148.5 86447 88932.4 225528
1827000 50145 86420.3 89011.7 225577
1827500 50166 86372.2 89052.7 225591
1828000 50175 86325.9 89112.6 225613
1828500 50183.9 86275.5 89128.4 225588
1829000 50150.1 86309.4 89176.1 225635
1829500 50159.8 86306.2 89215.9 225682
1830000 50171 86312.2 89245.3 225728
1830500 50159.7 86310.2 89313.8 225784
1831000 50173.1 86291.7 89377.3 225842
1831500 50173.4 86274.6 89422.6 225871
1832000 50183.5 86322.3 89389.1 225895
1832500 50215.4 86365.5 89420.7 226002
1833000 50268.1 86402.6 89473 226144
1833500 50315.4 86419.1 89495.4 226230
1834000 50374.6 86436 89539.3 226350
1834500 50413.5 86463.2 89577.8 226455
1835000 50454.4 86505.8 89568 226528
1835500 50486.8 86532 89562.2 226581
1836000 50547.6 86532.8 89569 226649
1836500 50558.1 86585.4 89561.9 226705
1837000 50581.9 86667.4 89576.8 226826
1837500 50609.4 86728 89567.7 226905
1838000 50615.6 86779 89557.5 226952
1838500 50664.1 86786.2 89568.5 227019
1839000 50663.4 86785.2 89572.5 227021
1839500 50648.9 86818.1 89586 227053
1840000 50636.6 86869.6 89630.6 227137
1840500 50645.7 86899.2 89684.7 227230
1841000 50690.7 86888.2 89729.5 227308
1841500 50720.5 86878.3 89775.6 227374
1842000 50721.5 86864.7 89823.9 227410
1842500 50710.3 86866.9 89912.4 227490
1843000 50716.5 86889.3 89937.2 227543
1843500 50732.7 86946.3 90064.3 227743
1844000 50760.1 86975.2 90120.3 227856
1844500 50783.4 87007.3 90138.5 227929
1845000 50844.4 87026 90170.1 228040
1845500 50910.9 87039.8 90168 228119
1846000 50927.7 87106.3 90173.1 228207
1846500 50937.6 87190.8 90234.4 228363
1847000 50963.9 87219 90213.3 228396
1847500 51012.1 87249.4 90218.7 228480
1848000 51035.9 87289.5 90184 228509
1848500 51060.3 87350.5 90208.7 228619
1849000 51091.5 87382.8 90243.1 228717
1849500 51138.2 87397.5 90266.1 228802
1850000 51181.1 87405.8 90286.9 228874
1850500 51232.9 87397.6 90286.6 228917
1851000 51274.8 87407.4 90262.8 228945
1851500 51304.5 87412.6 90222.6 228940
1852000 51321.8 87464.2 90200.8 228987
1852500 51337.1 87470.6 90209.2 229017
1853000 51364.7 87466.1 90283.2 229114
1853500 51387.1 87481.9 90273.6 229143
1854000 51402.3 87494.6 90209.4 229106
1854500 51402.2 87494.9 90179 229076
1855000 51414 87493 90162.4 229069
1855500 51403 87513.9 90138.6 229056
1856000 51403.9 87494.4 90183.2 229081
1856500 51416.4 87528 90163.8 229108
1857000 51395.6 87566.2 90147.5 229109
1857500 51414 87565.4 90145.1 229124
1858000 51423.8 87616.6 90077 229117
1858500 51422.2 87668.5 90072.1 229163
1859000 51398.8 87681 90096.1 229176
1859500 51382.2 87692.7 90118.7 229194
1860000 51357.6 87689.5 90132.6 229180
1860500 51342.6 87668.5 90221.8 229233
1861000 51313.5 87662.2 90282.9 229259
1861500 51244.4 87681.3 90325 229251
1862000 51200.4 87721.6 90362.9 229285
1862500 51204.8 87769.3 90439.8 229414
1863000 51197.1 87777.7 90549.8 229525
1863500 51208.9 87807 90626.8 229643
1864000 51201.5 87884.2 90721.5 229807
1864500 51179.5 87927.7 90736.2 229843
1865000 51207.8 87916.7 90757.6 229882
1865500 51243.6 87945.8 90802.3 229992
1866000 51273.4 88021.4 90860.3 230155
1866500 51304.1 88062.5 90909.7 230276
1867000 51319.5 88084.2 90977.6 230381
1867500 51319.7 88150.4 91014.6 230485
1868000 51345.2 88219.7 91070.7 230636
1868500 51356.8 88252.9 91142.3 230752
1869000 51331.8 88319.3 91159.7 230811
1869500 51329.9 88317.6 91231.4 230879
1870000 51345 88324.7 91255.8 230926
1870500 51365.8 88317.4 91284.5 230968
1871000 51396.6 88326.8 91305.7 231029
1871500 51431.3 88363.8 91318.6 231114
1872000 51464.2 88401.1 91370.2 231235
1872500 51478.5 88460.2 91453.3 231392
1873000 51470.9 88474.2 91494.5 231440
1873500 51462.4 88519.6 91553.2 231535
1874000 51437.4 88511.8 91606.7 231556
1874500 51439.4 88522.5 91648.3 231610
1875000 51468.1 88483.1 91710.9 231662
1875500 51502.2 88468.6 91754.5 231725
1876000 51537 88438.8 91825.9 231802
1876500 51562.3 88421.4 91874.7 231858
1877000 51574.1 88444.1 91940.5 231959
1877500 51626.4 88515.2 92012.7 232154
1878000 51686.4 88570.8 92054.4 232312
1878500 51719 88612.1 92107.3 232438
1879000 51739.7 88657.6 92129 232526
1879500 51751.8 88703.2 92096.7 232552
1880000 51749.9 88753.1 92082.7 232586
1880500 51751 88737.5 92085.4 232574
1881000 51802.2 88711.7 92060.1 232574
1881500 51796.3 88691.9 92060.4 232549
1882000 51786.9 88693.8 92046.5 232527
1882500 51814.5 88660 92048.5 232523
1883000 51826.2 88644.1 92009.9 232480
1883500 51847.8 88614 91957.3 232419
1884000 51868 88607.2 91914.3 232389
1884500 51919.4 88641.5 91864.5 232425
1885000 51945.5 88653 91862.6 232461
1885500 51946.3 88665.6 91832.2 232444
1886000 51956.5 88694.4 91789.9 232441
1886500 51976.6 88753 91860.4 232590
1887000 51979.9 88830 91821.5 232631
1887500 51973.9 88878.3 91788.3 232641
1888000 51973.5 88932.3 91810.8 232717
1888500 51969.2 88958.4 91848.1 232776
1889000 51990.4 88963 91862 232815
1889500 52017.3 89008.3 91828.2 232854
1890000 52036.9 89036.4 91773 232846
1890500 52052.4 89072.2 91731.3 232856
1891000 52034.5 89080.9 91760.3 232876
1891500 52023.7 89087.5 91818.9 232930
1892000 52033.5 89094.3 91825.1 232953
1892500 52070.9 89074.7 91848 232994
1893000 52114.5 89062.6 91938.9 233116
1893500 52131.9 89047.4 92006.8 233186
1894000 52113.9 89086.6 92007.7 233208
1894500 52120.2 89128.7 92010.6 233260
1895000 52118 89180 92001.1 233299
1895500 52143.1 89227.7 92004.2 233375
1896000 52160.1 89227.5 92051.3 233439
1896500 52195.6 89258.7 92119.4 233574
1897000 52233.5 89267.1 92127 233628
1897500 52276.4 89282.4 92168.6 233727
1898000 52332.1 89247.4 92219 233798
1898500 52342.1 89262.8 92255.4 233860
1899000 52356.9 89276.4 92280.2 233914
1899500 52366.6 89257.6 92353 233977
1900000 52375.8 89282.1 92368.3 234026
1900500 52358.5 89266.2 92339.5 233964
1901000 52333.9 89241.8 92344.7 233920
1901500 52319.6 89243.4 92364.5 233927
1902000 52342.6 89224.1 92372 233939
1902500 52348.4 89219.7 92401 233969
1903000 52359.7 89200.8 92421.3 233982
1903500 52380.5 89215.6 92492.5 234089
1904000 52382.3 89228.6 92580.2 234191
1904500 52340 89284.6 92607.8 234232
1905000 52301.6 89317.6 92610.7 234230
1905500 52265.1 89344.3 92641 234250
1906000 52296.5 89355.4 92675.9 234328
1906500 52309.2 89420.5 92734.4 234464
1907000 52311.5 89466.9 92764.4 234543
1907500 52309.3 89462.8 92806.8 234579
1908000 52309.7 89473.8 92815.6 234599
1908500 52320.7 89496.4 92853.4 234671
1909000 52295.8 89521.7 92894.4 234712
1909500 52273.8 89559.3 92903.4 234737
1910000 52250.3 89572.8 92945.1 234768
1910500 52258.5 89612.8 92984 234855
1911000 52254.5 89648.6 92979.7 234883
1911500 52255.7 89686.8 93008.2 234951
1912000 52290.6 89735.5 93011.8 235038
1912500 52323.3 89781.1 92992.6 235097
1913000 52341.2 89825.5 92968.4 235135
1913500 52356.3 89927.2 92987.8 235271
1914000 52335.5 89974.6 92976.7 235287
1914500 52308.8 90043.6 93000 235352
1915000 52301.8 90094.9 93048.4 235445
1915500 52302 90128.5 93108.9 235539
1916000 52301.6 90137 93111.1 235550
1916500 52316.9 90154.4 93142.9 235614
1917000 52313.5 90208.8 93175.7 235698
1917500 52341.1 90238.2 93205.2 235785
1918000 52338.2 90305.7 93282.4 235926
1918500 52336.1 90331.8 93330.9 235999
1919000 52324.6 90337.3 93374.1 236036
1919500 52319.8 90369 93433.7 236123
1920000 52314.7 90424.1 93484 236223
1920500 52350 90474.3 93508.5 236333
1921000 52382.7 90510.8 93531.5 236425
1921500 52393.5 90575 93563.6 236532
1922000 52427.1 90613.3 93574.1 236615
1922500 52450.6 90657.7 93578.7 236687
1923000 52466 90637.3 93624.1 236727
1923500 52492.2 90628.9 93665.6 236787
1924000 52513 90635 93721.1 236869
1924500 52541.6 90696.7 93824.9 237063
1925000 52556 90721.7 93916.1 237194
1925500 52570.3 90722.6 93978.3 237271
1926000 52608.9 90746.4 94082.1 237437
1926500 52629.9 90789.3 94195.2 237614
1927000 52644.3 90853.4 94247.5 237745
1927500 52656.7 90919 94266.2 237842
1928000 52657 90968.4 94330.1 237956
1928500 52700.5 91010.7 94349.4 238061
1929000 52751.2 91089.9 94388 238229
1929500 52786.5 91121.1 94400.2 238308
1930000 52844.9 91153.2 94416.6 238415
1930500 52907.3 91130 94431.1 238468
1931000 52967.1 91167.3 94442.2 238577
1931500 52977.1 91184.9 94453.7 238616
1932000 52981.9 91210.8 94464.1 238657
1932500 52970.1 91244.8 94469.4 238684
1933000 52968.2 91347.5 94526.5 238842
1933500 52962.6 91396.6 94555.1 238914
1934000 52960.2 91413.2 94570.2 238944
1934500 52964 91448.1 94546.1 238958
1935000 52937.3 91485.1 94521.5 238944
1935500 52912.2 91510.1 94509.1 238931
1936000 52918.2 91517.1 94531.5 238967
1936500 52910.2 91522.5 94581.8 239014
1937000 52906.2 91599.8 94647.5 239154
1937500 52891.1 91678.4 94747.1 239317
1938000 52952.8 91715.3 94814.1 239482
1938500 52975.6 91753.1 94911.1 239640
1939000 52989.6 91803.7 94983.6 239777
1939500 52997.2 91826.7 95064.1 239888
1940000 53039.4 91840.3 95105 239985
1940500 53083.8 91904 95178.7 240166
1941000 53115.7 91929.9 95203 240249
1941500 53130.8 91946.5 95235.1 240312
1942000 53160.2 91974 95252.3 240386
1942500 53161.8 91990.6 95227.5 240380
1943000 53201.7 91944.7 95242.6 240389
1943500 53258.6 91921.7 95327.5 240508
1944000 53280.9 91891.7 95331.9 240504
1944500 53295.1 91861.9 95337.4 240494
1945000 53326.7 91826.6 95342.9 240496
1945500 53309.2 91770.7 95388.6 240468
1946000 53307.4 91740.1 95425.3 240473
1946500 53322 91723.9 95411.8 240458
1947000 53356.2 91699.7 95433.3 240489
1947500 53387.8 91689 95412.1 240489
1948000 53462.2 91666.2 95473.3 240602
1948500 53485.5 91677.8 95556.7 240720
1949000 53532.8 91658.8 95600.2 240792
1949500 53572.9 91598.4 95624.7 240796
1950000 53592.3 91575.8 95623.3 240791
1950500 53630.5 91540.2 95632.1 240803
1951000 53672 91520.2 95693.6 240886
1951500 53665.3 91553.7 95760.2 240979
1952000 53684.2 91558.2 95768.2 241011
1952500 53692.7 91588.9 95776.2 241058
1953000 53741.2 91597.8 95844.3 241183
1953500 53760.3 91636 95882.8 241279
1954000 53789 91647.1 95899.4 241335
1954500 53852.7 91729.6 95933.9 241516
1955000 53864.3 91779.7 95949 241593
1955500 53886.8 91811 95989.8 241688
1956000 53897.4 91859.4 96063.8 241821
1956500 53924.2 91878.5 96116.7 241919
1957000 53976.2 91924.6 96152.5 242053
1957500 54036.9 91952.4 96175.4 242165
1958000 54051.1 91974.6 96182.7 242209
1958500 54085.3 92012.7 96221.8 242320
1959000 54096.9 92057.2 96230 242384
1959500 54119.9 92076.2 96248.6 242445
1960000 54150.3 92095.6 96307.7 242554
1960500 54180.5 92153.9 96288.5 242623
1961000 54228.5 92178.6 96302.4 242710
1961500 54282.2 92208.8 96303.9 242795
1962000 54355.1 92228.2 96327.5 242911
1962500 54417.5 92237.2 96369.1 243024
1963000 54483.8 92224 96422.6 243130
1963500 54543 92253.3 96444.5 243241
1964000 54578.5 92263.7 96495.5 243338
1964500 54655.7 92231.3 96556.8 243444
1965000 54711.1 92272.7 96646.3 243630
1965500 54730.6 92297.4 96726.4 243754
1966000 54748 92376.5 96746.6 243871
1966500 54798.8 92426.7 96790.7 244016
1967000 54835.8 92463.3 96840.6 244140
1967500 54837.9 92469.6 96919.8 244227
1968000 54854.1 92474.6 96901.2 244230
1968500 54875.6 92493.5 96947.3 244316
1969000 54871.4 92488.3 96987.9 244348
1969500 54869.2 92506.3 97078.1 244454
1970000 54848.7 92528.2 97152.4 244529
1970500 54829.2 92551.6 97214.2 244595
1971000 54840.8 92583.3 97250.7 244675
1971500 54828.9 92582 97291.7 244703
1972000 54804.1 92566.8 97301.5 244672
1972500 54815 92535.5 97266.6 244617
1973000 54814.3 92492.1 97232.8 244539
1973500 54818.1 92496.3 97250.1 244565
1974000 54836.3 92521.6 97302.2 244660
1974500 54832.3 92539.9 97347.8 244720
1975000 54847.3 92557.4 97422.8 244828
1975500 54837.7 92611.7 97516.9 244966
1976000 54838.9 92595 97631.4 245065
1976500 54829 92601.4 97719.4 245150
1977000 54857.4 92617.2 97804 245279
1977500 54897.1 92603.4 97878.4 245379
1978000 54880.9 92625.2 97930.1 245436
1978500 54903.2 92660.2 98003 245566
1979000 54939.2 92693.3 98107.6 245740
1979500 54963.1 92711.9 98122.6 245798
1980000 54968.2 92635 98146.7 245750
1980500 54999.5 92634.7 98200.1 245834
1981000 55012.2 92648.3 98236.1 245897
1981500 55026.2 92663.8 98245 245935
1982000 55070.2 92673.7 98253.2 245997
1982500 55068 92723.3 98237.8 246029
1983000 55136.5 92688.1 98258.8 246083
1983500 55168.5 92681.5 98317.4 246167
1984000 55189.4 92670.9 98363.6 246224
1984500 55180.7 92640.7 98380.1 246202
1985000 55192.8 92647.5 98461.3 246302
1985500 55186.1 92671.9 98488.2 246346
1986000 55177.2 92672 98504 246353
1986500 55159.1 92710.7 98530.5 246400
1987000 55143.7 92734.8 98585.3 246464
1987500 55117.5 92767.5 98603.5 246488
1988000 55087.3 92830.5 98613.5 246531
1988500 55073.8 92849 98618.6 246541
1989000 55061.9 92837.9 98671.9 246572
1989500 55103.7 92824.1 98722.5 246650
1990000 55155 92788.2 98753.4 246697
1990500 55178.7 92726.2 98762.4 246667
1991000 55176.8 92693.1 98869.8 246740
1991500 55189.9 92675.9 98885 246751
1992000 55184.6 92720.2 98903.3 246808
1992500 55151.6 92722.7 98955.8 246830
1993000 55150.6 92678.5 99016.8 246846
1993500 55163.5 92665.9 99090.7 246920
1994000 55176.4 92648.6 99149.1 246974
1994500 55214.1 92652 99181.2 247047
1995000 55189.3 92648.5 99219.1 247057
1995500 55196.8 92640.7 99231.5 247069
1996000 55180.4 92609.2 99292.4 247082
1996500 55164.3 92633 99331.4 247129
1997000 55190.5 92615.5 99314.6 247121
1997500 55213.6 92669.1 99309.8 247193
1998000 55226.5 92731 99318.9 247276
1998500 55238 92743.3 99321.6 247303
1999000 55230.4 92804.6 99341 247376
1999500 55200.5 92855.7 99355 247411
2000000 55146.3 92898.6 99335.6 247380
