# step  MSD_x(Ang2)  MSD_y  MSD_z  MSD_total
# TimeStep c_msd_co2[1] c_msd_co2[2] c_msd_co2[3] c_msd_co2[4]
0 1.67759e-27 1.36255e-28 0 1.81385e-27
500 5.14759 5.53224 5.06383 15.7437
1000 14.5872 16.3625 14.6697 45.6194
1500 25.9617 30.8932 27.479 84.334
2000 38.9736 47.7096 43.1411 129.824
2500 53.5035 65.7197 61.1033 180.326
3000 68.0073 84.319 80.0354 232.362
3500 83.5983 101.792 98.9627 284.353
4000 100.755 119.027 117.716 337.498
4500 117.831 135.775 134.686 388.292
5000 134.028 155.217 152.891 442.136
5500 150.206 174.171 172.131 496.507
6000 167.89 192.56 189.12 549.57
6500 183.603 210.842 204.955 599.399
7000 201.52 230.961 219.463 651.945
7500 220.16 253.031 233.942 707.133
8000 234.568 272.085 249.92 756.572
8500 250.11 289.751 266.348 806.209
9000 266.82 306.303 282.066 855.189
9500 284.481 324.075 297.622 906.178
10000 300.84 342.043 312.047 954.93
10500 316.727 360.12 327.95 1004.8
11000 332.913 379.179 345.948 1058.04
11500 350.176 398.404 360.462 1109.04
12000 369.121 416.954 376.057 1162.13
12500 386.488 433.764 392.207 1212.46
13000 403.917 453.144 409.371 1266.43
13500 419.786 472.794 431.814 1324.39
14000 436.914 490.97 451.075 1378.96
14500 454.047 505.163 470.962 1430.17
15000 470.142 521.268 488.088 1479.5
15500 486.46 539.188 503.563 1529.21
16000 501.308 558.22 519.208 1578.74
16500 517.094 573.47 535.245 1625.81
17000 533.664 588.925 551.272 1673.86
17500 548.677 605.804 562.595 1717.08
18000 561.365 625.525 574.115 1761
18500 572.042 647.837 585.491 1805.37
19000 583.36 670.547 595.844 1849.75
19500 596.934 694.765 611.379 1903.08
20000 611.539 714.57 625.526 1951.64
20500 619.702 731.554 640.584 1991.84
21000 630.719 749.657 658.341 2038.72
21500 638.129 767.503 675.433 2081.06
22000 646.428 785.947 689.466 2121.84
22500 657.073 807.864 704.317 2169.25
23000 671.106 827.304 719.334 2217.74
23500 685.987 848.121 736.397 2270.5
24000 698.915 867.193 752.756 2318.86
24500 713.335 883.729 771.546 2368.61
25000 727.355 902.648 784.447 2414.45
25500 746.035 919.444 798.478 2463.96
26000 761.632 928.752 813.672 2504.06
26500 779.563 938.838 832.331 2550.73
27000 796.488 951.458 847.225 2595.17
27500 810.304 968.028 861.918 2640.25
28000 824.995 984.532 879.225 2688.75
28500 840.509 1007.61 894.956 2743.07
29000 855.844 1023.29 909.641 2788.77
29500 871.171 1041.11 928.163 2840.45
30000 884.873 1062.86 947.47 2895.2
30500 895.752 1086.74 968.262 2950.76
31000 911.039 1104.96 985.763 3001.76
31500 928.652 1124.69 998.454 3051.79
32000 950.263 1142.4 1014.2 3106.86
32500 974.636 1159.01 1034 3167.64
33000 995.145 1174.91 1053.76 3223.81
33500 1013.64 1195.77 1073.14 3282.55
34000 1028.2 1211.05 1094.73 3333.99
34500 1037.09 1231.19 1112.94 3381.22
35000 1044.84 1255.27 1129.43 3429.55
35500 1055.36 1274.03 1146.4 3475.79
36000 1069.62 1291.21 1161.28 3522.11
36500 1080.93 1310.51 1179.31 3570.75
37000 1091.35 1328.48 1193.34 3613.17
37500 1102.19 1347.59 1209.53 3659.31
38000 1111.14 1367.98 1225.09 3704.21
38500 1117.17 1391.59 1240.93 3749.69
39000 1129.24 1412.63 1254.99 3796.86
39500 1136.48 1432.47 1268.5 3837.45
40000 1148.81 1444.05 1285 3877.87
40500 1161.37 1458 1302.05 3921.42
41000 1176.45 1477.5 1319.97 3973.92
41500 1190.61 1502.43 1341.21 4034.26
42000 1204.84 1521.23 1355.12 4081.19
42500 1218.64 1535.45 1372.43 4126.52
43000 1235.52 1542.93 1389.48 4167.93
43500 1252.79 1549.39 1407.96 4210.13
44000 1267.95 1556.96 1420.07 4244.97
44500 1283.91 1571.47 1433.77 4289.15
45000 1303.53 1588.24 1450.66 4342.43
45500 1317.48 1611.02 1467.52 4396.01
46000 1330.58 1636.93 1484.75 4452.25
46500 1352.24 1666.62 1503.55 4522.41
47000 1365.49 1683 1528.48 4576.97
47500 1383.16 1701.03 1544.86 4629.05
48000 1403.35 1715.66 1570.33 4689.33
48500 1425.02 1731.5 1599.72 4756.25
49000 1441.77 1747.46 1627.1 4816.34
49500 1454.87 1768.27 1649.48 4872.62
50000 1471.79 1792.75 1665.89 4930.43
50500 1489.48 1813.33 1680.44 4983.24
51000 1504.65 1835.54 1693.52 5033.7
51500 1515.55 1850.16 1705.46 5071.17
52000 1529 1871.96 1718.3 5119.26
52500 1547.92 1892.89 1741.08 5181.89
53000 1562.64 1913.35 1770.1 5246.09
53500 1579.9 1932.19 1792.65 5304.74
54000 1590.86 1953.47 1814.06 5358.39
54500 1604.57 1977.26 1839.29 5421.12
55000 1620.6 2002.6 1863.74 5486.95
55500 1631.17 2028.64 1881.52 5541.32
56000 1644.73 2047.74 1897.76 5590.23
56500 1655.54 2068.21 1916.67 5640.42
57000 1671.17 2085.92 1936.87 5693.95
57500 1682.46 2099.37 1955.44 5737.26
58000 1695.64 2111.42 1971.17 5778.22
58500 1714 2120.91 1987.23 5822.14
59000 1734.17 2133.31 2003.22 5870.69
59500 1751.19 2146.63 2016.57 5914.39
60000 1763.06 2155.8 2031.56 5950.42
60500 1772.65 2167.5 2041.71 5981.87
61000 1792.93 2188.92 2054.01 6035.86
61500 1814.99 2206.97 2065.34 6087.3
62000 1838.74 2232.74 2079.59 6151.07
62500 1856.42 2261.68 2095.54 6213.64
63000 1871.09 2290.01 2105.78 6266.88
63500 1883.55 2310.11 2115.88 6309.53
64000 1904.97 2328.99 2127.46 6361.43
64500 1925.32 2346.13 2139.99 6411.44
65000 1935.99 2368.19 2160.8 6464.99
65500 1949.18 2385.19 2178.99 6513.36
66000 1958.15 2394.59 2199.87 6552.6
66500 1962.82 2401.83 2217.28 6581.93
67000 1970.48 2406.87 2232.65 6610
67500 1987.82 2415.82 2252.86 6656.5
68000 2001.57 2432.36 2266.21 6700.14
68500 2003.05 2459.14 2282.1 6744.28
69000 2009.25 2483.12 2295.24 6787.61
69500 2016.23 2506.21 2316.22 6838.66
70000 2028.07 2522.8 2338.41 6889.28
70500 2048.45 2543.67 2356.87 6948.99
71000 2069.81 2568.42 2370.61 7008.83
71500 2087.51 2596.58 2381.12 7065.21
72000 2103.63 2615.8 2393.71 7113.15
72500 2116.56 2629.16 2406.7 7152.42
73000 2125.92 2638.4 2425.13 7189.44
73500 2138.31 2649.32 2438.7 7226.33
74000 2153.41 2667.52 2448.31 7269.24
74500 2171.12 2684.47 2460.53 7316.12
75000 2184.89 2702.98 2482.96 7370.84
75500 2201.8 2725.44 2496.11 7423.35
76000 2220.25 2748.19 2512.56 7481
76500 2241.15 2763.55 2537.77 7542.47
77000 2255.86 2777.57 2562.29 7595.72
77500 2273.2 2788.36 2585.78 7647.35
78000 2291.8 2811.52 2611.82 7715.14
78500 2300.59 2832.5 2641.02 7774.11
79000 2313.49 2848.71 2660.44 7822.65
79500 2324.96 2869.13 2670.24 7864.33
80000 2344.07 2894.77 2685.24 7924.08
80500 2359.57 2918.85 2699.69 7978.12
81000 2369.35 2939.65 2713.93 8022.93
81500 2379.01 2957.06 2724.27 8060.34
82000 2389.9 2979.89 2732.8 8102.59
82500 2398.69 3009.57 2746.79 8155.05
83000 2401.92 3037.17 2769.09 8208.17
83500 2411.42 3057.5 2789.68 8258.6
84000 2414.6 3079.45 2800.4 8294.45
84500 2424.38 3107.44 2807.76 8339.58
85000 2437.37 3130.46 2825.47 8393.3
85500 2450.62 3156.4 2845.21 8452.23
86000 2463.36 3173.94 2864.57 8501.87
86500 2472.39 3191.99 2888.63 8553.01
87000 2483.31 3206.38 2907.96 8597.65
87500 2485.57 3219.18 2925.1 8629.85
88000 2490.07 3230.96 2943.06 8664.1
88500 2489 3249 2972.44 8710.44
89000 2486.74 3271.87 2995.96 8754.57
89500 2487.21 3292.11 3013.06 8792.39
90000 2496.34 3313.84 3020.55 8830.73
90500 2504.74 3338.16 3028.09 8870.98
91000 2505.82 3355.99 3042.98 8904.79
91500 2512.66 3377.94 3062.34 8952.94
92000 2521.9 3393.18 3082.34 8997.42
92500 2527.27 3407.15 3109.57 9043.99
93000 2540 3423.51 3144.6 9108.11
93500 2556.08 3439.05 3177.45 9172.59
94000 2570.8 3447.87 3202.34 9221.01
94500 2583.39 3462.14 3230.41 9275.93
95000 2588.89 3481.14 3267.99 9338.02
95500 2600.6 3506.25 3296.17 9403.02
96000 2611.12 3524.68 3318.25 9454.05
96500 2619.61 3535.36 3336.46 9491.44
97000 2628.31 3548.68 3349.56 9526.55
97500 2641.25 3560.27 3366.75 9568.26
98000 2650.05 3569.99 3383.63 9603.67
98500 2659.97 3584.73 3399.86 9644.56
99000 2666.1 3597.46 3416.4 9679.96
99500 2669.27 3606.43 3439.73 9715.44
100000 2677.14 3619.39 3460.78 9757.31
100500 2691.66 3634.52 3475.35 9801.54
101000 2701.38 3646.01 3493.11 9840.5
101500 2703.34 3654.87 3515.81 9874.01
102000 2697.98 3668.88 3537.13 9903.99
102500 2693.27 3684.47 3557.28 9935.01
103000 2702.84 3704.62 3569.51 9976.97
103500 2717.88 3712.22 3575.13 10005.2
104000 2728.55 3720.83 3586.61 10036
104500 2738.76 3731.1 3602.39 10072.3
105000 2746.37 3750.67 3618.68 10115.7
105500 2759.75 3774.86 3638.25 10172.9
106000 2771.62 3790.57 3662.39 10224.6
106500 2782.56 3813.27 3685.49 10281.3
107000 2783.63 3833.01 3703.47 10320.1
107500 2784.97 3852.59 3721.21 10358.8
108000 2787.23 3870.37 3735.47 10393.1
108500 2797.46 3896.69 3756.21 10450.4
109000 2815.87 3924.26 3781.1 10521.2
109500 2834.52 3952.13 3815.11 10601.8
110000 2853.32 3980.34 3846.25 10679.9
110500 2867.24 3998.36 3873.21 10738.8
111000 2877.75 4005.24 3902.37 10785.4
111500 2884.62 4021.06 3929.3 10835
112000 2893.54 4037.49 3948.53 10879.6
112500 2909.75 4063.51 3977.3 10950.6
113000 2918.52 4084.76 3995.06 10998.3
113500 2926.49 4106.9 4017.04 11050.4
114000 2935.43 4127.97 4043.78 11107.2
114500 2932.78 4144.51 4076.18 11153.5
115000 2923.88 4158.4 4094.31 11176.6
115500 2923.97 4170.6 4110.35 11204.9
116000 2937.61 4186.27 4125.19 11249.1
116500 2945.23 4201.46 4137.36 11284
117000 2951.82 4220.23 4147.78 11319.8
117500 2961.55 4239.11 4161.87 11362.5
118000 2957.24 4250.04 4178.01 11385.3
118500 2958.37 4258.33 4195.3 11412
119000 2960.9 4254.11 4209.61 11424.6
119500 2971.99 4254.02 4222.73 11448.7
120000 2986.67 4263.83 4238.99 11489.5
120500 2999.83 4272.62 4253.21 11525.7
121000 3017.96 4290.57 4257.17 11565.7
121500 3034.34 4303.59 4267.65 11605.6
122000 3055.25 4319.37 4279.22 11653.8
122500 3070.08 4341.35 4294.15 11705.6
123000 3077.02 4356.47 4313.34 11746.8
123500 3089.01 4374.84 4327.47 11791.3
124000 3095.57 4395.65 4333.1 11824.3
124500 3097.37 4417.43 4350.37 11865.2
125000 3108.79 4438.52 4367.58 11914.9
125500 3128.94 4465.76 4389.96 11984.7
126000 3142.44 4494.88 4411.17 12048.5
126500 3156.69 4524.1 4430.74 12111.5
127000 3161.25 4557.87 4434.03 12153.1
127500 3172.37 4589.84 4443.73 12205.9
128000 3183.98 4616.34 4456.41 12256.7
128500 3186.55 4645.06 4460.51 12292.1
129000 3190.71 4671.14 4472.68 12334.5
129500 3200.79 4691.29 4491.62 12383.7
130000 3214.72 4711.62 4519.85 12446.2
130500 3215.91 4737.32 4535.26 12488.5
131000 3219.99 4765.94 4550.31 12536.2
131500 3222.38 4776.86 4569.58 12568.8
132000 3223.17 4785 4579.63 12587.8
132500 3227.41 4792.72 4595.21 12615.3
133000 3227.2 4808.4 4620.85 12656.4
133500 3228.68 4826.2 4653.79 12708.7
134000 3240.25 4845.28 4682.11 12767.6
134500 3251.18 4865.61 4691.01 12807.8
135000 3257.9 4881.72 4706.08 12845.7
135500 3260.28 4897.93 4727.72 12885.9
136000 3257.38 4910.67 4750.85 12918.9
136500 3264.22 4925.76 4769.36 12959.3
137000 3266.72 4943.43 4792.12 13002.3
137500 3276.93 4962.38 4810.86 13050.2
138000 3288.81 4979.02 4843.18 13111
138500 3296.72 4986.29 4864.04 13147.1
139000 3306.39 4993.41 4871.11 13170.9
139500 3320.21 5012.62 4879.45 13212.3
140000 3332.52 5033 4887.68 13253.2
140500 3342.03 5059.57 4896.24 13297.8
141000 3354.71 5081.88 4910.29 13346.9
141500 3367.17 5102.92 4923.31 13393.4
142000 3380.05 5117.87 4934.96 13432.9
142500 3389.84 5131.27 4951.53 13472.6
143000 3399.66 5147.51 4969.22 13516.4
143500 3409.67 5167.08 4988.41 13565.2
144000 3415.19 5192.56 5000.13 13607.9
144500 3416.69 5218.36 5015.71 13650.8
145000 3428.13 5247.75 5043.49 13719.4
145500 3441.24 5264.83 5057.1 13763.2
146000 3448.78 5275.67 5080.36 13804.8
146500 3455.25 5285.33 5089.14 13829.7
147000 3467.44 5307.61 5105.05 13880.1
147500 3483.37 5323.52 5121.85 13928.7
148000 3493.99 5323.77 5133.2 13951
148500 3511.23 5328.89 5153.35 13993.5
149000 3536.31 5344.39 5179.3 14060
149500 3553.23 5362.23 5194.12 14109.6
150000 3578.62 5376.67 5213.64 14168.9
150500 3603.39 5374.84 5228.46 14206.7
151000 3624.33 5378.25 5249.75 14252.3
151500 3651.91 5386.65 5268.39 14306.9
152000 3669.44 5402.58 5288.91 14360.9
152500 3680.68 5424.39 5301.33 14406.4
153000 3700.81 5442.71 5316.51 14460
153500 3718.61 5465.12 5340.63 14524.3
154000 3730.37 5493.46 5372.6 14596.4
154500 3752.48 5516.49 5406.43 14675.4
155000 3763.05 5535.46 5428.22 14726.7
155500 3774.39 5545.48 5449.9 14769.8
156000 3787.13 5555.76 5481.13 14824
156500 3802.63 5565.89 5507.85 14876.4
157000 3824.8 5570.97 5531.78 14927.6
157500 3844.71 5589.86 5561.15 14995.7
158000 3855.96 5611.91 5588.38 15056.3
158500 3863.17 5632.39 5611.62 15107.2
159000 3867.94 5663.99 5643.24 15175.2
159500 3868.91 5686.45 5663.01 15218.4
160000 3885.91 5710.16 5687.2 15283.3
160500 3903.52 5722.84 5706.3 15332.7
161000 3924.01 5732.89 5719.7 15376.6
161500 3932.38 5753.99 5734.09 15420.5
162000 3942.02 5773.98 5753.21 15469.2
162500 3953.04 5793.65 5779.73 15526.4
163000 3962.12 5811.78 5795.28 15569.2
163500 3967.28 5825.05 5816.27 15608.6
164000 3986.2 5842.5 5835.14 15663.8
164500 3999.89 5876.68 5848.3 15724.9
165000 4018.39 5900.54 5862.79 15781.7
165500 4032.4 5918.98 5872.64 15824
166000 4050.2 5939.63 5895.81 15885.6
166500 4064.21 5958.56 5925.24 15948
167000 4069.38 5977.71 5949.21 15996.3
167500 4076.82 5991.72 5970.37 16038.9
168000 4071.79 6011.84 5982.8 16066.4
168500 4070.41 6031.53 6012.29 16114.2
169000 4079.52 6041.1 6037.88 16158.5
169500 4087.83 6044.12 6055.22 16187.2
170000 4100.43 6049.93 6091.43 16241.8
170500 4123.94 6053.02 6117 16294
171000 4150.8 6058.93 6137.49 16347.2
171500 4173.01 6062.76 6154.33 16390.1
172000 4190.96 6072.95 6179.48 16443.4
172500 4210.15 6082.33 6195.25 16487.7
173000 4227.73 6098.58 6218.51 16544.8
173500 4245.49 6118.45 6238.35 16602.3
174000 4252.9 6115.88 6260.83 16629.6
174500 4254.04 6124.15 6285.02 16663.2
175000 4261.55 6125.91 6301.94 16689.4
175500 4276.41 6126.93 6312.55 16715.9
176000 4280.44 6135.49 6333.11 16749
176500 4295.09 6138.92 6360.36 16794.4
177000 4301.75 6141.27 6384.07 16827.1
177500 4315.31 6157.54 6402.53 16875.4
178000 4323.9 6176.23 6426.94 16927.1
178500 4332.85 6194.57 6445.19 16972.6
179000 4339.07 6215.81 6462.6 17017.5
179500 4345.52 6242.49 6487.12 17075.1
180000 4360.3 6266.75 6512.6 17139.7
180500 4374.88 6288.1 6523.53 17186.5
181000 4386.49 6314.71 6535.26 17236.5
181500 4409.26 6350.14 6546.58 17306
182000 4419.15 6369.73 6552.72 17341.6
182500 4435.15 6378.75 6569.39 17383.3
183000 4439.06 6395.18 6580.28 17414.5
183500 4444.87 6404.57 6572.53 17422
184000 4446.14 6413.54 6573.42 17433.1
184500 4445.05 6420.84 6573.61 17439.5
185000 4446.14 6430.45 6585.43 17462
185500 4452.69 6444.85 6594.72 17492.3
186000 4465.5 6460.38 6606.91 17532.8
186500 4472.29 6480.72 6622.03 17575
187000 4485.15 6490.92 6635.42 17611.5
187500 4496.05 6503.52 6660.01 17659.6
188000 4508.58 6518.89 6670.57 17698
188500 4513.53 6526.93 6674.97 17715.4
189000 4516.49 6526.31 6686.03 17728.8
189500 4522.92 6524.78 6708.14 17755.8
190000 4531.64 6534.93 6743.6 17810.2
190500 4541.38 6552.42 6777.58 17871.4
191000 4545.11 6557.35 6809.33 17911.8
191500 4553.27 6556.9 6836.24 17946.4
192000 4566.53 6554.95 6855.91 17977.4
192500 4575.47 6561.6 6876.57 18013.6
193000 4588.88 6574.92 6894.58 18058.4
193500 4595.22 6590.34 6916.76 18102.3
194000 4606.16 6598.24 6924.5 18128.9
194500 4613.85 6596.67 6927.83 18138.3
195000 4612.1 6593.83 6935.72 18141.7
195500 4624.06 6601.27 6940.19 18165.5
196000 4632.01 6613.13 6966.48 18211.6
196500 4636.98 6619.29 6981.1 18237.4
197000 4639.75 6629.42 6993.63 18262.8
197500 4639.01 6641.74 7004.67 18285.4
198000 4642.56 6650.35 7027.68 18320.6
198500 4644.84 6665.87 7051.19 18361.9
199000 4654.93 6682.84 7079.4 18417.2
199500 4665.56 6686.38 7097.43 18449.4
200000 4679.08 6698.15 7115.13 18492.4
200500 4688.62 6709.94 7125.98 18524.5
201000 4701.75 6722.93 7140.21 18564.9
201500 4721.08 6755.84 7162.4 18639.3
202000 4724.91 6782.79 7182.11 18689.8
202500 4733.45 6813.92 7191.59 18739
203000 4726.15 6844.52 7197.77 18768.4
203500 4733.99 6881.82 7210.23 18826
204000 4734.73 6914.4 7220.58 18869.7
204500 4734.29 6935.05 7248.25 18917.6
205000 4738.08 6945.32 7260.05 18943.4
205500 4757.18 6960.86 7266.72 18984.8
206000 4768.78 6971.98 7287.66 19028.4
206500 4779.93 6988.2 7311.16 19079.3
207000 4798.44 7005.14 7317.67 19121.2
207500 4811.58 7018.81 7317.34 19147.7
208000 4809.5 7048.02 7331.36 19188.9
208500 4810.3 7065.41 7352.15 19227.9
209000 4825.73 7085.45 7366.98 19278.2
209500 4841.99 7090.89 7384.58 19317.5
210000 4857.28 7105.27 7393.6 19356.1
210500 4879.74 7127.8 7407.45 19415
211000 4893.44 7153.81 7423.62 19470.9
211500 4898.86 7176.62 7437.49 19513
212000 4909.87 7201.37 7443.33 19554.6
212500 4931.45 7225.8 7449.07 19606.3
213000 4946.79 7240.87 7460.07 19647.7
213500 4962.14 7250.59 7469.82 19682.6
214000 4980.28 7269.23 7488.45 19738
214500 4998.24 7293.63 7506.83 19798.7
215000 5007.79 7308.5 7521.84 19838.1
215500 5018.87 7326.74 7541.21 19886.8
216000 5021.08 7352.51 7561.94 19935.5
216500 5032.33 7383.01 7576.12 19991.5
217000 5046.12 7407.51 7590.84 20044.5
217500 5063.62 7433.52 7615.29 20112.4
218000 5075.35 7459.9 7639.97 20175.2
218500 5091.59 7499.51 7657.77 20248.9
219000 5103.07 7536.32 7687.18 20326.6
219500 5116.08 7566.54 7701.54 20384.2
220000 5134.69 7589.17 7712.71 20436.6
220500 5157.1 7609.47 7726.51 20493.1
221000 5170.95 7626.64 7740.54 20538.1
221500 5180.23 7646.24 7755.22 20581.7
222000 5193.68 7646.03 7761.3 20601
222500 5199.83 7662.8 7762.08 20624.7
223000 5213.04 7697.08 7768.16 20678.3
223500 5228.55 7729.56 7780.93 20739
224000 5245.86 7757.8 7789.8 20793.5
224500 5270.63 7773.99 7805.81 20850.4
225000 5283.58 7788.61 7821.03 20893.2
225500 5299.9 7800.98 7828.48 20929.4
226000 5315.65 7811.12 7839.31 20966.1
226500 5327.49 7809.36 7847.97 20984.8
227000 5345.92 7816.83 7861.35 21024.1
227500 5370.02 7828.92 7893.84 21092.8
228000 5386.57 7841.94 7930.96 21159.5
228500 5406.03 7857.51 7952.97 21216.5
229000 5418.03 7859.26 7985.41 21262.7
229500 5427.28 7868.79 8012.32 21308.4
230000 5425.98 7871.2 8036.64 21333.8
230500 5429.02 7875.23 8049.75 21354
231000 5437.41 7892.02 8070.14 21399.6
231500 5451.51 7907.54 8103.77 21462.8
232000 5466.69 7923.22 8124.79 21514.7
232500 5480.97 7939.2 8138.05 21558.2
233000 5501 7942.9 8141.94 21585.8
233500 5529.52 7955.78 8141.32 21626.6
234000 5557.02 7973.1 8147.81 21677.9
234500 5575.8 7981.33 8146.44 21703.6
235000 5596.88 7995.23 8145.13 21737.2
235500 5622.49 8002.94 8147.01 21772.4
236000 5639.48 8005.61 8158.23 21803.3
236500 5658.68 8017.17 8163.38 21839.2
237000 5669.41 8028.35 8183.13 21880.9
237500 5685.6 8043.08 8211.75 21940.4
238000 5704.14 8056.32 8238.78 21999.2
238500 5723.14 8068.53 8274.21 22065.9
239000 5739.34 8081.02 8311.6 22132
239500 5758 8087.54 8344.26 22189.8
240000 5763.93 8097.87 8375.17 22237
240500 5768.39 8110.06 8393.33 22271.8
241000 5779.18 8135 8415.88 22330.1
241500 5803.35 8150.32 8424.21 22377.9
242000 5816 8171.61 8444.61 22432.2
242500 5819.86 8181.33 8471.69 22472.9
243000 5823.8 8192.88 8506.16 22522.8
243500 5825.72 8212.99 8535.43 22574.1
244000 5835.44 8230.3 8561.66 22627.4
244500 5851.49 8258.85 8575.86 22686.2
245000 5856.34 8273.47 8588.18 22718
245500 5862.87 8295.66 8600.99 22759.5
246000 5874.93 8321.6 8604.11 22800.6
246500 5893.32 8350.85 8616.13 22860.3
247000 5894.9 8367.37 8633.41 22895.7
247500 5908.1 8387.15 8650.66 22945.9
248000 5922.39 8391.5 8673.96 22987.9
248500 5936.47 8401.49 8701.37 23039.3
249000 5945.56 8422.12 8720.05 23087.7
249500 5947.55 8428.4 8724.19 23100.1
250000 5955.28 8440.96 8740.4 23136.6
250500 5964.56 8452.84 8758.87 23176.3
251000 5976.77 8470.85 8771.78 23219.4
251500 5998.58 8491.99 8781.31 23271.9
252000 6009.53 8501.74 8797.95 23309.2
252500 6033.73 8509.08 8816.91 23359.7
253000 6045.92 8530.21 8839.38 23415.5
253500 6060.91 8557.27 8867.07 23485.3
254000 6069.37 8589.67 8904.23 23563.3
254500 6075.09 8615.39 8925.38 23615.9
255000 6076.14 8642.1 8944.16 23662.4
255500 6091.15 8664.36 8965.78 23721.3
256000 6111.26 8679.68 8984.66 23775.6
256500 6129.39 8702.54 9005.38 23837.3
257000 6136.02 8728.65 9020.71 23885.4
257500 6138.8 8748.73 9034.26 23921.8
258000 6146.19 8773.79 9058.02 23978
258500 6150.27 8799.61 9075.62 24025.5
259000 6152.69 8837.69 9083.95 24074.3
259500 6165.11 8876.08 9089.8 24131
260000 6169.79 8900.3 9113.31 24183.4
260500 6182.36 8930.41 9136.99 24249.8
261000 6199.25 8947.7 9151.18 24298.1
261500 6222.31 8960.92 9166.29 24349.5
262000 6243.42 8982.21 9188.96 24414.6
262500 6257.68 9004.61 9199.31 24461.6
263000 6268.77 9020.83 9216.19 24505.8
263500 6272.31 9036.08 9232.25 24540.6
264000 6276.22 9046.41 9265.84 24588.5
264500 6286.43 9063.52 9292.55 24642.5
265000 6290.08 9078.21 9324.08 24692.4
265500 6274.08 9104.9 9342.65 24721.6
266000 6259.08 9139.35 9365.43 24763.9
266500 6253.15 9154.59 9380.54 24788.3
267000 6264.68 9176.52 9393.83 24835
267500 6276.02 9195.72 9410.83 24882.6
268000 6289.13 9230.63 9413.29 24933.1
268500 6306.62 9254.71 9413.48 24974.8
269000 6319.43 9273.7 9408.2 25001.3
269500 6325.62 9298.74 9420.35 25044.7
270000 6344.9 9313.17 9444.52 25102.6
270500 6358.89 9331.15 9464.12 25154.2
271000 6360.81 9355.75 9480.35 25196.9
271500 6367.06 9377.57 9476.5 25221.1
272000 6373.99 9399.44 9484.19 25257.6
272500 6388.22 9410.35 9495.38 25294
273000 6405.31 9431.06 9496.88 25333.3
273500 6408.16 9451.58 9490.49 25350.2
274000 6411.06 9471.17 9484.84 25367.1
274500 6411.07 9495.7 9493.78 25400.6
275000 6418.55 9524.57 9512.77 25455.9
275500 6427.94 9544.52 9527.24 25499.7
276000 6429.52 9562.34 9555.59 25547.4
276500 6424.35 9584.91 9584.01 25593.3
277000 6427.66 9612.08 9590.73 25630.5
277500 6428.7 9629.68 9600.57 25658.9
278000 6439.74 9633.38 9613.47 25686.6
278500 6445.33 9656.38 9633.2 25734.9
279000 6461.06 9687.84 9636.21 25785.1
279500 6477.01 9709.8 9645.76 25832.6
280000 6494.37 9726.66 9652.6 25873.6
280500 6504.3 9751.48 9663.16 25918.9
281000 6527.92 9781.6 9667.72 25977.2
281500 6541.81 9812.14 9682.91 26036.9
282000 6558.17 9835.98 9684.65 26078.8
282500 6588.66 9860.04 9686.08 26134.8
283000 6607.14 9874.55 9677.93 26159.6
283500 6629.96 9906 9675.14 26211.1
284000 6639.97 9937.3 9690.14 26267.4
284500 6664.35 9952.11 9708.71 26325.2
285000 6697.78 9974.56 9734.74 26407.1
285500 6714.8 10004.3 9759.92 26479
286000 6730.89 10022.6 9781.22 26534.7
286500 6754.18 10030.1 9798.4 26582.7
287000 6771.01 10032.5 9813.48 26617
287500 6785.15 10042.8 9837.59 26665.6
288000 6796.65 10065.1 9838.34 26700.1
288500 6811.61 10083.5 9850.98 26746.1
289000 6831.56 10108.8 9876.74 26817.1
289500 6842.63 10123 9893.58 26859.2
290000 6852.41 10138.2 9909.75 26900.4
290500 6856.38 10151.2 9922.58 26930.2
291000 6858.79 10163.2 9929.9 26951.9
291500 6872 10177.3 9927 26976.3
292000 6884.27 10200.2 9931.5 27015.9
292500 6897.24 10218.4 9943.45 27059.1
293000 6902.19 10243.5 9955.25 27100.9
293500 6902.13 10270.4 9970.11 27142.6
294000 6911.4 10281.1 9981.78 27174.3
294500 6932.89 10292.8 9994.73 27220.4
295000 6948.76 10318.6 10006.7 27274
295500 6944.28 10331 10019.4 27294.7
296000 6949.18 10337.1 10037.4 27323.7
296500 6963.88 10355.7 10064.3 27383.8
297000 6971.51 10378.3 10069.8 27419.5
297500 6974.72 10396.2 10074 27444.9
298000 6992.72 10410.1 10074.7 27477.5
298500 7023.02 10429 10096.1 27548.1
299000 7038.44 10435.2 10118.7 27592.4
299500 7054.33 10448.9 10118.4 27621.7
300000 7070.33 10465 10134 27669.3
300500 7078.75 10474 10157.2 27709.9
301000 7089.23 10486.7 10168.9 27744.8
301500 7099.92 10492.5 10191.3 27783.7
302000 7117.71 10498.2 10210.6 27826.5
302500 7125.6 10510.7 10224 27860.3
303000 7134.1 10524.4 10240.9 27899.4
303500 7133.18 10539.5 10271.2 27943.8
304000 7135.97 10551.2 10303.6 27990.8
304500 7146.68 10563.2 10331 28040.9
305000 7152.59 10567.5 10356.4 28076.5
305500 7152.45 10586.4 10388 28126.9
306000 7147.72 10610.7 10418.5 28176.9
306500 7143.39 10636.6 10433.9 28213.9
307000 7152 10662 10447.9 28261.9
307500 7156.92 10675.9 10475.6 28308.4
308000 7160.92 10689.8 10496.6 28347.3
308500 7175.67 10698.5 10509.9 28384
309000 7183.15 10725.1 10523.9 28432.1
309500 7186.92 10740.1 10547.2 28474.1
310000 7191.31 10745.1 10556.3 28492.6
310500 7200.53 10766.8 10572.3 28539.6
311000 7200.15 10783.9 10573.7 28557.7
311500 7201.48 10794.4 10576 28571.9
312000 7215.43 10820.9 10577.4 28613.7
312500 7231.89 10850.5 10584.5 28666.8
313000 7229.63 10875.4 10604.1 28709.1
313500 7233.99 10892.5 10629 28755.4
314000 7244.62 10915.9 10660.2 28820.7
314500 7255.05 10922.3 10685.4 28862.8
315000 7273.05 10924.6 10719.1 28916.7
315500 7292.77 10936.5 10759.6 28988.9
316000 7304.33 10967.2 10797.1 29068.7
316500 7321.09 10993 10824.2 29138.2
317000 7333.26 11017.4 10857.8 29208.4
317500 7350.04 11036.9 10876.6 29263.6
318000 7352.9 11068.1 10901.1 29322.1
318500 7365.02 11097.5 10915.8 29378.3
319000 7381.23 11112.4 10931.5 29425.1
319500 7396.23 11128.9 10949.9 29475
320000 7405.08 11155.7 10954.9 29515.6
320500 7419.03 11186.1 10970.4 29575.5
321000 7434.13 11214.2 10998.9 29647.3
321500 7445.38 11216.2 11014.4 29675.9
322000 7458.57 11225.3 11041.3 29725.2
322500 7461.36 11241.5 11065.5 29768.3
323000 7461.85 11259.3 11076.3 29797.4
323500 7449.73 11279.5 11080.2 29809.4
324000 7448.6 11288.6 11091.8 29829
324500 7458.63 11307 11115.5 29881.2
325000 7464.07 11328.6 11134.8 29927.5
325500 7456.09 11354.9 11143 29954
326000 7476.14 11377 11164.9 30018
326500 7487.76 11402.4 11188.1 30078.2
327000 7490.69 11427.1 11206.2 30124
327500 7519.47 11436 11225.9 30181.4
328000 7529.48 11458.6 11250.4 30238.4
328500 7548.59 11479 11258.8 30286.4
329000 7562.25 11495 11288.5 30345.7
329500 7576.46 11527.9 11311.3 30415.7
330000 7593.56 11535.5 11329.5 30458.5
330500 7614.19 11538.8 11352.1 30505.1
331000 7625.11 11558.6 11379.8 30563.6
331500 7630.93 11579.2 11389.9 30600
332000 7644.44 11590.9 11433.2 30668.5
332500 7647.5 11609.9 11471.5 30729
333000 7647.12 11632.1 11505 30784.2
333500 7645.46 11645.8 11537 30828.3
334000 7646.15 11651.7 11572.1 30870
334500 7652.98 11652.8 11596 30901.7
335000 7648.63 11649.7 11611.8 30910.1
335500 7661.55 11665.6 11628.7 30955.8
336000 7683.92 11679.9 11651.9 31015.8
336500 7691.31 11697 11673.6 31061.8
337000 7695.96 11722.7 11699 31117.6
337500 7696.01 11751.8 11716.9 31164.7
338000 7707.96 11784.5 11750.5 31242.9
338500 7714.18 11809.3 11778.7 31302.1
339000 7711.01 11831.1 11804.5 31346.6
339500 7723.47 11853.5 11816.6 31393.5
340000 7728.75 11858.7 11838.6 31426
340500 7727.23 11866.6 11881.9 31475.7
341000 7736.91 11882.6 11903.6 31523.1
341500 7740.47 11913.5 11933.1 31587.1
342000 7750.59 11973.4 11947.9 31671.9
342500 7755.47 12006.4 11961.6 31723.4
343000 7759.61 12038.3 11985.1 31783.1
343500 7775.3 12074.5 12016.1 31865.9
344000 7786.08 12098.4 12041.6 31926.1
344500 7795.15 12126.8 12073.6 31995.6
345000 7794.63 12145.8 12092.6 32033.1
345500 7785.57 12175.1 12098.2 32058.8
346000 7789.62 12228.9 12111.8 32130.3
346500 7792.03 12277.8 12122.2 32192
347000 7785.01 12317 12117.3 32219.3
347500 7792.59 12356.1 12105.3 32254
348000 7790.16 12389.2 12107.1 32286.5
348500 7781.84 12415.2 12122.9 32320
349000 7802.18 12445.5 12145.8 32393.5
349500 7815.2 12473.9 12155.8 32444.9
350000 7823.6 12490.4 12165.2 32479.2
350500 7832.43 12503.3 12187.5 32523.2
351000 7840.71 12539.5 12192 32572.2
351500 7844.59 12570 12193 32607.6
352000 7853.23 12594.4 12212.2 32659.8
352500 7877.93 12613.3 12223 32714.2
353000 7893.36 12644.3 12239.4 32777
353500 7901.03 12665.3 12247.3 32813.6
354000 7899.41 12677.2 12263.4 32840
354500 7912.23 12699.5 12279.5 32891.2
355000 7921.79 12700.6 12286.6 32908.9
355500 7917.37 12711.7 12303.6 32932.7
356000 7916.38 12719.4 12333.2 32968.9
356500 7923.69 12735.7 12347.8 33007.2
357000 7926.18 12744.9 12369.8 33040.9
357500 7907.36 12757.2 12390.4 33054.9
358000 7904.62 12776.8 12416.4 33097.8
358500 7907.87 12814.8 12451.4 33174.1
359000 7917.12 12852 12483.3 33252.4
359500 7923.09 12872 12506.3 33301.4
360000 7937.3 12901.6 12516 33354.8
360500 7948.84 12912.6 12524.8 33386.3
361000 7956.83 12926.1 12536.1 33419
361500 7967.33 12933.8 12554.2 33455.3
362000 7987.34 12938.9 12585.1 33511.3
362500 8013.06 12958.7 12619.7 33591.5
363000 8027.83 12985.8 12672.1 33685.8
363500 8041.64 13009.7 12723.9 33775.2
364000 8045.38 13034.8 12759.5 33839.7
364500 8040.48 13040.4 12788.9 33869.8
365000 8054.16 13043.5 12813.8 33911.5
365500 8064.59 13069.2 12842.2 33976
366000 8076.27 13089 12875.2 34040.5
366500 8083.32 13076.5 12893.7 34053.6
367000 8089.25 13051.1 12927 34067.4
367500 8105.47 13050.4 12962.1 34117.9
368000 8126.9 13027.9 12981.8 34136.6
368500 8126.64 13025.6 13000.4 34152.7
369000 8132.54 13031 13019.1 34182.7
369500 8141.43 13032.9 13038.8 34213.2
370000 8155.52 13018.5 13046.9 34220.9
370500 8162.01 13012.8 13055.2 34230
371000 8167.02 13028.8 13049.4 34245.2
371500 8170.21 13059.4 13058.5 34288.1
372000 8174.04 13089.5 13083.7 34347.2
372500 8166.27 13114.5 13098.4 34379.1
373000 8153.9 13131.2 13123.5 34408.6
373500 8153.27 13155.2 13141.6 34450.1
374000 8150.92 13181.5 13155.8 34488.2
374500 8142.28 13204.1 13170.4 34516.8
375000 8134.08 13239.1 13169.6 34542.8
375500 8127.62 13253.5 13179.1 34560.3
376000 8130.92 13283.1 13191.5 34605.5
376500 8132.84 13312 13203.5 34648.3
377000 8143.96 13327 13216.6 34687.6
377500 8150.79 13344.5 13232 34727.3
378000 8158.74 13362.3 13258.7 34779.8
378500 8162.19 13375.7 13285.7 34823.6
379000 8167.39 13399.7 13308.3 34875.4
379500 8176.89 13417.3 13337.9 34932
380000 8199.95 13433.9 13369.6 35003.5
380500 8218.28 13453 13417.1 35088.4
381000 8230.49 13480.5 13461.5 35172.4
381500 8237.83 13505.1 13486.4 35229.3
382000 8246.87 13511.8 13511 35269.6
382500 8257.06 13514.9 13541.6 35313.6
383000 8277.81 13541.2 13574 35393.1
383500 8291.23 13558.2 13601.3 35450.7
384000 8298.43 13579.5 13634.2 35512.2
384500 8309.15 13613 13661.3 35583.5
385000 8320.64 13632.4 13663 35616.1
385500 8323.71 13636.6 13674.4 35634.7
386000 8325.58 13649.6 13688.6 35663.7
386500 8340.74 13653.6 13701.3 35695.6
387000 8366.01 13654.3 13714.4 35734.7
387500 8384.87 13666.5 13719.8 35771.2
388000 8389.62 13678 13747.5 35815.1
388500 8400.53 13719.5 13781.9 35901.9
389000 8407.12 13753.6 13810.9 35971.6
389500 8421.25 13767 13839.8 36028.1
390000 8438.21 13780.6 13858.8 36077.6
390500 8457.41 13794.7 13864 36116.1
391000 8455.78 13819.2 13851.6 36126.5
391500 8469.72 13842.3 13862.2 36174.2
392000 8484.24 13863.2 13876 36223.5
392500 8481.22 13876 13873.9 36231.1
393000 8484.55 13895.3 13877.8 36257.6
393500 8472 13909.6 13896.1 36277.8
394000 8476.68 13926 13927.2 36329.9
394500 8482.59 13950.3 13958.8 36391.7
395000 8479.1 13963.3 13999.6 36442
395500 8489.19 13979 14000.4 36468.6
396000 8497.49 13990.6 13989.9 36478
396500 8519.86 14001.2 13995.9 36517
397000 8523.42 14032.3 14005.5 36561.2
397500 8544.9 14062 14007.1 36614
398000 8556.18 14093 14018.7 36667.8
398500 8572.09 14104.2 14039.2 36715.4
399000 8590.28 14105.9 14046.3 36742.4
399500 8600.38 14122.3 14077.8 36800.6
400000 8598.49 14122.5 14088.5 36809.5
400500 8599.5 14126.1 14097.4 36822.9
401000 8612.17 14143.9 14111.8 36867.9
401500 8610.21 14147 14109.6 36866.8
402000 8605.39 14160.6 14121.6 36887.6
402500 8611.52 14194.1 14124.6 36930.2
403000 8620.08 14214.2 14141.5 36975.8
403500 8636.85 14241.2 14156 37034.1
404000 8656.5 14250.6 14177.7 37084.7
404500 8672 14244.3 14191.2 37107.5
405000 8689.26 14247.3 14228.1 37164.7
405500 8709.09 14258.2 14257 37224.3
406000 8732.71 14283.3 14286.5 37302.5
406500 8739.39 14309.2 14305.8 37354.5
407000 8765.98 14330.5 14325 37421.5
407500 8778.49 14332.8 14346.4 37457.7
408000 8794.3 14337.2 14359.4 37490.9
408500 8815.5 14337.8 14363.8 37517.1
409000 8833.85 14359.3 14376.8 37569.9
409500 8851.48 14371.1 14348.6 37571.2
410000 8871.27 14402.1 14332.1 37605.5
410500 8888.21 14436.9 14314 37639.1
411000 8891.97 14461 14331.1 37684
411500 8912 14483.6 14336.6 37732.1
412000 8911.34 14517.1 14360 37788.4
412500 8911.93 14541.5 14372.9 37826.3
413000 8921.37 14555.5 14387.3 37864.2
413500 8923.78 14577.3 14406.3 37907.4
414000 8930.58 14611.5 14422.9 37964.9
414500 8939.58 14637 14452.5 38029.1
415000 8949.86 14657 14468.7 38075.5
415500 8960.17 14671.4 14477.9 38109.5
416000 8971.87 14680.8 14479.4 38132.1
416500 8978.66 14668.1 14469.5 38116.3
417000 8978.3 14654.6 14475 38107.9
417500 8985.58 14649.2 14504.9 38139.7
418000 8998.59 14651.4 14527.4 38177.3
418500 9009.44 14648.8 14549.5 38207.7
419000 9035.41 14652.1 14576.3 38263.8
419500 9057.41 14678 14588 38323.4
420000 9068.81 14691.4 14607.8 38368
420500 9073.08 14725.4 14620.9 38419.4
421000 9073.64 14762.7 14639 38475.3
421500 9083.2 14793.5 14656 38532.7
422000 9082.82 14817.9 14684.1 38584.8
422500 9102.66 14830.9 14700.4 38633.9
423000 9119.41 14839.3 14731.1 38689.8
423500 9128.38 14837.8 14761.2 38727.4
424000 9143.7 14840.6 14800.2 38784.5
424500 9151.89 14844.2 14848.7 38844.8
425000 9155.67 14874.4 14889.6 38919.7
425500 9170.47 14871.7 14925.7 38967.8
426000 9190.76 14871.6 14934.3 38996.7
426500 9196.94 14881.5 14927.3 39005.8
427000 9197.03 14884.8 14938.3 39020.1
427500 9198.26 14884.7 14949.2 39032.2
428000 9210.2 14886.4 14958.4 39055
428500 9212.32 14911.9 14985.5 39109.7
429000 9222.62 14924.4 15002.5 39149.6
429500 9234.59 14956.3 15019.2 39210.1
430000 9245.22 14973.5 15037.8 39256.6
430500 9251.76 15010.1 15070.3 39332.1
431000 9266.01 15046.8 15089.2 39402
431500 9296.53 15070.9 15085 39452.4
432000 9316.6 15104.2 15093 39513.8
432500 9332.8 15121.6 15101.5 39555.8
433000 9339.09 15132.2 15101.5 39572.8
433500 9350.06 15131.9 15102.9 39584.8
434000 9353.49 15124.2 15103.3 39581
434500 9355.98 15142.8 15099.2 39598
435000 9355.12 15145.3 15110.9 39611.3
435500 9352.02 15143.1 15135.7 39630.8
436000 9353.08 15143.1 15171.6 39667.8
436500 9358.17 15152.6 15182.7 39693.5
437000 9362.29 15177.1 15190.7 39730.1
437500 9359.61 15178.3 15217.7 39755.5
438000 9348.33 15193.7 15213.5 39755.5
438500 9338.78 15207.8 15211.1 39757.6
439000 9329.5 15222.9 15223.4 39775.8
439500 9332.4 15221.1 15236.5 39790.1
440000 9338.27 15247.3 15255.9 39841.6
440500 9338.7 15274.9 15267.8 39881.4
441000 9341.82 15300.7 15277.6 39920.1
441500 9346.79 15334.3 15284.8 39965.9
442000 9363.82 15365.3 15298.5 40027.6
442500 9375.79 15393.9 15307.2 40076.9
443000 9405.65 15429.3 15343.8 40178.7
443500 9413.77 15466.3 15362 40242.1
444000 9439.7 15490.6 15374.8 40305.1
444500 9455.43 15505.7 15407.2 40368.3
445000 9469.97 15525.4 15426.6 40421.9
445500 9486.78 15554 15465 40505.9
446000 9491.26 15588.7 15475.9 40555.9
446500 9509.98 15630.9 15488.2 40629.1
447000 9532.82 15673.5 15500.9 40707.2
447500 9553.28 15724.2 15530.4 40807.9
448000 9566.16 15766.3 15565.2 40897.6
448500 9577.83 15782.2 15607.8 40967.8
449000 9591.74 15806.2 15639 41036.9
449500 9592.14 15833.7 15648.4 41074.2
450000 9604.92 15858.8 15672 41135.7
450500 9624.68 15880.8 15704.9 41210.4
451000 9640.85 15915.8 15752.1 41308.8
451500 9653.45 15923.5 15759.9 41336.9
452000 9673.95 15958.1 15760.3 41392.3
452500 9674.12 15980.9 15776.9 41431.9
453000 9676.94 16011.8 15793.7 41482.5
453500 9692.88 16030.9 15808.5 41532.3
454000 9697.46 16055.5 15840.3 41593.2
454500 9709.47 16079 15864.5 41653
455000 9720.49 16106.5 15900.4 41727.4
455500 9729.67 16129.3 15928.4 41787.3
456000 9759.35 16133.5 15954.8 41847.7
456500 9776.74 16149.8 15986.9 41913.4
457000 9784.42 16164.6 16040.4 41989.3
457500 9780.63 16184.1 16070.8 42035.5
458000 9791.97 16179.8 16079.4 42051.2
458500 9809.96 16194.2 16117.9 42122
459000 9819.94 16206.9 16155.1 42181.9
459500 9838.25 16219.4 16187.8 42245.5
460000 9857.1 16261.3 16209.6 42328
460500 9874.47 16280.2 16220.3 42375
461000 9884.04 16278.2 16231.8 42394
461500 9898.82 16275.2 16229.2 42403.3
462000 9906.88 16269.6 16246.7 42423.2
462500 9915.03 16271.3 16261.5 42447.8
463000 9916.2 16280.4 16261 42457.6
463500 9910.93 16287.9 16259 42457.8
464000 9907.55 16280.2 16269 42456.7
464500 9902.21 16272.6 16263.5 42438.4
465000 9896.22 16272.7 16257.9 42426.8
465500 9905.64 16275.9 16284.9 42466.4
466000 9928.86 16279.2 16328.8 42536.9
466500 9937.74 16291.8 16360.5 42590.1
467000 9957.49 16290.6 16388.6 42636.6
467500 9981.82 16290.2 16390.7 42662.7
468000 9987.2 16309 16388.9 42685.2
468500 10001.8 16334.6 16413.2 42749.5
469000 10005.5 16342.8 16449.3 42797.5
469500 10030.6 16358.7 16495.9 42885.2
470000 10050.6 16390.1 16550.9 42991.5
470500 10071.2 16412.4 16602.2 43085.8
471000 10098 16424.5 16630.7 43153.2
471500 10115.6 16452.2 16652.1 43220
472000 10125.3 16486.5 16676.5 43288.3
472500 10133.8 16510.1 16700.4 43344.4
473000 10150.3 16522.5 16725.3 43398.1
473500 10174.8 16530.2 16751.4 43456.4
474000 10194.5 16565.5 16776.9 43536.9
474500 10212.7 16578.5 16807 43598.2
475000 10226.8 16588.3 16830.2 43645.3
475500 10256.3 16593 16832.5 43681.8
476000 10271.4 16615.4 16839.8 43726.5
476500 10296.4 16634.8 16849.4 43780.6
477000 10322.4 16664.1 16874.1 43860.6
477500 10336.6 16674 16923.2 43933.7
478000 10350.4 16690.6 16945.9 43986.9
478500 10352.2 16708.5 16981.1 44041.8
479000 10367.9 16691.8 17010.5 44070.2
479500 10382.6 16690 17036.9 44109.5
480000 10398.6 16714.3 17061.5 44174.4
480500 10422.3 16733.8 17075.1 44231.1
481000 10436.9 16752 17085 44273.8
481500 10462.1 16783.5 17110.8 44356.4
482000 10479.9 16801.6 17136.8 44418.3
482500 10490 16795.2 17157.2 44442.3
483000 10507 16795.9 17168.5 44471.5
483500 10527.6 16814.8 17175.1 44517.5
484000 10534.2 16843.4 17176.3 44553.9
484500 10561.5 16853.7 17174.7 44589.9
485000 10572.3 16856.8 17178.6 44607.7
485500 10580.8 16854.4 17201.1 44636.3
486000 10583.5 16858.5 17231 44673
486500 10581.9 16859.6 17253.2 44694.8
487000 10576.1 16866.8 17271.5 44714.4
487500 10563.9 16886.3 17282 44732.2
488000 10555.1 16903 17328.4 44786.5
488500 10563.2 16939.7 17380.8 44883.7
489000 10570.7 16977.5 17418.3 44966.5
489500 10580.8 17005.4 17441.3 45027.4
490000 10593.3 17010.7 17465.3 45069.3
490500 10601.8 17010.9 17496 45108.7
491000 10610.7 17015.3 17511.4 45137.4
491500 10612.3 17041 17529.7 45183
492000 10631.2 17069.7 17547.9 45248.7
492500 10658.3 17080.2 17555.8 45294.2
493000 10694.9 17102.1 17582.4 45379.4
493500 10731 17120.2 17602.4 45453.6
494000 10750.1 17137.5 17621.5 45509.1
494500 10760.9 17147.1 17647.5 45555.5
495000 10765.7 17166.8 17669.5 45601.9
495500 10773 17161 17685.1 45619
496000 10778.4 17142.8 17691 45612.2
496500 10793.4 17139.7 17730.3 45663.4
497000 10812.5 17148.3 17760.4 45721.2
497500 10817.5 17156.6 17779 45753.2
498000 10822.9 17179.6 17796.6 45799.1
498500 10841.5 17214.8 17802.4 45858.7
499000 10842.3 17249 17822.9 45914.1
499500 10834 17273.5 17854.6 45962
500000 10843.5 17283.1 17876.2 46002.8
500500 10847.6 17287.2 17894.5 46029.4
501000 10865.9 17295.3 17915.8 46077
501500 10878.3 17298.2 17952.2 46128.7
502000 10878 17286.7 17972.2 46137
502500 10870.2 17283.7 18003.6 46157.5
503000 10870 17276.2 18039 46185.2
503500 10865.4 17277.6 18067.1 46210.1
504000 10864.8 17294.6 18073.9 46233.4
504500 10852.4 17308.2 18076.2 46236.8
505000 10853.7 17323.6 18082.7 46260
505500 10846.5 17331.4 18075.6 46253.5
506000 10839.7 17348.4 18063.4 46251.5
506500 10847.5 17379 18047.9 46274.4
507000 10869.3 17407.8 18052.1 46329.2
507500 10892.5 17425.5 18069.7 46387.7
508000 10893.1 17451.4 18097.2 46441.7
508500 10893.5 17462.3 18097.6 46453.4
509000 10901.7 17486.8 18105.5 46494
509500 10907.4 17506.4 18113.2 46527
510000 10907.9 17526.8 18135.5 46570.1
510500 10911.1 17548.3 18162.6 46622
511000 10924.3 17576 18181.7 46682.1
511500 10930.7 17579.5 18194.1 46704.3
512000 10922.8 17577.9 18209 46709.7
512500 10909.3 17556.2 18216.8 46682.3
513000 10914.7 17559.6 18229.5 46703.7
513500 10909.3 17567.5 18255.4 46732.2
514000 10911.1 17578.7 18282.9 46772.7
514500 10911.7 17582.3 18295.8 46789.8
515000 10904.3 17571.7 18318 46794
515500 10902.3 17575.7 18352.8 46830.9
516000 10907.7 17591.4 18383.6 46882.6
516500 10908.3 17589.8 18409.8 46907.9
517000 10912.3 17601.7 18430.9 46944.8
517500 10928 17612.9 18453.7 46994.6
518000 10932.7 17613.1 18476.3 47022
518500 10955.3 17617.7 18508.5 47081.5
519000 10970.1 17611.7 18539.1 47120.8
519500 10985 17618.5 18583.7 47187.2
520000 10993.4 17608 18598.5 47199.9
520500 11016.7 17612.4 18604.2 47233.3
521000 11033.8 17627.3 18605.4 47266.5
521500 11047.8 17657 18619.4 47324.1
522000 11071.4 17676.3 18656.4 47404
522500 11088.6 17707.2 18684.1 47479.8
523000 11097 17746.2 18724.6 47567.8
523500 11109.2 17785.2 18745.3 47639.7
524000 11112.1 17827.8 18759.4 47699.3
524500 11134.7 17858.8 18773.7 47767.2
525000 11150.5 17869.5 18786 47806.1
525500 11174.8 17865.4 18816.8 47857.1
526000 11202.4 17883.8 18832.5 47918.7
526500 11194.1 17905.3 18870.7 47970
527000 11199.5 17929.1 18905.3 48033.9
527500 11216.5 17970.2 18935.8 48122.5
528000 11219.4 18020.8 18963.7 48203.9
528500 11246.1 18050.1 18981.3 48277.6
529000 11259.1 18069.8 19003.2 48332.1
529500 11279.1 18081 19029.2 48389.4
530000 11292.5 18105.2 19046 48443.7
530500 11307.7 18127.9 19050.5 48486.2
531000 11325.3 18181.3 19062.9 48569.5
531500 11351.4 18219.1 19070.4 48640.9
532000 11377.3 18255.6 19081.3 48714.2
532500 11401.2 18266 19094.4 48761.5
533000 11403.6 18272.2 19119.6 48795.5
533500 11398.9 18273.2 19134.3 48806.3
534000 11404.5 18273.4 19128.5 48806.4
534500 11406.5 18275.1 19148.9 48830.6
535000 11422.1 18295.8 19150.6 48868.6
535500 11441.5 18301.6 19162.9 48906
536000 11456.5 18335.6 19179.3 48971.4
536500 11479 18362.1 19189.3 49030.4
537000 11500 18370.3 19200.8 49071.2
537500 11499 18365.8 19206.5 49071.3
538000 11488.4 18371.6 19213.1 49073.1
538500 11496.5 18372.1 19227.8 49096.4
539000 11519 18359.3 19245.1 49123.4
539500 11539.6 18366.6 19276.4 49182.6
540000 11545.7 18372 19307.7 49225.4
540500 11568.7 18400.8 19320.5 49290
541000 11569.3 18427.2 19315.7 49312.2
541500 11580.2 18447.6 19346.9 49374.7
542000 11596.2 18462.4 19375.6 49434.3
542500 11607.5 18451 19411.1 49469.6
543000 11621.5 18442.2 19454.7 49518.4
543500 11634.4 18427 19501 49562.4
544000 11648.9 18433.1 19544 49626
544500 11668.8 18423.8 19558.1 49650.8
545000 11671.5 18419.5 19577.6 49668.6
545500 11682.3 18432.7 19605.7 49720.8
546000 11705.2 18430.8 19634.3 49770.3
546500 11715.3 18421.7 19654.2 49791.2
547000 11724.8 18419.3 19691.8 49835.8
547500 11741.3 18431.5 19715.7 49888.4
548000 11769 18465.2 19753.9 49988.2
548500 11785.2 18503.6 19769.3 50058.1
549000 11800.1 18510.5 19793.7 50104.2
549500 11823.7 18527.9 19810.1 50161.6
550000 11840.5 18536.1 19839.9 50216.5
550500 11857.1 18538.6 19885.5 50281.3
551000 11874.4 18545.6 19928.5 50348.5
551500 11879.8 18579.6 19949.6 50409.1
552000 11890.5 18614.7 19985.7 50491
552500 11911.5 18641 20006.8 50559.4
553000 11931.2 18664.1 20041.2 50636.5
553500 11922.3 18690.2 20061.2 50673.6
554000 11918.1 18695.4 20097.9 50711.4
554500 11926.5 18696.3 20133.9 50756.8
555000 11941.5 18701.3 20170.4 50813.2
555500 11938.2 18702.2 20212.9 50853.3
556000 11929.3 18692.3 20236.7 50858.2
556500 11933 18696.2 20269 50898.1
557000 11941.8 18707 20287.2 50936
557500 11957.9 18716.4 20308.4 50982.7
558000 11968.6 18740.4 20336 51045
558500 11980 18782.1 20354.1 51116.2
559000 12010.5 18817.1 20350.6 51178.2
559500 12026.2 18824 20329 51179.3
560000 12028.7 18844.5 20338.3 51211.5
560500 12031.6 18861.3 20332.3 51225.1
561000 12040.5 18879.4 20333.8 51253.7
561500 12039.6 18892 20356.7 51288.3
562000 12053.7 18899 20360.6 51313.3
562500 12061.8 18913.2 20359.8 51334.8
563000 12067.3 18908.3 20356.5 51332.1
563500 12075.2 18920.8 20379.6 51375.5
564000 12090.1 18949.5 20404.3 51443.9
564500 12113.8 18978.4 20441.2 51533.5
565000 12130.2 19004.6 20470.1 51604.9
565500 12152.9 19006 20520 51678.8
566000 12196.9 19018.9 20574.4 51790.2
566500 12214.3 19029.9 20619 51863.2
567000 12226.4 19037.6 20638.9 51902.9
567500 12227.4 19043.1 20638.7 51909.2
568000 12216.7 19073.7 20631.1 51921.4
568500 12224 19107.5 20644.1 51975.6
569000 12223.6 19150.3 20658.4 52032.4
569500 12214.5 19197.2 20665.4 52077.1
570000 12225.2 19233.5 20672.3 52131.1
570500 12239.8 19264.9 20678.7 52183.4
571000 12241.8 19284.7 20704.8 52231.2
571500 12248.5 19297.2 20735.5 52281.2
572000 12255.8 19344.7 20762.8 52363.2
572500 12269.5 19382.9 20802.5 52455
573000 12281.2 19416.1 20843.5 52540.9
573500 12300.2 19433.2 20880.1 52613.5
574000 12299.4 19449.2 20922.7 52671.3
574500 12295.8 19449.2 20963.4 52708.4
575000 12293.3 19466.4 20986 52745.8
575500 12308.7 19467.6 20989 52765.4
576000 12329.8 19485.3 21006.9 52822.1
576500 12329.6 19497 21059.2 52885.9
577000 12331.1 19489.4 21094.8 52915.3
577500 12345.8 19500.9 21126.4 52973
578000 12354.8 19525.5 21159.9 53040.3
578500 12362.1 19537.4 21191.3 53090.8
579000 12373.3 19541.1 21235 53149.4
579500 12384.6 19537.8 21275.3 53197.8
580000 12386.9 19530.9 21307.8 53225.5
580500 12401.3 19543 21334.8 53279.1
581000 12401.8 19561.5 21360.4 53323.7
581500 12421.1 19594.5 21402.5 53418.2
582000 12438.2 19629.4 21421.3 53488.9
582500 12446.5 19667.8 21435.1 53549.4
583000 12460.1 19701.3 21473.1 53634.5
583500 12483.9 19734.2 21520.6 53738.7
584000 12498 19779.7 21568 53845.7
584500 12501.1 19816.8 21579.3 53897.1
585000 12518.9 19849.1 21605.3 53973.4
585500 12540.2 19851 21615.3 54006.6
586000 12565.9 19869.7 21619.3 54054.9
586500 12580.8 19875.9 21618.1 54074.8
587000 12589.2 19898.3 21641.6 54129.1
587500 12602 19919.9 21638.5 54160.4
588000 12617.7 19944.2 21635.3 54197.2
588500 12643.7 19984 21628.5 54256.2
589000 12669.1 20028.9 21617.3 54315.4
589500 12677.3 20048.1 21603.2 54328.6
590000 12692 20086.5 21613.2 54391.6
590500 12702.3 20115.3 21633.3 54450.9
591000 12710.2 20141.2 21660.9 54512.3
591500 12725 20147.5 21681.2 54553.7
592000 12720.1 20153.5 21716.6 54590.2
592500 12732.7 20181.5 21735.5 54649.6
593000 12757.7 20215.8 21752.1 54725.5
593500 12768.6 20229.7 21775.6 54773.8
594000 12782.3 20231.2 21806 54819.5
594500 12797.4 20223.5 21850.5 54871.5
595000 12802.1 20215.6 21890.3 54908
595500 12823.3 20221.3 21912.2 54956.8
596000 12838.7 20230.3 21934.1 55003.1
596500 12872.3 20248.3 21947.9 55068.5
597000 12890 20253.8 21984.8 55128.6
597500 12883 20274.9 22031.1 55189
598000 12905.7 20299.3 22047 55252
598500 12928.9 20320.4 22063 55312.3
599000 12940.3 20342.6 22102.4 55385.3
599500 12938.9 20367.6 22129.9 55436.4
600000 12937.5 20396.4 22144.4 55478.2
600500 12940.3 20398.1 22150.3 55488.6
601000 12935.7 20419.5 22154.1 55509.3
601500 12948.4 20452 22180.2 55580.6
602000 12971.1 20460.2 22200.3 55631.6
602500 12994.6 20484.4 22214.3 55693.3
603000 12999.3 20519.1 22239.2 55757.7
603500 12990 20541.6 22275.5 55807.1
604000 12975.4 20565.2 22293.5 55834.1
604500 12971.1 20574.4 22317.9 55863.4
605000 12956.8 20578.7 22337.8 55873.3
605500 12968.2 20596.4 22374.7 55939.3
606000 12985.5 20609.1 22406.1 56000.6
606500 12980 20631.2 22439.8 56051
607000 12994.9 20641.3 22473.8 56109.9
607500 13008.4 20652.2 22462.2 56122.9
608000 13012.6 20665.9 22465.4 56143.8
608500 13020.2 20698.8 22449.9 56168.9
609000 13022 20689.9 22463.3 56175.2
609500 13022.6 20715 22482 56219.6
610000 13029.3 20756.2 22492.8 56278.3
610500 13027.9 20782.2 22491.5 56301.6
611000 13048.8 20792.4 22496.9 56338
611500 13054.9 20828.4 22517.2 56400.5
612000 13078.9 20863.2 22539.1 56481.2
612500 13098.8 20879.3 22572.5 56550.6
613000 13118.5 20904.3 22597.4 56620.3
613500 13132.7 20914.3 22648.8 56695.8
614000 13158.3 20933 22689.3 56780.5
614500 13187.8 20947.9 22744.1 56879.8
615000 13202.2 20949.6 22774.1 56926
615500 13220.9 20946.6 22793.2 56960.7
616000 13230.4 20969.3 22803.8 57003.5
616500 13231.6 20982 22811.4 57025
617000 13235.8 20971.5 22825.9 57033.2
617500 13246.5 20981.7 22836.4 57064.6
618000 13245.5 20986.8 22848.5 57080.7
618500 13264.9 20995.6 22871.6 57132.1
619000 13261.3 20996.4 22892.8 57150.5
619500 13271.4 20992.1 22901.1 57164.6
620000 13276.1 21004.5 22914.9 57195.5
620500 13279.7 21015.3 22937.3 57232.4
621000 13296.1 21040.9 22961.6 57298.5
621500 13298.1 21051.7 22985.4 57335.2
622000 13303.3 21077.9 22996.2 57377.4
622500 13298.6 21102.5 23025.9 57426.9
623000 13309.6 21143.8 23050.1 57503.5
623500 13321.9 21172.1 23067 57561
624000 13333.2 21195.1 23081.7 57610
624500 13349.2 21228.5 23079.9 57657.6
625000 13374.8 21263 23089.3 57727.1
625500 13394.3 21290.7 23076.8 57761.8
626000 13410.6 21300.3 23065.7 57776.7
626500 13427.9 21303.9 23083.5 57815.4
627000 13448.7 21324.6 23085.6 57859
627500 13466 21334.1 23111.5 57911.7
628000 13494.7 21347 23134 57975.8
628500 13510.2 21362.4 23152.9 58025.5
629000 13525.8 21376.6 23187.4 58089.7
629500 13534 21397.5 23205.3 58136.8
630000 13534.9 21389.7 23221.4 58146
630500 13539.2 21386.2 23236.3 58161.6
631000 13559.4 21381.7 23260.7 58201.8
631500 13560.8 21390.3 23278.3 58229.3
632000 13572.8 21401.2 23302.8 58276.7
632500 13562.8 21422.1 23357.9 58342.8
633000 13563.8 21443.1 23414.2 58421.1
633500 13562.1 21447.1 23436.3 58445.5
634000 13555.6 21448.6 23462.2 58466.4
634500 13560.7 21459.9 23464.5 58485.1
635000 13556.1 21461.2 23466.5 58483.7
635500 13546.2 21466.3 23465.4 58477.9
636000 13550.6 21466.5 23465.8 58482.9
636500 13554.1 21472 23478.9 58505
637000 13573.2 21492.4 23515.9 58581.5
637500 13593.4 21528.8 23551.9 58674.1
638000 13609 21585.4 23576.6 58771
638500 13648.1 21620 23628.7 58896.8
639000 13679 21654.6 23659.5 58993
639500 13691.7 21712.3 23680.5 59084.5
640000 13702.3 21749.1 23689.9 59141.3
640500 13732.7 21791.5 23705.8 59229.9
641000 13765.3 21852.9 23723.2 59341.4
641500 13780.1 21867.7 23722 59369.8
642000 13785.6 21893.8 23737.6 59416.9
642500 13804.6 21907.3 23758.2 59470.1
643000 13826.8 21904.5 23788.7 59520
643500 13847 21908.6 23810.7 59566.3
644000 13861.9 21919.7 23815.5 59597.1
644500 13894 21919.2 23827.6 59640.9
645000 13897.9 21922.4 23849.9 59670.2
645500 13906.3 21915.6 23849.4 59671.2
646000 13911.1 21893.5 23847.2 59651.7
646500 13914.6 21878.9 23860.2 59653.7
647000 13921.6 21863.4 23880.9 59665.8
647500 13914 21870.6 23894.5 59679.1
648000 13916.8 21891.4 23922.3 59730.5
648500 13908.2 21927 23945.9 59781.1
649000 13910.7 21961 23969.9 59841.6
649500 13939.1 21997.6 23991 59927.7
650000 13973.5 22017.4 24001.8 59992.7
650500 13986.2 22047.1 24027.3 60060.6
651000 13995.8 22067.7 24055.9 60119.3
651500 14005.2 22090.1 24085.3 60180.6
652000 14023 22106.1 24138.4 60267.5
652500 14018.1 22140.5 24160 60318.5
653000 14010 22160.2 24178.6 60348.8
653500 14003.4 22177.4 24213.8 60394.6
654000 14008.6 22222.6 24230.3 60461.5
654500 13999.7 22277.8 24229 60506.5
655000 14002.4 22334.9 24219.6 60557
655500 14008.9 22378.6 24230 60617.5
656000 14006.5 22427.3 24242.2 60676.1
656500 14021.4 22441.4 24275.7 60738.5
657000 14024.1 22448.5 24301.2 60773.8
657500 14053.4 22440.1 24302.2 60795.7
658000 14082.9 22417 24303.1 60802.9
658500 14092.1 22417.6 24333.6 60843.4
659000 14105.8 22443.9 24369.3 60919
659500 14116.7 22458.3 24388.6 60963.6
660000 14131 22482.8 24389 61002.8
660500 14126.7 22515.3 24394.6 61036.6
661000 14134.2 22545.4 24400 61079.5
661500 14141.2 22554.8 24410.6 61106.7
662000 14156.2 22556 24430 61142.2
662500 14171.1 22564 24440.2 61175.3
663000 14176.9 22579.1 24448.5 61204.5
663500 14177.1 22607.6 24459.1 61243.8
664000 14183.7 22628.6 24486.1 61298.4
664500 14197.7 22630.8 24515.3 61343.9
665000 14211.1 22656 24550 61417.1
665500 14219.7 22652.8 24579.5 61452
666000 14230.3 22669.5 24586.6 61486.4
666500 14229.1 22696.7 24575.6 61501.5
667000 14235.3 22736.9 24576.3 61548.4
667500 14257.9 22758.4 24576.2 61592.6
668000 14274.3 22768.4 24559.5 61602.3
668500 14274.9 22785.1 24576.4 61636.4
669000 14263 22818.3 24608.5 61689.7
669500 14265.1 22834.5 24636.4 61736
670000 14253 22852.5 24642 61747.5
670500 14246.1 22881.9 24632.5 61760.5
671000 14248.6 22919.8 24639.6 61807.9
671500 14251.5 22938.7 24651 61841.2
672000 14258.5 22936 24657.8 61852.3
672500 14263.2 22945.3 24673.4 61881.9
673000 14271.3 22968.7 24685.6 61925.6
673500 14260.5 22997.5 24710.2 61968.2
674000 14266.1 23001.2 24745.9 62013.2
674500 14266.3 23012.2 24766.2 62044.8
675000 14287.1 23038.8 24777.8 62103.7
675500 14289 23037.1 24773.3 62099.4
676000 14292.3 23038 24772.8 62103.2
676500 14304.4 23046.6 24792.6 62143.6
677000 14313 23053.1 24778.9 62144.9
677500 14315.5 23069.9 24792.1 62177.5
678000 14324 23085.1 24808.3 62217.5
678500 14321.4 23089.4 24794.5 62205.3
679000 14310.9 23098.9 24811.2 62221
679500 14311.4 23113.9 24803.1 62228.4
680000 14321.1 23125.6 24788.9 62235.6
680500 14343 23134.1 24784.4 62261.6
681000 14374.2 23144.4 24785.8 62304.4
681500 14387.1 23165.4 24813.4 62365.9
682000 14404.5 23184.3 24845.4 62434.2
682500 14414.6 23184.3 24891.7 62490.6
683000 14422.7 23189 24917.2 62528.9
683500 14436.1 23210.4 24937.7 62584.2
684000 14445.8 23215.8 24963.2 62624.7
684500 14438.4 23232.8 24990.9 62662.1
685000 14443.8 23252.8 25008.7 62705.4
685500 14450.7 23272.7 25025.3 62748.8
686000 14449.2 23292.8 25018.2 62760.1
686500 14457.9 23322.3 25010.9 62791.1
687000 14461.3 23339.1 25016.4 62816.8
687500 14471.8 23355.4 25029.5 62856.7
688000 14481.2 23363.1 25060.5 62904.8
688500 14479.3 23384.1 25082.6 62946
689000 14494.3 23389.5 25108.1 62991.9
689500 14514.2 23403.9 25124.7 63042.8
690000 14551.9 23396.2 25170.5 63118.5
690500 14574 23406.2 25205.3 63185.5
691000 14589.9 23392.1 25240.8 63222.8
691500 14608.3 23402.8 25275.3 63286.3
692000 14617.5 23410.6 25298.6 63326.8
692500 14635.9 23420.2 25327.1 63383.2
693000 14652.7 23417.3 25333.4 63403.4
693500 14664.3 23414.5 25345.5 63424.3
694000 14680.7 23402.5 25364.2 63447.3
694500 14703.3 23425.5 25379.3 63508
695000 14725.9 23441.5 25360.2 63527.6
695500 14727.4 23454.5 25381.6 63563.6
696000 14736.4 23478.9 25419.2 63634.5
696500 14752.3 23508.9 25461.2 63722.4
697000 14768.9 23530.1 25490.3 63789.3
697500 14770.2 23553.6 25516 63839.8
698000 14767.4 23560.2 25541.4 63869
698500 14766.6 23550.6 25567.9 63885
699000 14779.5 23542.5 25562.7 63884.8
699500 14779.9 23538.3 25556.8 63874.9
700000 14788.6 23553.2 25571.7 63913.6
700500 14781.6 23578.2 25560.6 63920.4
701000 14788.6 23585.3 25552.2 63926.1
701500 14816.7 23594.6 25582.5 63993.7
702000 14839.1 23602.5 25604.4 64046.1
702500 14861.2 23623.5 25596.4 64081.1
703000 14879.2 23638.5 25574.5 64092.2
703500 14890.1 23646.2 25569.5 64105.8
704000 14905 23668.4 25574.4 64147.8
704500 14924.8 23690.4 25589.2 64204.4
705000 14932.4 23696.1 25615.6 64244
705500 14933.9 23746.7 25671 64351.6
706000 14953.1 23785.1 25702.9 64441.1
706500 14950.5 23827.6 25727.1 64505.2
707000 14955.5 23863.2 25742.9 64561.7
707500 14959.6 23895.4 25748.6 64603.6
708000 14975.1 23922.8 25774.3 64672.3
708500 14999.6 23947.8 25802.3 64749.7
709000 15023.3 23957.2 25832.2 64812.8
709500 15039.2 23942.7 25864.2 64846.1
710000 15080.6 23945.3 25878.9 64904.8
710500 15129.3 23989.5 25904.6 65023.4
711000 15155.1 24026.6 25919.7 65101.5
711500 15177.5 24055 25938.9 65171.5
712000 15197.1 24082 25958 65237.1
712500 15210.5 24111.1 25975.8 65297.3
713000 15230 24127.4 25992.4 65349.8
713500 15248.2 24140 25996.1 65384.3
714000 15274.3 24167.7 26012.2 65454.1
714500 15286.1 24185.5 26041.5 65513.1
715000 15297.3 24211.1 26095.1 65603.5
715500 15303.6 24226.7 26130.5 65660.8
716000 15323.4 24245.5 26163.5 65732.5
716500 15336.2 24276.9 26188.9 65802
717000 15336.4 24298.5 26228.2 65863.1
717500 15330.6 24314.5 26233.5 65878.6
718000 15347.5 24331.2 26262.6 65941.3
718500 15357.9 24354 26286.9 65998.8
719000 15359 24353.7 26306.5 66019.2
719500 15368.2 24365.5 26317.2 66050.9
720000 15364.1 24359.5 26322.9 66046.6
720500 15378.2 24381 26362.4 66121.7
721000 15379.3 24411.4 26355.5 66146.2
721500 15369.4 24430.9 26365 66165.2
722000 15356 24465.4 26387.5 66208.9
722500 15364.1 24473.6 26417.4 66255.1
723000 15365.6 24472.3 26450.6 66288.5
723500 15370.3 24476.5 26492.6 66339.4
724000 15380.1 24480.1 26528 66388.2
724500 15392.6 24468.5 26568.6 66429.7
725000 15406.7 24450.7 26612.4 66469.9
725500 15429.7 24429.1 26668.5 66527.3
726000 15432.9 24422.6 26682.3 66537.8
726500 15428.6 24428.6 26697.7 66555
727000 15439.1 24456.4 26721.4 66617
727500 15442.8 24482.6 26725.4 66650.7
728000 15450.4 24519.9 26711.3 66681.6
728500 15471.4 24548.1 26710 66729.5
729000 15490.5 24557.3 26702.2 66750.1
729500 15510 24555.2 26727.2 66792.5
730000 15537 24554.1 26756 66847
730500 15537.3 24547.1 26780.3 66864.7
731000 15546.8 24570.1 26811.1 66928
731500 15543.5 24570.8 26836.8 66951.1
732000 15548.9 24552.9 26863.7 66965.6
732500 15546.9 24558.7 26891.2 66996.8
733000 15539.2 24558.6 26917.3 67015.1
733500 15542.7 24562.2 26939.9 67044.7
734000 15543.6 24572.6 26980 67096.2
734500 15539.4 24575.7 27034.4 67149.5
735000 15552.3 24574.4 27091.1 67217.8
735500 15567.6 24578 27127.9 67273.5
736000 15567.8 24601.6 27125.4 67294.9
736500 15576.1 24601.4 27099.8 67277.2
737000 15590.1 24610.1 27089.5 67289.8
737500 15594.2 24638.9 27076.3 67309.4
738000 15591.3 24662.6 27070.8 67324.7
738500 15601.7 24695 27063.2 67359.9
739000 15605.4 24721.4 27092.4 67419.2
739500 15617.9 24734.5 27121.9 67474.3
740000 15616.9 24761.8 27165.8 67544.5
740500 15621.8 24779 27183.9 67584.7
741000 15612.4 24806.9 27188.5 67607.8
741500 15623.7 24816 27189.6 67629.4
742000 15642.6 24834.1 27196.1 67672.8
742500 15659 24858.2 27202 67719.3
743000 15668.1 24869.9 27234.3 67772.3
743500 15677.1 24902.6 27248.1 67827.8
744000 15693.6 24916.5 27277.7 67887.7
744500 15714.8 24930.4 27323.1 67968.3
745000 15731.1 24955 27345.6 68031.6
745500 15749.6 24995 27351 68095.6
746000 15770.5 25028.6 27380 68179
746500 15780.5 25037.1 27421.7 68239.4
747000 15798.4 25062.3 27439 68299.7
747500 15822.8 25091.4 27450.2 68364.4
748000 15850.7 25126.4 27463.2 68440.3
748500 15856.7 25136.4 27470.1 68463.2
749000 15861.3 25121.3 27474.6 68457.2
749500 15847.1 25127 27486.9 68461
750000 15831.5 25125.3 27487.9 68444.8
750500 15819.1 25126.1 27503.2 68448.5
751000 15824.2 25131 27504.9 68460.1
751500 15827.5 25157.4 27502.7 68487.6
752000 15834 25201.7 27495 68530.7
752500 15826.4 25218.3 27483.2 68527.9
753000 15847.5 25227.3 27477.2 68552
753500 15881 25249.8 27483.3 68614.1
754000 15915.6 25284.8 27484.3 68684.7
754500 15953.2 25316.8 27497.1 68767
755000 15979.3 25337.8 27504 68821.2
755500 15983.6 25366 27508.8 68858.4
756000 16007 25369.9 27501.8 68878.7
756500 16033 25367.6 27490.5 68891.1
757000 16035.3 25372.1 27525.4 68932.7
757500 16053.3 25384.1 27566.4 69003.8
758000 16077.4 25381 27581.4 69039.8
758500 16080.3 25394.9 27596.5 69071.8
759000 16093.8 25411.8 27605.2 69110.8
759500 16105.7 25417.5 27626.5 69149.7
760000 16108.7 25431.5 27639.8 69179.9
760500 16115.2 25452 27666.2 69233.5
761000 16101.1 25473.9 27683.9 69258.9
761500 16111.9 25474.1 27698.3 69284.3
762000 16113.4 25483.3 27722.3 69319
762500 16118.4 25477.8 27728.3 69324.6
763000 16134.1 25485.1 27732.8 69351.9
763500 16132 25484.4 27740 69356.5
764000 16128.5 25502 27769.7 69400.2
764500 16122.2 25532.7 27794.2 69449.1
765000 16097.7 25570.4 27805.8 69473.9
765500 16077.7 25602.1 27816.7 69496.6
766000 16072.8 25640.6 27848.6 69562
766500 16083.2 25709.2 27871.3 69663.8
767000 16101.8 25761.8 27897.7 69761.3
767500 16119.9 25788.6 27929.9 69838.4
768000 16142.1 25805.9 27961.3 69909.4
768500 16161.7 25813.3 27992.8 69967.8
769000 16176.6 25833.2 27992.1 70001.9
769500 16202.6 25846.3 27982.6 70031.6
770000 16230.6 25880.1 27983.1 70093.8
770500 16241.6 25906.4 27982.3 70130.3
771000 16247.6 25934.7 28002.3 70184.6
771500 16247.3 25930.8 28018.7 70196.8
772000 16255.4 25909.8 28011.4 70176.6
772500 16286.5 25882.9 28032 70201.4
773000 16322.3 25880.1 28036.4 70238.8
773500 16355.4 25888.8 28034 70278.2
774000 16382.3 25891.6 28056.7 70330.6
774500 16395.7 25897.4 28075.1 70368.3
775000 16421.9 25903.2 28108.4 70433.5
775500 16451.5 25928.1 28137.8 70517.3
776000 16490.5 25936 28141.2 70567.6
776500 16530.9 25944.6 28146 70621.5
777000 16558.6 25953.5 28163.2 70675.3
777500 16592.6 25963.6 28174.3 70730.5
778000 16629.4 25955 28195.1 70779.5
778500 16662.4 25953.8 28215.8 70832
779000 16676.2 25954.7 28235 70865.9
779500 16682.4 25969.9 28234.9 70887.2
780000 16703.9 26002.9 28244.9 70951.7
780500 16722.4 26025.6 28251.4 70999.5
781000 16746 26050.2 28260.6 71056.8
781500 16773.4 26060.9 28287.5 71121.8
782000 16801.2 26091.3 28313.2 71205.7
782500 16833.9 26081.7 28336.2 71251.8
783000 16846.8 26077.7 28347.6 71272
783500 16877 26068.9 28384 71330
784000 16895.5 26047.3 28411.9 71354.7
784500 16912.8 26028.2 28437.3 71378.3
785000 16925.6 26018.5 28462.4 71406.5
785500 16947.5 26015.4 28464.9 71427.8
786000 16981.5 26033.5 28465.9 71480.8
786500 16997.7 26069.1 28476.8 71543.6
787000 17006.8 26089.6 28474.3 71570.8
787500 17019.2 26108.6 28491.7 71619.5
788000 17032.8 26119.1 28532.3 71684.1
788500 17040.9 26153.9 28555.1 71749.9
789000 17064.2 26184.9 28601.6 71850.7
789500 17098.2 26205.7 28609.1 71913
790000 17084.7 26218.9 28610.1 71913.7
790500 17102.3 26240.1 28619.2 71961.7
791000 17102.3 26270.4 28645.9 72018.6
791500 17123.5 26309.8 28682.8 72116.2
792000 17139.1 26327 28721.3 72187.4
792500 17148.7 26347.7 28736.8 72233.1
793000 17171.2 26365.8 28774.3 72311.4
793500 17208.7 26367.2 28812.8 72388.7
794000 17216 26390.3 28831.9 72438.1
794500 17229.1 26413.4 28888.5 72531.1
795000 17246.7 26446.6 28935.2 72628.5
795500 17274.7 26476.3 28997.4 72748.5
796000 17300.1 26491 29054.5 72845.7
796500 17295.8 26520.4 29080.8 72897
797000 17304 26550.4 29108.6 72963
797500 17326.4 26571.2 29117.1 73014.7
798000 17353.4 26570.1 29110.6 73034.1
798500 17384.4 26599.3 29097.8 73081.5
799000 17404.3 26641.1 29110.3 73155.7
799500 17420.8 26698.1 29110 73228.9
800000 17429.6 26787.4 29099.7 73316.8
800500 17436.3 26855.6 29074.9 73366.7
801000 17465.2 26901.1 29053.7 73420
801500 17481.1 26952.3 29064.4 73497.8
802000 17507.7 27005.7 29082.2 73595.6
802500 17526.4 27039.3 29097.6 73663.4
803000 17540.5 27063.7 29127 73731.2
803500 17545.7 27079.1 29149.2 73774
804000 17555.9 27095.2 29169.9 73821
804500 17564.9 27113.1 29205.4 73883.5
805000 17576.5 27133.5 29208.7 73918.8
805500 17589.6 27145.7 29202.4 73937.7
806000 17595 27153.9 29221.6 73970.4
806500 17598 27148.5 29228.8 73975.3
807000 17597.5 27163 29236.9 73997.3
807500 17622.4 27168 29278.3 74068.6
808000 17640.9 27179.3 29304.1 74124.3
808500 17653 27199.5 29299.4 74151.9
809000 17671.1 27217.6 29309 74197.7
809500 17685.5 27208.5 29327.5 74221.5
810000 17690.1 27207.1 29325.4 74222.7
810500 17693.2 27216.4 29307 74216.7
811000 17711.3 27222.7 29289.7 74223.7
811500 17717 27199.3 29315.9 74232.2
812000 17719.5 27205 29331.9 74256.5
812500 17718.2 27217 29373.8 74309
813000 17722.5 27211.7 29415.2 74349.3
813500 17734.5 27208.9 29445 74388.4
814000 17755.7 27224.3 29483.1 74463.1
814500 17779.8 27249.3 29510.9 74540
815000 17791.3 27273 29505.7 74570
815500 17797.9 27296 29489.6 74583.4
816000 17828.1 27300.8 29506.1 74635
816500 17872.4 27316.9 29507.8 74697.1
817000 17911.9 27358.1 29516.3 74786.4
817500 17944.6 27385 29514.5 74844.2
818000 17973.2 27392.2 29546.6 74912
818500 17995.8 27429.6 29550.7 74976.1
819000 18031.3 27453.2 29543.9 75028.3
819500 18051.7 27486.5 29544.4 75082.6
820000 18051.9 27503.7 29537.1 75092.7
820500 18054.8 27522.3 29539.1 75116.3
821000 18080.7 27553.9 29550.3 75184.9
821500 18123 27577.5 29549.8 75250.3
822000 18157.5 27595.5 29564.6 75317.6
822500 18173.4 27617.9 29577.3 75368.6
823000 18204.5 27660.4 29579.8 75444.7
823500 18240.7 27709.5 29599.4 75549.6
824000 18247.6 27746.2 29594.2 75588
824500 18264.8 27799.5 29589.1 75653.3
825000 18279.5 27870.1 29617.2 75766.7
825500 18291.9 27917 29649.2 75858.1
826000 18308.8 27939.3 29657.8 75905.9
826500 18331.6 27946.1 29673 75950.7
827000 18326 27978 29708 76011.9
827500 18317.4 28030.9 29745.7 76094
828000 18324.6 28058 29763.2 76145.8
828500 18346.7 28088.5 29772.6 76207.7
829000 18360 28138.1 29811.1 76309.2
829500 18357.9 28189.6 29848.1 76395.6
830000 18354.1 28234.4 29903.2 76491.7
830500 18354.4 28262.3 29938.2 76554.9
831000 18340.2 28296.9 29978.1 76615.2
831500 18320.4 28332.5 29995.2 76648.1
832000 18314.8 28343.8 29997.5 76656
832500 18312.9 28354 29994.7 76661.6
833000 18295.9 28365.7 29993.8 76655.4
833500 18299.6 28385.5 29969.4 76654.5
834000 18324.9 28412.7 29945.3 76682.9
834500 18322.8 28430.1 29937 76689.9
835000 18332.3 28459.2 29935.6 76727.1
835500 18348.8 28479.3 29927.5 76755.6
836000 18343.8 28501.3 29938.5 76783.6
836500 18336.2 28538 29933.9 76808.2
837000 18345 28572.9 29965 76882.8
837500 18361 28629.5 29983.2 76973.8
838000 18384.6 28667.2 29977.2 77028.9
838500 18384.7 28725.1 29978.6 77088.4
839000 18395.9 28777 29997.8 77170.8
839500 18412.2 28796.2 30018.3 77226.6
840000 18423.2 28820.4 30032.2 77275.9
840500 18438.9 28845.2 30036.9 77321
841000 18444.5 28856.9 30069.2 77370.5
841500 18441 28854.3 30097.6 77393
842000 18436.9 28880.8 30090.1 77407.8
842500 18425.8 28893.5 30124.8 77444.1
843000 18424.6 28885.2 30156.3 77466.2
843500 18438 28892.3 30157.3 77487.6
844000 18456.1 28903.8 30185.7 77545.6
844500 18477.3 28923.3 30206.9 77607.5
845000 18488.5 28947.8 30188.8 77625.1
845500 18497.2 28995.4 30180.8 77673.5
846000 18508 29000.8 30189.8 77698.6
846500 18513.6 29030 30219.7 77763.3
847000 18522.4 29048.2 30237.4 77808
847500 18535.7 29064.2 30253.3 77853.2
848000 18559 29122.9 30275.5 77957.4
848500 18568.6 29161.6 30299.4 78029.5
849000 18584.3 29188.6 30316.9 78089.9
849500 18605.4 29221.8 30356.4 78183.6
850000 18605 29261.4 30376.7 78243.1
850500 18607.1 29292 30374 78273.1
851000 18619.6 29315.7 30380 78315.3
851500 18645.6 29345.5 30370.2 78361.3
852000 18665 29347.4 30350.6 78363
852500 18690.3 29350.5 30353.9 78394.8
853000 18717.4 29341.8 30329.8 78389
853500 18734.8 29351.9 30350 78436.7
854000 18769.8 29331.9 30364.5 78466.2
854500 18794.3 29347.9 30381.2 78523.4
855000 18814.2 29386.5 30389.9 78590.6
855500 18828.3 29391.7 30387.3 78607.3
856000 18861.2 29399.2 30385.8 78646.2
856500 18864.2 29398 30416.8 78679.1
857000 18857.2 29400.4 30433.1 78690.7
857500 18854.2 29425.3 30441.3 78720.8
858000 18867 29440.1 30447.3 78754.4
858500 18867.8 29444.8 30452.7 78765.3
859000 18901 29443.9 30481.5 78826.4
859500 18930.5 29450.5 30506.8 78887.7
860000 18958.5 29468.3 30535.8 78962.6
860500 18976.8 29497.7 30561.7 79036.2
861000 18995.1 29544.6 30585.5 79125.2
861500 19011.6 29586.6 30626.8 79225
862000 19031.3 29604.2 30691.6 79327.2
862500 19037.4 29608 30718.7 79364.1
863000 19059.3 29626.3 30739.9 79425.5
863500 19064.7 29658.3 30769.4 79492.4
864000 19048.4 29682.7 30812.9 79543.9
864500 19041.2 29702.3 30829 79572.5
865000 19040 29718.6 30846.6 79605.2
865500 19037.9 29763.2 30852.8 79653.9
866000 19028.7 29796.2 30862.8 79687.8
866500 19023.4 29824.9 30867.5 79715.9
867000 19021.9 29850.5 30890.1 79762.5
867500 19027.1 29878.5 30924.8 79830.3
868000 19004.2 29910.9 30993.3 79908.4
868500 19006.3 29946.3 31047 79999.5
869000 19016.8 29992.5 31085.8 80095
869500 19015.4 30007.9 31137.8 80161
870000 19015.6 30024.3 31178.4 80218.3
870500 19008.4 30030.7 31200.8 80239.8
871000 19026.3 30037.6 31223.3 80287.1
871500 19035.3 30023 31224.3 80282.6
872000 19039.3 30020.2 31209.1 80268.6
872500 19040.2 30028.8 31199.2 80268.2
873000 19033 30040.9 31206.2 80280.1
873500 19030.1 30033.2 31220.1 80283.5
874000 19019.6 30043.7 31215.4 80278.7
874500 19022.2 30061.1 31253 80336.3
875000 19033.2 30070.2 31275.7 80379.2
875500 19055.7 30073.5 31288.9 80418.1
876000 19071.7 30078.9 31313.3 80463.9
876500 19101.4 30067.8 31334.5 80503.8
877000 19119.7 30072.9 31370 80562.6
877500 19141.7 30103.5 31421.4 80666.6
878000 19160 30127.1 31455.7 80742.9
878500 19182.4 30145.6 31473.3 80801.3
879000 19193.7 30188.3 31489.6 80871.6
879500 19209.9 30215.2 31515.5 80940.6
880000 19244.7 30240.7 31556.4 81041.9
880500 19278.3 30287.5 31583 81148.8
881000 19292 30343.2 31590.5 81225.7
881500 19313.6 30378.4 31618.2 81310.3
882000 19344.1 30402 31639.4 81385.6
882500 19370.1 30413 31669.9 81453
883000 19384.3 30460.5 31686 81530.8
883500 19395 30521.1 31706.8 81622.9
884000 19414.6 30564.9 31753.6 81733.1
884500 19421.4 30569.6 31810 81801.1
885000 19432.5 30558.9 31824.3 81815.8
885500 19437.8 30578 31821.7 81837.5
886000 19441.4 30600.3 31846.7 81888.5
886500 19445.9 30624.9 31889.5 81960.3
887000 19449.9 30634.3 31924.1 82008.3
887500 19464.2 30659.4 31963 82086.6
888000 19466.1 30675.2 32008.5 82149.9
888500 19484.6 30683.9 32028.4 82196.9
889000 19507 30699.7 32044.1 82250.9
889500 19531 30719.7 32062.5 82313.2
890000 19555.1 30777.7 32065.5 82398.2
890500 19577.3 30819.8 32067.7 82464.8
891000 19573.1 30879.6 32072.1 82524.8
891500 19587.4 30945.3 32104.5 82637.3
892000 19615.2 31014.1 32116.9 82746.2
892500 19621.1 31047.6 32138.4 82807.1
893000 19609.1 31099.5 32165.3 82873.9
893500 19605.9 31143.6 32224.1 82973.6
894000 19602.4 31169.7 32280.7 83052.8
894500 19627.2 31201.7 32334.7 83163.6
895000 19643.9 31251.1 32373 83268.1
895500 19657.2 31293.6 32390.4 83341.2
896000 19680.9 31310.4 32415.7 83407
896500 19704.1 31332.1 32423.2 83459.3
897000 19721.3 31344.1 32444.7 83510.1
897500 19709.4 31338.8 32462.1 83510.3
898000 19703.6 31351.7 32483.9 83539.2
898500 19707 31362.5 32479.3 83548.8
899000 19704.7 31376.2 32492.9 83573.8
899500 19706.2 31396 32522.6 83624.8
900000 19707.7 31422.9 32527.6 83658.3
900500 19717.1 31440.5 32525.5 83683.1
901000 19750.6 31456.5 32536.9 83744
901500 19745.3 31502.8 32547.5 83795.6
902000 19750.5 31532.3 32547.6 83830.4
902500 19750.8 31530.7 32539.7 83821.2
903000 19754.4 31555.9 32539 83849.2
903500 19767.4 31597.1 32542.7 83907.2
904000 19764.8 31624.7 32545.5 83935
904500 19783.4 31651.8 32556.5 83991.6
905000 19785.2 31680.7 32585.3 84051.2
905500 19784.6 31733.8 32604.3 84122.8
906000 19791 31781.4 32614.7 84187.1
906500 19799.8 31854.4 32632 84286.2
907000 19812.4 31900.4 32671.4 84384.2
907500 19819.3 31934.3 32719.1 84472.7
908000 19841.9 31960.2 32777 84579.1
908500 19870.2 31985.3 32795.8 84651.2
909000 19887.2 32032.4 32829.1 84748.8
909500 19914.7 32059 32865.6 84839.3
910000 19950.8 32066.7 32895.4 84912.9
910500 20001.2 32071.7 32936.8 85009.7
911000 20044.1 32074.1 32968.3 85086.5
911500 20067 32083.3 33008.1 85158.5
912000 20085.5 32109 33039.8 85234.3
912500 20086.6 32132.8 33066.4 85285.8
913000 20091.4 32148.3 33072.5 85312.2
913500 20101 32135.3 33078.5 85314.8
914000 20133 32131 33084.1 85348.1
914500 20161.3 32121 33071.2 85353.5
915000 20185.7 32136.2 33067.1 85389.1
915500 20219 32148.7 33029.2 85396.9
916000 20259.9 32133.5 33030.1 85423.6
916500 20279.8 32137.2 33052.9 85469.9
917000 20298.4 32154.5 33068.8 85521.7
917500 20329.8 32163.7 33086.6 85580.1
918000 20346.2 32158.7 33086.8 85591.7
918500 20366.5 32143.7 33128.6 85638.7
919000 20373 32143.8 33153.1 85669.8
919500 20403.2 32131.7 33174.5 85709.4
920000 20422.8 32139.5 33211.6 85773.9
920500 20431.3 32139.4 33247.6 85818.3
921000 20457.2 32143.7 33270.1 85870.9
921500 20453.6 32160.9 33274 85888.5
922000 20447.7 32178.9 33254 85880.6
922500 20449.4 32192 33260.5 85901.8
923000 20453.6 32213.4 33286.2 85953.3
923500 20470.7 32260.7 33319.7 86051.1
924000 20470.4 32311.2 33348 86129.7
924500 20480.2 32337.8 33356.5 86174.5
925000 20466.4 32358.2 33357.4 86182
925500 20462.6 32377 33386.9 86226.5
926000 20495.1 32415.8 33421.3 86332.2
926500 20510.1 32454.2 33441.7 86406
927000 20504.9 32483.4 33447 86435.2
927500 20514.2 32496.4 33473.9 86484.5
928000 20524.9 32505.7 33492.1 86522.6
928500 20526.7 32489.6 33493.7 86510
929000 20538.2 32484.9 33506.5 86529.6
929500 20555.2 32502.6 33517.4 86575.2
930000 20578.9 32516.8 33522.7 86618.4
930500 20595.6 32542.5 33562.9 86701
931000 20629.5 32564.7 33634 86828.2
931500 20639.9 32571.3 33692.2 86903.4
932000 20675.2 32596.4 33730.5 87002.1
932500 20700.7 32617.8 33746.5 87065.1
933000 20704.4 32626.7 33775.9 87107
933500 20687 32635.1 33793.2 87115.3
934000 20688.7 32667.4 33831.2 87187.3
934500 20691.9 32691.6 33853.6 87237.1
935000 20691.1 32704.7 33854.9 87250.7
935500 20696.7 32723.5 33865.9 87286
936000 20712.6 32733.9 33901 87347.5
936500 20745.9 32721.3 33897.7 87364.8
937000 20760 32708.4 33899.4 87367.8
937500 20784.7 32718.7 33928.6 87432
938000 20812.9 32760.7 33937.9 87511.5
938500 20818.7 32792.4 33954.1 87565.2
939000 20826.6 32833.4 33961.4 87621.5
939500 20821.2 32891.1 33964.1 87676.3
940000 20828.4 32924.6 33960.2 87713.2
940500 20844.4 32945.7 33946.9 87737
941000 20849.2 32958.3 33946.5 87754
941500 20846 32967.3 33936.1 87749.4
942000 20865.6 32989.5 33964.4 87819.5
942500 20873.5 33013.6 34004.7 87891.8
943000 20897.2 33021 34012.1 87930.2
943500 20913 33042 33998.1 87953.1
944000 20913.7 33053.4 33991.6 87958.8
944500 20920.9 33057.4 33994.8 87973.1
945000 20924.9 33082 34022.1 88029.1
945500 20930 33087.3 34037.7 88055.1
946000 20959.7 33098.6 34035.1 88093.4
946500 20982.4 33109.2 34040.4 88132
947000 21004.1 33140.2 34060.3 88204.6
947500 21023.2 33175.4 34091.9 88290.6
948000 21020.8 33172.7 34117.8 88311.3
948500 21014.7 33191.4 34114.1 88320.3
949000 21011.5 33200 34144.9 88356.3
949500 21007.9 33211 34158.6 88377.5
950000 20999.8 33230 34191.6 88421.3
950500 20994.7 33218.3 34215.2 88428.3
951000 20998.3 33231.3 34262.1 88491.6
951500 21003.5 33246 34310.7 88560.2
952000 21025.6 33255.6 34340.7 88621.9
952500 21050.1 33260.7 34346.6 88657.4
953000 21057.1 33271.8 34391.1 88720
953500 21068.7 33294.1 34418.1 88780.9
954000 21084.4 33307.1 34420.9 88812.3
954500 21107.2 33297.8 34410 88815
955000 21130.6 33293.1 34408.4 88832.1
955500 21148.6 33291.2 34421.1 88860.9
956000 21143.6 33305.6 34426.6 88875.8
956500 21143.9 33357.1 34439.3 88940.3
957000 21146.9 33377.7 34467.9 88992.6
957500 21143.6 33424.1 34465.9 89033.6
958000 21174.7 33456.8 34487.6 89119.1
958500 21191 33496.4 34515.4 89202.8
959000 21214.4 33530.5 34508.9 89253.8
959500 21189 33540.3 34528.7 89258.1
960000 21165.6 33573.1 34536.9 89275.6
960500 21170.4 33603.8 34556 89330.1
961000 21190.9 33631.6 34567.2 89389.7
961500 21241.6 33656.8 34585.9 89484.4
962000 21271.4 33692.2 34624.5 89588.1
962500 21302.5 33706.5 34659.3 89668.3
963000 21302.3 33703 34678.7 89684
963500 21313.3 33711.6 34718.8 89743.7
964000 21335.1 33720.6 34746.4 89802.1
964500 21354.1 33727.9 34773.8 89855.7
965000 21377.1 33766.8 34797.2 89941.1
965500 21385.1 33789 34806.2 89980.3
966000 21391.8 33819 34838.4 90049.2
966500 21422.8 33848.8 34857.6 90129.2
967000 21424.4 33902.7 34852.8 90179.9
967500 21432.7 33938.4 34860.2 90231.3
968000 21431.1 33989.2 34866.6 90286.9
968500 21422.3 34051.1 34848.6 90322
969000 21427.2 34102.3 34843.9 90373.5
969500 21436.1 34131.3 34842.8 90410.1
970000 21428.7 34168.1 34828.4 90425.2
970500 21455.1 34196.8 34842.3 90494.2
971000 21465.7 34214.7 34850.7 90531.2
971500 21481.7 34241.2 34837.7 90560.6
972000 21487.7 34292.5 34807.3 90587.4
972500 21501.3 34302.7 34784.7 90588.8
973000 21513 34303 34799.7 90615.8
973500 21523.6 34302.4 34833.3 90659.3
974000 21537.5 34307.8 34848.7 90694
974500 21562.1 34322.2 34830.1 90714.4
975000 21565.3 34336.4 34827 90728.7
975500 21553.5 34344.8 34825.2 90723.4
976000 21555.4 34364 34832.3 90751.8
976500 21569.8 34364.2 34821.2 90755.2
977000 21572.9 34363.3 34833.9 90770.1
977500 21572.4 34353 34844.5 90769.9
978000 21589.3 34392.8 34842.7 90824.7
978500 21592.7 34431.1 34862.7 90886.5
979000 21600.7 34473.4 34881.2 90955.3
979500 21609.7 34511.3 34911.9 91032.9
980000 21611.5 34529.7 34941.1 91082.2
980500 21599 34520.4 34963.8 91083.3
981000 21601.1 34533.3 35002.4 91136.8
981500 21616.9 34558.7 35010.1 91185.7
982000 21635.6 34549.5 35054.2 91239.2
982500 21642.8 34553.3 35102.3 91298.5
983000 21639.4 34537.1 35146.2 91322.8
983500 21626.5 34558.4 35176.7 91361.5
984000 21618.6 34541.8 35194.9 91355.3
984500 21623.6 34523.6 35215 91362.2
985000 21618.9 34503.1 35225.7 91347.8
985500 21617.6 34492.9 35244.3 91354.8
986000 21603.2 34492.7 35257.8 91353.7
986500 21601.5 34538.4 35282.1 91422
987000 21605.5 34579.4 35298.6 91483.5
987500 21616 34610.2 35322.3 91548.5
988000 21618.6 34646.7 35360.4 91625.7
988500 21625.6 34663.9 35375.9 91665.4
989000 21634.7 34673.4 35365.6 91673.7
989500 21651 34681.1 35368.4 91700.5
990000 21652.8 34703.3 35380.1 91736.2
990500 21667.9 34732.1 35382.7 91782.7
991000 21698 34750.4 35396.4 91844.8
991500 21697.2 34767.6 35391.7 91856.5
992000 21693.1 34804 35426.4 91923.5
992500 21685.5 34818.8 35460.1 91964.4
993000 21694.1 34820.4 35517.8 92032.3
993500 21699.5 34808 35579.8 92087.2
994000 21692.3 34822.9 35628 92143.2
994500 21681.5 34840.7 35656.6 92178.7
995000 21675 34866.6 35677.9 92219.4
995500 21676.9 34873.7 35722.6 92273.2
996000 21682.6 34872.2 35738.3 92293
996500 21709.2 34882.8 35753.7 92345.8
997000 21721.8 34877.8 35754.1 92353.7
997500 21746.6 34879.6 35745 92371.2
998000 21760 34872.4 35748.2 92380.6
998500 21791.8 34857.5 35771.2 92420.6
999000 21820.1 34847 35798.4 92465.5
999500 21835 34827.9 35819.5 92482.3
1000000 21861.4 34834.8 35819.8 92516.1
1000500 21884.8 34852.3 35838.7 92575.8
1001000 21919.8 34872 35843.8 92635.6
1001500 21964.3 34887.3 35854.8 92706.3
1002000 21984.5 34909.6 35861.4 92755.5
1002500 22017 34906.4 35871.7 92795.1
1003000 22058.7 34888.3 35892 92839
1003500 22085.7 34885.6 35909.2 92880.5
1004000 22096.4 34891.4 35899.8 92887.7
1004500 22096.3 34913 35888.2 92897.5
1005000 22095.2 34957.1 35909.3 92961.6
1005500 22108.1 35009.6 35921.2 93038.8
1006000 22121.8 35083 35936.5 93141.4
1006500 22107 35128.1 35941.4 93176.5
1007000 22114.6 35158.3 35965.9 93238.8
1007500 22128.2 35168.8 35966.2 93263.2
1008000 22142.5 35158.3 36020.9 93321.6
1008500 22159 35172.8 36021.7 93353.5
1009000 22166.1 35184.1 36035.7 93385.9
1009500 22176.1 35178.7 36050.4 93405.2
1010000 22211.2 35177.3 36063.5 93452
1010500 22232.3 35166.7 36049.8 93448.8
1011000 22248.4 35178.4 36019.4 93446.1
1011500 22284.2 35213.2 36019.2 93516.6
1012000 22299.5 35246.5 36051.9 93597.8
1012500 22305.4 35272.5 36081.5 93659.3
1013000 22324.7 35268.1 36101.3 93694.1
1013500 22354 35246.9 36112.4 93713.2
1014000 22365.3 35253.5 36111.6 93730.4
1014500 22389.4 35275.9 36128.8 93794.1
1015000 22393 35292.4 36148.8 93834.2
1015500 22401.1 35310.9 36149 93861
1016000 22396.1 35308.2 36177.8 93882.1
1016500 22395.9 35335.7 36176.9 93908.5
1017000 22398.5 35356.6 36206.9 93962
1017500 22402.6 35365.4 36239.1 94007
1018000 22398.3 35387.5 36272.1 94058
1018500 22412.6 35391 36259.4 94063
1019000 22429.5 35405.3 36233.9 94068.6
1019500 22448.9 35431 36248.6 94128.5
1020000 22462.6 35442.6 36252.5 94157.7
1020500 22489.4 35430.3 36243.9 94163.7
1021000 22537.7 35443.6 36266.7 94248.1
1021500 22580.3 35461.1 36273.7 94315
1022000 22619.5 35468.2 36275.5 94363.2
1022500 22648.6 35492.9 36292.3 94433.7
1023000 22672.5 35491.4 36306.7 94470.6
1023500 22710.5 35523.1 36324.6 94558.2
1024000 22744.3 35564.7 36352.3 94661.3
1024500 22765.8 35607.8 36352.1 94725.7
1025000 22782.6 35649.5 36356.4 94788.4
1025500 22799 35680.7 36383 94862.7
1026000 22817.4 35709.9 36403.4 94930.6
1026500 22863.5 35691.6 36431.3 94986.4
1027000 22895 35692.2 36451.5 95038.7
1027500 22900.5 35686.7 36490 95077.1
1028000 22911.3 35662.6 36523.4 95097.4
1028500 22947.4 35640.9 36559 95147.3
1029000 22982.5 35623.5 36577.3 95183.3
1029500 23019.6 35614.1 36597.3 95230.9
1030000 23035 35611.8 36633.6 95280.4
1030500 23065 35634.1 36679.8 95379
1031000 23092.4 35645.9 36699.9 95438.2
1031500 23103.6 35645.2 36722 95470.8
1032000 23093.8 35645.2 36732.4 95471.4
1032500 23094.6 35653.2 36764.2 95511.9
1033000 23096.1 35673.1 36799.5 95568.7
1033500 23106.1 35659.9 36814 95580
1034000 23096.8 35662 36820.1 95579
1034500 23091.9 35671.3 36826.5 95589.8
1035000 23090.3 35672.8 36860.1 95623.1
1035500 23085.1 35685.1 36884.1 95654.2
1036000 23084.3 35701.6 36903.8 95689.7
1036500 23091.8 35738.4 36883.5 95713.7
1037000 23083 35768.6 36867.9 95719.6
1037500 23089.4 35797.1 36877.9 95764.4
1038000 23102 35810.9 36868.6 95781.5
1038500 23092.5 35833.1 36874.3 95799.8
1039000 23081 35844.8 36886.8 95812.7
1039500 23077.9 35870 36908.9 95856.8
1040000 23087 35891.9 36952.1 95931
1040500 23102.2 35903 36964.9 95970.2
1041000 23126.3 35909.7 36989.1 96025.2
1041500 23138.9 35936.2 36997 96072.1
1042000 23160.7 35955.7 37006 96122.3
1042500 23178.5 35993.3 37044.7 96216.5
1043000 23206.1 36005.2 37060.3 96271.6
1043500 23240.9 36042.5 37059.8 96343.1
1044000 23242.5 36072.4 37074.2 96389
1044500 23255.9 36119.9 37105.4 96481.2
1045000 23282.3 36148.9 37089.5 96520.7
1045500 23309.2 36178.5 37105.7 96593.4
1046000 23345.3 36209.9 37126.1 96681.3
1046500 23366.9 36224.1 37130.2 96721.3
1047000 23403.1 36227.5 37139.7 96770.3
1047500 23426.4 36230.4 37156 96812.7
1048000 23441.6 36224.2 37176.2 96842
1048500 23473.3 36261.8 37158.3 96893.4
1049000 23507.9 36271.3 37142.7 96921.9
1049500 23514.6 36309.2 37132.5 96956.3
1050000 23515.1 36352.3 37138.6 97006
1050500 23536.5 36395.1 37138.1 97069.7
1051000 23551.1 36416.3 37134.3 97101.8
1051500 23547.1 36437.1 37144.3 97128.5
1052000 23563.3 36435.9 37167.7 97166.9
1052500 23588.5 36448.9 37178.6 97215.9
1053000 23618.1 36468.9 37167.2 97254.2
1053500 23626.5 36456.8 37159.2 97242.5
1054000 23637.6 36454.3 37177 97268.8
1054500 23662.1 36485.7 37167.4 97315.2
1055000 23688.4 36502.1 37135 97325.5
1055500 23707.6 36516.2 37097.9 97321.8
1056000 23696.6 36489.7 37089.6 97276
1056500 23698 36504.1 37108.1 97310.2
1057000 23698 36497.8 37098.8 97294.6
1057500 23713.7 36487.6 37115 97316.3
1058000 23740.1 36483.7 37114.1 97337.9
1058500 23765.3 36495.1 37121.3 97381.7
1059000 23768.2 36506.2 37130.4 97404.9
1059500 23767.6 36495.2 37128.1 97391
1060000 23743.9 36488.1 37113.1 97345.2
1060500 23722.8 36470.6 37105.2 97298.5
1061000 23726.3 36481.6 37127 97334.8
1061500 23707.4 36514.1 37116.1 97337.5
1062000 23700 36543.5 37109.5 97353
1062500 23723.1 36578.1 37102.9 97404.1
1063000 23736.7 36615.7 37146.3 97498.8
1063500 23739.2 36650.8 37167.7 97557.7
1064000 23758.5 36684.7 37198.1 97641.2
1064500 23791.8 36711.2 37204.8 97707.8
1065000 23823.9 36728 37243.6 97795.5
1065500 23854.9 36698.2 37274.9 97828
1066000 23871.9 36698.5 37294.3 97864.8
1066500 23882.7 36704.6 37336.7 97923.9
1067000 23875.8 36714.7 37375.3 97965.8
1067500 23884.8 36715.3 37391.5 97991.6
1068000 23892.7 36728 37441.7 98062.4
1068500 23904.6 36720.3 37482.9 98107.9
1069000 23913.2 36732.5 37506.6 98152.3
1069500 23946.4 36769.4 37555.3 98271.1
1070000 23947.4 36782 37586.2 98315.5
1070500 23957.4 36816.9 37608.5 98382.7
1071000 23977.7 36821.3 37612.8 98411.7
1071500 23998.2 36820.4 37591.7 98410.3
1072000 24020.3 36817.8 37574.4 98412.5
1072500 24017 36821.1 37552.8 98390.9
1073000 24001.8 36835.1 37563.5 98400.4
1073500 23989.3 36878.9 37598.4 98466.6
1074000 23984.2 36933.4 37639 98556.5
1074500 23987.3 36989.3 37691.9 98668.6
1075000 23982.1 37035.1 37722 98739.2
1075500 23982.3 37074.6 37748 98804.9
1076000 23983.9 37106.6 37724.2 98814.6
1076500 24007.1 37137.8 37718.6 98863.4
1077000 24030.5 37171.1 37717.3 98918.8
1077500 24031.5 37164.2 37738.5 98934.1
1078000 24053.5 37172.8 37729.5 98955.9
1078500 24109.4 37191.3 37745.6 99046.3
1079000 24151.9 37224.2 37782.9 99158.9
1079500 24182.6 37261.7 37808.3 99252.6
1080000 24219.8 37265.4 37839.4 99324.6
1080500 24238.1 37243.5 37876.3 99357.9
1081000 24234.3 37263.6 37910.4 99408.3
1081500 24248.6 37283.1 37946.2 99477.9
1082000 24271.1 37300.8 38001.6 99573.5
1082500 24268.6 37360.4 38033.5 99662.5
1083000 24271.3 37398.1 38057.6 99726.9
1083500 24266.4 37432 38050.5 99748.8
1084000 24290.5 37456.8 38012.9 99760.1
1084500 24287.2 37465 37989.9 99742.2
1085000 24303.3 37453.1 37956.9 99713.3
1085500 24292.4 37459 37958.2 99709.5
1086000 24270.8 37466 37957.5 99694.3
1086500 24272.1 37499.4 37971.6 99743
1087000 24285.7 37508.9 38005.1 99799.7
1087500 24308.2 37515.6 38040.5 99864.4
1088000 24310.4 37496.2 38091.3 99897.9
1088500 24310.1 37504.4 38146.8 99961.3
1089000 24319.2 37524.1 38204.8 100048
1089500 24339.7 37525.6 38244.3 100110
1090000 24359.6 37514.6 38297.5 100172
1090500 24381.2 37501.8 38311.5 100194
1091000 24397.8 37483.6 38349.3 100231
1091500 24424.8 37492.2 38391.3 100308
1092000 24472.5 37503.4 38410.9 100387
1092500 24501.9 37520.5 38445.7 100468
1093000 24510.5 37541.3 38495.7 100548
1093500 24539 37585.9 38538 100663
1094000 24573.6 37586.7 38581.9 100742
1094500 24595.7 37586.6 38611.1 100793
1095000 24590.1 37564.2 38618.5 100773
1095500 24588 37540 38612.9 100741
1096000 24608.1 37533.4 38617.2 100759
1096500 24628.2 37531.7 38638.7 100799
1097000 24623.8 37523.2 38665.1 100812
1097500 24614.9 37519.1 38711.5 100845
1098000 24640.7 37520 38729.4 100890
1098500 24643.3 37527.3 38744.5 100915
1099000 24657.1 37547.6 38755.2 100960
1099500 24679.6 37573.4 38787.2 101040
1100000 24698.3 37575.5 38848.6 101122
1100500 24698.2 37597.9 38886.1 101182
1101000 24702.9 37625.3 38908 101236
1101500 24708.5 37656.8 38922.5 101288
1102000 24742.3 37671.7 38932.9 101347
1102500 24776.3 37664.8 38934.8 101376
1103000 24785.6 37670.8 38963.9 101420
1103500 24805.9 37669.8 38994.7 101470
1104000 24823.4 37680.5 39021.2 101525
1104500 24811.1 37699.9 39024.5 101536
1105000 24818.6 37706.7 39046.9 101572
1105500 24832.7 37711 39070.6 101614
1106000 24830.5 37714.2 39085.4 101630
1106500 24833.8 37702.1 39087.2 101623
1107000 24832.4 37702.9 39101.3 101637
1107500 24819.9 37701.6 39092.3 101614
1108000 24829.3 37697.3 39094.2 101621
1108500 24810 37740.4 39063.1 101613
1109000 24803 37769.5 39029.9 101602
1109500 24811 37767.4 39016.8 101595
1110000 24812.2 37804.8 39019.9 101637
1110500 24827.5 37840.9 39031.3 101700
1111000 24819.8 37872.9 39050.3 101743
1111500 24794.8 37893.8 39041 101730
1112000 24794.8 37926.6 39046.6 101768
1112500 24818.8 37975.9 39079.3 101874
1113000 24836.3 37981 39104.1 101921
1113500 24864.7 37983.7 39156.2 102005
1114000 24889.8 37982.8 39176.2 102049
1114500 24886.5 38005.2 39186.9 102079
1115000 24881 38009.6 39199.9 102090
1115500 24884.8 38034.1 39189.5 102108
1116000 24890.5 38035.4 39227 102153
1116500 24905.8 38037.1 39236.6 102179
1117000 24937.3 38033.9 39216.5 102188
1117500 24948.4 38031.3 39219.2 102199
1118000 24939.6 38033.8 39238.8 102212
1118500 24939.2 38047.2 39263.6 102250
1119000 24968.9 38084.7 39296.1 102350
1119500 24994.7 38103.9 39311.4 102410
1120000 25013 38127.8 39312.1 102453
1120500 25047.1 38144 39341.6 102533
1121000 25071.4 38188.9 39351.9 102612
1121500 25096.2 38222.2 39346.3 102665
1122000 25122.8 38252.3 39337 102712
1122500 25153.9 38284.6 39316.6 102755
1123000 25163.9 38300 39316.2 102780
1123500 25169.9 38303.4 39332.4 102806
1124000 25172.8 38319.1 39322 102814
1124500 25185.9 38321.2 39332.4 102840
1125000 25186.6 38310 39357.9 102855
1125500 25204.8 38299 39360.7 102864
1126000 25213.2 38304.5 39350.7 102868
1126500 25258.7 38299.4 39362.4 102920
1127000 25268.7 38314.6 39382.1 102965
1127500 25281.9 38335.9 39374.6 102992
1128000 25284.2 38354.1 39378.6 103017
1128500 25285.9 38383.8 39378.2 103048
1129000 25277.7 38424.8 39394.1 103097
1129500 25257.1 38451.2 39413.4 103122
1130000 25274.4 38464.4 39442.8 103182
1130500 25307 38470.3 39473.2 103250
1131000 25332.6 38490.8 39504.4 103328
1131500 25358 38513.7 39523.3 103395
1132000 25395.8 38509.7 39525.5 103431
1132500 25421.5 38490.2 39522.1 103434
1133000 25458.2 38480.8 39527.3 103466
1133500 25480.4 38498.9 39517 103496
1134000 25499.5 38538 39536.5 103574
1134500 25525.1 38581.9 39556.3 103663
1135000 25558.8 38618.5 39594.8 103772
1135500 25589.9 38644.1 39617.7 103852
1136000 25597.4 38678.6 39631.2 103907
1136500 25610.9 38731.2 39629.4 103972
1137000 25625.9 38773.5 39679 104078
1137500 25631.3 38797.1 39683.8 104112
1138000 25635 38833 39702.2 104170
1138500 25665.8 38846.1 39735.2 104247
1139000 25660.5 38864.5 39756.1 104281
1139500 25631.6 38889.5 39799.5 104321
1140000 25610.3 38915.2 39838.5 104364
1140500 25618.7 38962.7 39834 104415
1141000 25648.8 39000.5 39832.5 104482
1141500 25647.8 39019.8 39817.3 104485
1142000 25636.4 39044.6 39811.4 104492
1142500 25621.9 39083.1 39822.3 104527
1143000 25638.9 39162.1 39860.3 104661
1143500 25640.9 39193.5 39919.8 104754
1144000 25645.5 39236 39956.9 104838
1144500 25663.7 39286.9 39996.2 104947
1145000 25681.5 39301 40047.5 105030
1145500 25688.7 39308.1 40084.8 105082
1146000 25693.9 39315.2 40120.5 105130
1146500 25693 39338.5 40119.9 105151
1147000 25688.4 39356.4 40128.8 105174
1147500 25675.7 39374.7 40178 105228
1148000 25687 39383.5 40197.1 105268
1148500 25702.8 39427.2 40199.5 105329
1149000 25718.8 39453.6 40209.3 105382
1149500 25768.4 39470.8 40247.1 105486
1150000 25798.1 39466.3 40281.8 105546
1150500 25808.1 39478.1 40301 105587
1151000 25826.6 39489.6 40313.7 105630
1151500 25839 39502.8 40342.2 105684
1152000 25848.9 39515.8 40375.3 105740
1152500 25857.8 39543.7 40415.6 105817
1153000 25882.5 39592.6 40450.5 105926
1153500 25899.3 39649.9 40480.8 106030
1154000 25894.6 39700.7 40509.7 106105
1154500 25905 39756 40519.2 106180
1155000 25919.7 39784.3 40522.2 106226
1155500 25936.5 39801 40541.4 106279
1156000 25958.6 39818.9 40582.3 106360
1156500 25968.7 39871.1 40630.7 106470
1157000 25974.8 39892.5 40670.2 106538
1157500 25968.4 39886 40729.4 106584
1158000 25981.3 39891.7 40722.7 106596
1158500 25982.1 39916.1 40747.9 106646
1159000 25961 39948.2 40758.4 106668
1159500 25966.2 39967.2 40743 106676
1160000 25969.4 39984.5 40751.1 106705
1160500 25956.7 40017.7 40775 106749
1161000 25946.7 40033.3 40796.1 106776
1161500 25937.4 40042.3 40830.8 106810
1162000 25943.3 40062.9 40818.6 106825
1162500 25927.6 40113.6 40802.4 106844
1163000 25930 40141.7 40820.7 106892
1163500 25954.8 40157.4 40834 106946
1164000 25972.3 40184.8 40832.7 106990
1164500 25975.4 40210.9 40855.2 107042
1165000 26001 40228.9 40888 107118
1165500 26010.5 40271.4 40931.8 107214
1166000 26031.2 40301.7 40964.7 107298
1166500 26047.8 40327.9 40979.9 107356
1167000 26038.9 40320.6 41028.4 107388
1167500 26031.8 40330.4 41058.7 107421
1168000 26047.2 40337.6 41079.6 107464
1168500 26066.3 40380 41094.2 107540
1169000 26088.9 40407.6 41085.2 107582
1169500 26094.9 40460.7 41105.3 107661
1170000 26126.7 40510.3 41099.9 107737
1170500 26124.3 40576.6 41100.3 107801
1171000 26119.9 40615.2 41079.6 107815
1171500 26139.7 40650.3 41083.7 107874
1172000 26162.5 40706.6 41099.8 107969
1172500 26196.7 40739.8 41149.4 108086
1173000 26238.7 40765.6 41169.4 108174
1173500 26265.5 40781.1 41213.1 108260
1174000 26251.8 40808.1 41246.3 108306
1174500 26255.6 40829.7 41263.1 108348
1175000 26258.9 40836.6 41265.8 108361
1175500 26267.5 40852.5 41256.2 108376
1176000 26274 40869.9 41240.2 108384
1176500 26301.5 40906.6 41230.1 108438
1177000 26313.3 40922.4 41230.2 108466
1177500 26305.6 40970.2 41221.4 108497
1178000 26313.2 41014.3 41218.2 108546
1178500 26316.5 41067.3 41250.3 108634
1179000 26319.4 41113.2 41266.9 108700
1179500 26309.6 41142.1 41296.2 108748
1180000 26293.1 41147 41305.7 108746
1180500 26289.7 41185.3 41329.1 108804
1181000 26284.2 41207.3 41361.9 108853
1181500 26297.4 41215.8 41367 108880
1182000 26301.8 41224.1 41381.3 108907
1182500 26313.6 41261.4 41411.1 108986
1183000 26326 41276.6 41458.9 109061
1183500 26347 41277.3 41484.1 109108
1184000 26371.5 41247.1 41529.1 109148
1184500 26376 41237.5 41585.3 109199
1185000 26365.7 41233.1 41616.5 109215
1185500 26350.9 41232.5 41630.3 109214
1186000 26350.2 41213.6 41665.4 109229
1186500 26355.3 41215.9 41681.2 109252
1187000 26392.1 41214.5 41680.6 109287
1187500 26412.3 41225.4 41677.6 109315
1188000 26403.9 41221.9 41672.8 109299
1188500 26404.1 41209.2 41677.3 109291
1189000 26410.4 41207.7 41684.4 109303
1189500 26419 41187.1 41678.4 109285
1190000 26411.9 41148.4 41654.5 109215
1190500 26420.9 41122.9 41634.7 109178
1191000 26437.2 41123.8 41606 109167
1191500 26436.1 41098.6 41573.4 109108
1192000 26437 41063.8 41543.3 109044
1192500 26440.8 41036.3 41570.5 109048
1193000 26440.5 41022.1 41614.3 109077
1193500 26442.8 41007.1 41650.4 109100
1194000 26460.2 41004.5 41682.5 109147
1194500 26472.7 41020 41697.3 109190
1195000 26493.1 41011.4 41778.8 109283
1195500 26505.3 41031.8 41823.1 109360
1196000 26506.4 41014.3 41871.8 109392
1196500 26536 41000.4 41921 109457
1197000 26544.2 41028.5 41933.5 109506
1197500 26569.5 41053.4 41960.1 109583
1198000 26591.2 41075.1 41981.8 109648
1198500 26625.7 41092.2 41993.2 109711
1199000 26658.5 41106.3 42009.5 109774
1199500 26701.8 41133.4 42041.6 109877
1200000 26719.1 41164.4 42058.2 109942
1200500 26723.2 41201.7 42106.4 110031
1201000 26710.2 41256.3 42148 110115
1201500 26684.1 41281.5 42169.4 110135
1202000 26672 41317.5 42223.4 110213
1202500 26648.2 41358.1 42255.3 110262
1203000 26628.7 41415.7 42266.7 110311
1203500 26657 41448 42306.7 110412
1204000 26701.4 41459.8 42339.5 110501
1204500 26729.6 41505.9 42353 110589
1205000 26746.9 41535.7 42374.2 110657
1205500 26747.8 41541 42390 110679
1206000 26728.7 41567.1 42406 110702
1206500 26701.6 41594.2 42435.1 110731
1207000 26707.4 41597.7 42464 110769
1207500 26710.8 41623.4 42482.6 110817
1208000 26719.2 41640.2 42498 110858
1208500 26726.1 41637 42488.5 110852
1209000 26730.2 41609.4 42505.8 110845
1209500 26749.6 41597.5 42528.9 110876
1210000 26744.6 41591.5 42536.2 110872
1210500 26726.8 41616.5 42551.7 110895
1211000 26750.3 41627.4 42594.4 110972
1211500 26762.1 41623.2 42615.7 111001
1212000 26770.3 41639.2 42635.2 111045
1212500 26794.7 41651.9 42631.4 111078
1213000 26831.2 41667 42649.7 111148
1213500 26862.8 41699.7 42659.3 111222
1214000 26871 41736.7 42681 111289
1214500 26895.9 41783.9 42671.2 111351
1215000 26912.3 41865.6 42687.5 111465
1215500 26938.2 41914.6 42698.9 111552
1216000 26977.9 41951 42703.7 111633
1216500 26982.9 41993.9 42702.8 111680
1217000 27009 42049.4 42698.5 111757
1217500 27035.3 42121.1 42682.4 111839
1218000 27048.5 42154 42701.2 111904
1218500 27055.5 42211 42776.3 112043
1219000 27074.3 42254.4 42820.5 112149
1219500 27087.8 42314.9 42863 112266
1220000 27107.9 42329.9 42903.7 112341
1220500 27100.1 42339.1 42941.5 112381
1221000 27104.8 42371.5 42966.1 112442
1221500 27125.8 42357.5 42955.4 112439
1222000 27140.9 42342.2 42956.3 112439
1222500 27159.9 42332.1 42960.8 112453
1223000 27171.5 42332.1 42994.8 112498
1223500 27192.5 42314.2 43011.6 112518
1224000 27230.7 42342 43036.9 112610
1224500 27251.4 42386.4 43065.3 112703
1225000 27253.3 42438.1 43098.6 112790
1225500 27263.4 42485.4 43136.7 112886
1226000 27306.4 42506.3 43171.6 112984
1226500 27336.3 42502.8 43202.1 113041
1227000 27386.5 42547.6 43246.3 113180
1227500 27402.5 42590.6 43275.3 113268
1228000 27429.9 42637.3 43311.1 113378
1228500 27452.6 42676.7 43313.7 113443
1229000 27475.8 42712.2 43294.3 113482
1229500 27481 42758.9 43282.2 113522
1230000 27496.4 42801.8 43283.2 113581
1230500 27491.2 42841.5 43285.1 113618
1231000 27497.7 42873.7 43301.5 113673
1231500 27483.6 42926.4 43346.5 113756
1232000 27479.8 42976.4 43378 113834
1232500 27478.4 43015.4 43394.3 113888
1233000 27483.1 43055 43399.5 113938
1233500 27491.9 43059.2 43424.6 113976
1234000 27512.2 43036.7 43472.1 114021
1234500 27526.3 43024.7 43542.5 114093
1235000 27545.5 43013.8 43589.7 114149
1235500 27560.7 43029.7 43619.7 114210
1236000 27524.2 43065.9 43680.7 114271
1236500 27511.1 43088.8 43727.5 114327
1237000 27518.1 43150.4 43762.8 114431
1237500 27506.5 43176.9 43776.1 114460
1238000 27501.6 43194.9 43778.7 114475
1238500 27506.5 43201.3 43784.8 114493
1239000 27527.1 43214.6 43777.9 114520
1239500 27544.3 43257 43788 114589
1240000 27545.9 43289.8 43788.8 114624
1240500 27553.7 43330.5 43803.8 114688
1241000 27578.5 43360.2 43863.1 114802
1241500 27603 43384.5 43965.7 114953
1242000 27604.5 43422.2 44055.8 115082
1242500 27612.7 43443.6 44097.9 115154
1243000 27619.2 43468 44116.1 115203
1243500 27615.3 43486.8 44123.2 115225
1244000 27602 43521.1 44183.8 115307
1244500 27576.1 43528.7 44213.1 115318
1245000 27572.1 43549.8 44213.5 115335
1245500 27564.7 43579.1 44231.2 115375
1246000 27588.6 43602.1 44246.5 115437
1246500 27614.7 43621.9 44248.9 115485
1247000 27628.8 43637.6 44265.5 115532
1247500 27637.1 43682.4 44255.1 115575
1248000 27642.3 43696.7 44265.1 115604
1248500 27657.8 43722.5 44315 115695
1249000 27652.5 43712.7 44336.5 115702
1249500 27651.1 43730.5 44340 115722
1250000 27681 43748.2 44366.3 115796
1250500 27706.8 43779.4 44405 115891
1251000 27715 43773.5 44412.8 115901
1251500 27724.5 43775.3 44452.8 115953
1252000 27732.8 43813.6 44487 116033
1252500 27738 43821.6 44512.2 116072
1253000 27742.2 43826 44552.9 116121
1253500 27757.7 43803.6 44576.9 116138
1254000 27774 43820.2 44588.8 116183
1254500 27787.1 43838.2 44592.8 116218
1255000 27813.1 43870.7 44599.2 116283
1255500 27852.4 43908.5 44602.4 116363
1256000 27860.7 43950.2 44637.7 116449
1256500 27872.1 43987.2 44691.6 116551
1257000 27883.8 43983.3 44699.8 116567
1257500 27898.7 43981.2 44695.1 116575
1258000 27906.9 43982.9 44716.8 116607
1258500 27916.9 43984.9 44732.2 116634
1259000 27956.3 43998.9 44751 116706
1259500 27951 43974.7 44799.3 116725
1260000 27982.4 43966.6 44822.3 116771
1260500 28004.1 43981.2 44839.1 116824
1261000 28024.6 44000.8 44851.6 116877
1261500 28041.8 44012.3 44854.8 116909
1262000 28082.6 44024.3 44875.1 116982
1262500 28141.5 44043.6 44938 117123
1263000 28175.2 44068.4 44991.2 117235
1263500 28191.9 44113.4 45043.1 117348
1264000 28224.8 44136.9 45082.6 117444
1264500 28249.9 44148 45159.9 117558
1265000 28270.6 44156.1 45205.9 117633
1265500 28270.7 44202.6 45250.1 117723
1266000 28288.9 44202 45281.3 117772
1266500 28287.5 44202.4 45311.8 117802
1267000 28287.9 44214.9 45330.2 117833
1267500 28284.5 44212 45330.1 117827
1268000 28285.2 44230.7 45347.1 117863
1268500 28301.5 44254.1 45357.3 117913
1269000 28308.1 44252.5 45389.5 117950
1269500 28297.2 44238.4 45384.6 117920
1270000 28300.1 44249.1 45390.6 117940
1270500 28276.9 44260.1 45395.9 117933
1271000 28257.9 44283.7 45418.6 117960
1271500 28246.9 44296 45416.7 117960
1272000 28226 44296.6 45432 117955
1272500 28205.2 44303.7 45434.4 117943
1273000 28218.1 44316.3 45443.9 117978
1273500 28231.1 44348.2 45441.9 118021
1274000 28248.5 44373.5 45422.6 118045
1274500 28238.8 44381 45378.8 117999
1275000 28230.8 44402.6 45331.6 117965
1275500 28244.1 44417.5 45283.4 117945
1276000 28261.4 44411.6 45258.2 117931
1276500 28275.7 44409.3 45222 117907
1277000 28303.1 44429.5 45243.2 117976
1277500 28333.3 44461.5 45276.1 118071
1278000 28345.7 44446.6 45285.7 118078
1278500 28365 44392 45298.5 118056
1279000 28384 44368.2 45312.7 118065
1279500 28415.4 44363.7 45348 118127
1280000 28410.4 44353.8 45406.7 118171
1280500 28416.7 44368.7 45430.6 118216
1281000 28428.7 44379.3 45460.4 118268
1281500 28428.4 44378.7 45503.9 118311
1282000 28431.6 44426.7 45505 118363
1282500 28446.7 44434.8 45525.6 118407
1283000 28446.3 44487.2 45555.1 118489
1283500 28457 44550 45593 118600
1284000 28452.9 44585 45629.5 118667
1284500 28446.6 44621.2 45627.7 118696
1285000 28450.3 44673.2 45625.8 118749
1285500 28447.6 44679.8 45639.2 118767
1286000 28449.6 44698.7 45667.3 118816
1286500 28461.1 44704.9 45683.7 118850
1287000 28463.1 44684.3 45692.9 118840
1287500 28475.5 44668.3 45700.2 118844
1288000 28486.1 44645.1 45732 118863
1288500 28502.7 44640.8 45741.2 118885
1289000 28523.6 44650.9 45739.2 118914
1289500 28562.4 44680.1 45739.9 118982
1290000 28571.9 44696.4 45736.8 119005
1290500 28542 44722.6 45732.9 118998
1291000 28540.4 44757.6 45743.4 119041
1291500 28554.2 44811.2 45738.4 119104
1292000 28554.6 44841.2 45717.9 119114
1292500 28556.5 44846.7 45725.7 119129
1293000 28566.3 44857.9 45727.6 119152
1293500 28581.8 44830.9 45725.4 119138
1294000 28602.9 44818.1 45717.5 119138
1294500 28621.7 44810.7 45719.7 119152
1295000 28640.6 44829.6 45714.3 119184
1295500 28631.2 44840.6 45710.6 119182
1296000 28642.3 44860.1 45706.8 119209
1296500 28686.4 44885.7 45720.8 119293
1297000 28726.2 44896 45710.7 119333
1297500 28742.8 44891.3 45659.2 119293
1298000 28752.8 44894.7 45629.6 119277
1298500 28779.8 44881.6 45625.7 119287
1299000 28796.9 44896.3 45642.1 119335
1299500 28831.6 44943.3 45674.5 119449
1300000 28840 44980 45679.2 119499
1300500 28857.9 45024.9 45662.8 119545
1301000 28873.7 45028.3 45713.5 119615
1301500 28894 45043.9 45740.3 119678
1302000 28913.5 45078.7 45801.2 119793
1302500 28931.5 45116.5 45860.7 119909
1303000 28948.9 45162.6 45895.9 120007
1303500 28951.3 45192.6 45925.1 120069
1304000 28953 45219.5 45951.9 120124
1304500 28958.6 45230.5 45935.3 120124
1305000 28977.7 45248.3 45948.3 120174
1305500 28963 45257.7 45977.9 120199
1306000 28966.1 45276.5 46007.6 120250
1306500 28979.2 45260.9 46016 120256
1307000 28996.1 45209.3 46032.8 120238
1307500 29034.3 45214.9 46033.9 120283
1308000 29034.1 45237.8 46056.8 120329
1308500 29040.9 45222.8 46047.6 120311
1309000 29030.1 45243.5 46024.8 120298
1309500 29007.6 45262.6 45997 120267
1310000 28985 45263.7 45978.5 120227
1310500 28963.3 45297.3 45993.7 120254
1311000 28959.9 45324 45998.2 120282
1311500 28961.2 45326 46008.4 120296
1312000 28966.4 45321.5 46022.2 120310
1312500 28948.3 45324.3 46022 120295
1313000 28952.3 45315.6 45996.8 120265
1313500 28946.7 45324.3 46003.7 120275
1314000 28929.2 45322.8 45998.8 120251
1314500 28947.1 45310.9 46015.6 120274
1315000 28956.7 45321.2 46029.6 120307
1315500 28977.9 45331 46035.7 120345
1316000 28986.5 45346.2 46085.9 120419
1316500 29000.7 45323.4 46104.3 120428
1317000 29032.3 45334.1 46141.5 120508
1317500 29050.7 45350.3 46181.5 120582
1318000 29069.6 45370.3 46200.8 120641
1318500 29088.7 45352.2 46239.7 120681
1319000 29108 45326.2 46268 120702
1319500 29115.1 45306 46299 120720
1320000 29113.9 45292.7 46303.5 120710
1320500 29120 45287.2 46308.7 120716
1321000 29111 45289.6 46342.9 120743
1321500 29111.2 45287.1 46377.2 120775
1322000 29141.1 45309.4 46408.1 120859
1322500 29145.3 45324.1 46424.1 120893
1323000 29153.6 45328.8 46451.1 120934
1323500 29175.1 45363.3 46449.4 120988
1324000 29197.4 45368.5 46470.6 121037
1324500 29225 45377.3 46457.1 121059
1325000 29240.8 45386.9 46443.2 121071
1325500 29272.6 45403.4 46431.8 121108
1326000 29296 45399 46449.7 121145
1326500 29315.6 45387.7 46476.4 121180
1327000 29306.9 45390.2 46497.4 121194
1327500 29296.4 45406.5 46521.7 121225
1328000 29316 45414.2 46522.1 121252
1328500 29323.4 45429.2 46529.6 121282
1329000 29319.9 45418.1 46549.9 121288
1329500 29342.1 45411.8 46560.8 121315
1330000 29376.5 45414.8 46566.2 121358
1330500 29383.7 45449.5 46563.9 121397
1331000 29381.8 45487.8 46591 121461
1331500 29395.1 45540.9 46642.8 121579
1332000 29393.5 45605 46679 121678
1332500 29413.6 45657.2 46705.6 121776
1333000 29401.1 45677.8 46763.1 121842
1333500 29377.7 45720.4 46802.1 121900
1334000 29343.3 45741.9 46850.9 121936
1334500 29326.7 45731.1 46869.8 121928
1335000 29323.6 45748.2 46881.3 121953
1335500 29329.4 45786.1 46889.1 122005
1336000 29348.2 45799.5 46900.2 122048
1336500 29348.7 45837.4 46912.5 122099
1337000 29361.1 45864.7 46940.2 122166
1337500 29370.4 45890.3 46960.8 122222
1338000 29377.5 45919.8 46985.8 122283
1338500 29382.5 45949.8 46996.2 122329
1339000 29377.1 45972.9 47012.9 122363
1339500 29372 45973.1 47035.5 122381
1340000 29376 45958.1 47081.2 122415
1340500 29381.6 45981.7 47095.8 122459
1341000 29387 46021.4 47127.2 122536
1341500 29383.3 46056.4 47164.7 122604
1342000 29376.2 46081.6 47193.9 122652
1342500 29357.1 46102.6 47205.3 122665
1343000 29345.9 46132.5 47235.6 122714
1343500 29355.6 46179.3 47255.1 122790
1344000 29367.8 46194.5 47297.9 122860
1344500 29396.4 46233.3 47323.5 122953
1345000 29404.5 46235.8 47359.1 122999
1345500 29438.4 46260.1 47399 123097
1346000 29464 46276.6 47462.6 123203
1346500 29490.4 46291.7 47535.3 123317
1347000 29518.4 46304 47575.6 123398
1347500 29549.1 46338 47631.5 123519
1348000 29593.5 46395 47679.4 123668
1348500 29643 46443.6 47732.8 123819
1349000 29682 46454.4 47785.7 123922
1349500 29710.7 46508.7 47811.7 124031
1350000 29723.7 46546 47822.2 124092
1350500 29768.6 46589.3 47865.8 124224
1351000 29796 46647.7 47898.1 124342
1351500 29816.9 46679 47925.4 124421
1352000 29815.6 46724 47955.6 124495
1352500 29809.3 46818.4 47982.3 124610
1353000 29803.8 46880.5 48038.5 124723
1353500 29798.4 46915.1 48083.2 124797
1354000 29804.5 46939.3 48100.5 124844
1354500 29837.5 46990.8 48127.1 124955
1355000 29856.1 47054.6 48149.2 125060
1355500 29884.8 47113.9 48178.6 125177
1356000 29900 47134.5 48214 125248
1356500 29896.7 47142.1 48244.8 125284
1357000 29867.4 47160 48263.5 125291
1357500 29860 47175.6 48283.1 125319
1358000 29863.5 47185.3 48312.6 125361
1358500 29858.5 47185.3 48354.4 125398
1359000 29856.4 47200.3 48400.1 125457
1359500 29871.6 47221.3 48441.2 125534
1360000 29897.3 47242.6 48492.2 125632
1360500 29897.7 47265.3 48538.4 125701
1361000 29899.5 47271.4 48596.2 125767
1361500 29930.8 47249.4 48625.8 125806
1362000 29943.3 47256.6 48656.6 125856
1362500 29937.2 47252.6 48672.7 125863
1363000 29940.8 47240.8 48693.9 125875
1363500 29962.5 47242 48685.4 125890
1364000 29967.2 47210.7 48723.2 125901
1364500 29961.8 47196.8 48751.7 125910
1365000 29940.2 47219.3 48799.7 125959
1365500 29921.5 47229.8 48843.3 125995
1366000 29894.2 47226.2 48895.8 126016
1366500 29892.4 47228.9 48921.5 126043
1367000 29889.3 47225.2 48924.4 126039
1367500 29895.6 47266.3 48918.6 126080
1368000 29919.2 47262.4 48912.9 126095
1368500 29964.2 47253.3 48914.7 126132
1369000 29995.3 47265.6 48910.7 126172
1369500 30009.8 47252.8 48896.2 126159
1370000 30030.4 47258.9 48908.4 126198
1370500 30014.2 47291 48945.4 126251
1371000 30009.5 47319.9 48996.2 126326
1371500 29996.9 47317.7 49061.9 126376
1372000 30012.9 47288.2 49128.5 126430
1372500 30019.6 47267.2 49159.3 126446
1373000 30052.5 47237.4 49175.8 126466
1373500 30094.1 47228.6 49206.6 126529
1374000 30123.1 47243.5 49235.5 126602
1374500 30144.4 47234.5 49263.2 126642
1375000 30143.6 47199.5 49290.9 126634
1375500 30163.5 47199.2 49311.9 126675
1376000 30183.2 47193.9 49333.1 126710
1376500 30213 47181.4 49336.7 126731
1377000 30241.7 47175 49370.2 126787
1377500 30255.5 47187.9 49415.2 126859
1378000 30278.9 47209 49448.4 126936
1378500 30298 47212.6 49486.3 126997
1379000 30321 47211.6 49512.4 127045
1379500 30340.6 47234.4 49546.9 127122
1380000 30360.1 47265.6 49604.8 127230
1380500 30379.7 47277.8 49654.8 127312
1381000 30385.6 47280.5 49699.6 127366
1381500 30385.9 47290.2 49733.5 127409
1382000 30379.4 47326.1 49751.2 127457
1382500 30372.5 47341.9 49762.7 127477
1383000 30365.7 47379.5 49798.9 127544
1383500 30372.2 47397.8 49829.6 127600
1384000 30379.5 47401.9 49861.3 127643
1384500 30382.5 47414.3 49872 127669
1385000 30395.8 47450.7 49863.3 127710
1385500 30420.8 47502.3 49856.8 127780
1386000 30431.6 47553 49823.5 127808
1386500 30449.1 47573.9 49832.7 127856
1387000 30469.1 47608.5 49836.4 127914
1387500 30481.3 47650 49848.1 127979
1388000 30497.3 47676.3 49899.2 128073
1388500 30513.8 47705.4 49924.5 128144
1389000 30513.3 47749.9 49962.1 128225
1389500 30540.6 47792.2 49978.8 128312
1390000 30567.3 47778.7 50007.3 128353
1390500 30619.1 47786.3 50041.2 128446
1391000 30647 47774.1 50061.5 128483
1391500 30687.4 47757.5 50082.1 128527
1392000 30710.7 47726.9 50086.8 128524
1392500 30722 47701.2 50129.7 128553
1393000 30726.2 47684.3 50164.5 128575
1393500 30704.8 47696.4 50183.5 128585
1394000 30721.7 47712.1 50228.4 128662
1394500 30737.8 47769.7 50267.2 128775
1395000 30766.9 47809.8 50285.6 128862
1395500 30795.1 47800 50324.4 128919
1396000 30816.1 47807.8 50320.6 128944
1396500 30840.3 47791.4 50314.7 128946
1397000 30836.4 47810.6 50335.1 128982
1397500 30817.5 47791.3 50341.9 128951
1398000 30824.3 47794.2 50352.4 128971
1398500 30834.4 47820.2 50385.4 129040
1399000 30833.5 47807.4 50405.9 129047
1399500 30845.3 47808.2 50423.9 129077
1400000 30843.6 47801.7 50458.7 129104
1400500 30835.9 47812.3 50509.4 129158
1401000 30868.1 47793 50559.7 129221
1401500 30895.3 47793.6 50562.6 129252
1402000 30912.8 47776.7 50559.9 129249
1402500 30907.3 47799.1 50592.7 129299
1403000 30896.5 47834.5 50635.4 129366
1403500 30876.8 47883.3 50663.6 129424
1404000 30874.1 47926.5 50716.9 129518
1404500 30886.9 47956.1 50765.7 129609
1405000 30916.1 48000.5 50808.2 129725
1405500 30961.2 48042.2 50847.2 129851
1406000 31008.6 48038.5 50864 129911
1406500 31022.9 48033 50858.6 129914
1407000 31043.8 48037.4 50854.1 129935
1407500 31056.8 48063.4 50861.5 129982
1408000 31068.3 48086.7 50903.1 130058
1408500 31096.3 48115.4 50940 130152
1409000 31120.7 48161 50956 130238
1409500 31132.1 48176.8 50965.9 130275
1410000 31146.5 48196.4 50987.3 130330
1410500 31187.7 48213.8 51009.2 130411
1411000 31219.9 48230.2 51028 130478
1411500 31224 48222 51055.8 130502
1412000 31232 48240 51125.5 130598
1412500 31246.9 48285.5 51156.1 130689
1413000 31257.8 48306.5 51190 130754
1413500 31280.1 48315.4 51264.7 130860
1414000 31298.4 48308.2 51304.1 130911
1414500 31304.1 48316.2 51331.7 130952
1415000 31299.6 48327 51369 130996
1415500 31312.9 48367 51416.3 131096
1416000 31335.3 48360.9 51456.5 131153
1416500 31334.8 48335.7 51492.9 131163
1417000 31348.8 48316 51559 131224
1417500 31367.1 48297.9 51590.6 131256
1418000 31393.4 48276.2 51603.3 131273
1418500 31404.6 48259.5 51659.6 131324
1419000 31433.4 48262.6 51703.5 131399
1419500 31438 48260.9 51755.4 131454
1420000 31457.2 48274.5 51752.2 131484
1420500 31465.8 48294.8 51770.3 131531
1421000 31499 48287.1 51776 131562
1421500 31504.6 48290.7 51778.2 131574
1422000 31519.1 48313.8 51815.2 131648
1422500 31519.8 48347.7 51860.9 131728
1423000 31529.2 48371.3 51925.9 131826
1423500 31517.5 48389.5 51967.3 131874
1424000 31510.5 48382.2 51989.8 131883
1424500 31497.1 48399.3 51993.6 131890
1425000 31508.8 48429 52029 131967
1425500 31515.7 48489.2 52064 132069
1426000 31520.5 48487.2 52066.8 132075
1426500 31536.9 48493.9 52093.7 132124
1427000 31531.5 48503.8 52091.4 132127
1427500 31523.6 48529.6 52086.9 132140
1428000 31537.1 48562.2 52117.1 132216
1428500 31575.7 48589.3 52136.4 132301
1429000 31593.5 48568.4 52157.7 132320
1429500 31615.7 48571.6 52187.8 132375
1430000 31613.3 48578.3 52174.5 132366
1430500 31594.8 48606.7 52239.1 132441
1431000 31578.9 48639 52254.9 132473
1431500 31606.7 48637.5 52276.2 132520
1432000 31622.9 48663.5 52337.1 132624
1432500 31633.1 48659.8 52381 132674
1433000 31665.5 48681 52417.9 132764
1433500 31679.3 48677.3 52459.9 132817
1434000 31707.1 48682 52491.6 132881
1434500 31702.9 48716.8 52514.6 132934
1435000 31681.3 48719.6 52569.8 132971
1435500 31672.7 48717.7 52606.2 132997
1436000 31688.3 48675.1 52619.3 132983
1436500 31681.7 48671.8 52638.7 132992
1437000 31716.5 48668 52647.6 133032
1437500 31751.8 48647.6 52679.8 133079
1438000 31781 48638.9 52748.9 133169
1438500 31776.3 48659.4 52825.2 133261
1439000 31799 48650 52884.6 133334
1439500 31841.3 48663.4 52923.7 133428
1440000 31855.6 48660.7 52942.7 133459
1440500 31861.1 48659.3 52962.1 133482
1441000 31852.4 48680.8 52961.4 133495
1441500 31853 48681.2 52973.2 133507
1442000 31873.3 48700.3 52998.6 133572
1442500 31897.2 48713 53025.3 133635
1443000 31933.7 48705.1 53035.5 133674
1443500 31941.5 48722.5 53021.4 133685
1444000 31933.8 48746 53045.1 133725
1444500 31932.9 48723.6 53071.8 133728
1445000 31932.2 48745.4 53109.2 133787
1445500 31926.6 48753.7 53131.2 133811
1446000 31919.2 48796.3 53172.7 133888
1446500 31928.4 48857.9 53207.4 133994
1447000 31952.1 48918.3 53224.4 134095
1447500 31953.1 48981.3 53285.4 134220
1448000 31960.1 49039.2 53370.4 134370
1448500 31969.7 49077.5 53415.6 134463
1449000 31992.3 49111.4 53469 134573
1449500 32003.7 49153 53503.2 134660
1450000 32000.8 49182.9 53527 134711
1450500 32031.9 49204.8 53509.6 134746
1451000 32044.1 49232.3 53499.6 134776
1451500 32055.8 49246.3 53492.8 134795
1452000 32083 49255.7 53498.3 134837
1452500 32110.3 49271.7 53483.7 134866
1453000 32109 49255.7 53467.8 134833
1453500 32125.8 49286.1 53437.9 134850
1454000 32112.7 49343.5 53444.6 134901
1454500 32112.5 49351 53459.3 134923
1455000 32124 49371.4 53476.5 134972
1455500 32152.7 49374.7 53493.4 135021
1456000 32186.7 49378.4 53509.1 135074
1456500 32217.2 49402.4 53525 135145
1457000 32249.8 49436 53523.8 135210
1457500 32257.3 49446.3 53531.7 135235
1458000 32255.3 49453.4 53551 135260
1458500 32251.8 49461.7 53589.9 135303
1459000 32249.1 49459.7 53608.4 135317
1459500 32252.8 49465.2 53662.5 135381
1460000 32262.3 49467.9 53727.2 135457
1460500 32276.5 49468.4 53766.5 135511
1461000 32270.4 49516.3 53797.1 135584
1461500 32260.8 49572.4 53810.4 135644
1462000 32238.1 49597 53846.7 135682
1462500 32236.4 49642.1 53866.3 135745
1463000 32216.2 49686.5 53886.5 135789
1463500 32200.6 49724.5 53923.3 135848
1464000 32173.5 49727.4 53962.7 135864
1464500 32169.6 49739.7 53998.6 135908
1465000 32182 49781.3 54032.6 135996
1465500 32197.9 49799.8 54068.6 136066
1466000 32201.1 49848.8 54068.2 136118
1466500 32202.2 49904.4 54057.2 136164
1467000 32197.1 49947 54053.4 136197
1467500 32200.2 49996.4 54077.9 136274
1468000 32201.8 50024.1 54126.1 136352
1468500 32232.1 50038 54165 136435
1469000 32265.6 50054 54219.1 136539
1469500 32278.3 50079.6 54237 136595
1470000 32287.5 50088.8 54283.9 136660
1470500 32296.6 50127 54336.1 136760
1471000 32314.4 50170 54366 136850
1471500 32317.6 50199.6 54357.1 136874
1472000 32301.6 50214.3 54333.3 136849
1472500 32301.4 50227 54300.7 136829
1473000 32286.1 50261.5 54266.4 136814
1473500 32267.1 50277.8 54229.3 136774
1474000 32258.6 50311 54205.6 136775
1474500 32286 50320 54215.2 136821
1475000 32296.6 50334.5 54236.1 136867
1475500 32284 50321.4 54216.3 136822
1476000 32324.6 50319.3 54187.1 136831
1476500 32330.9 50316.8 54181.4 136829
1477000 32352.1 50344.8 54129 136826
1477500 32379.1 50384.4 54121 136885
1478000 32410 50408.4 54152.2 136971
1478500 32431.7 50413.2 54166.8 137012
1479000 32448.5 50440.4 54199.7 137089
1479500 32457.8 50439.9 54253.5 137151
1480000 32457.7 50469.6 54271.9 137199
1480500 32461.2 50512.5 54305 137279
1481000 32482 50537.6 54325.6 137345
1481500 32502.2 50593.3 54325.9 137421
1482000 32506.2 50647.6 54356.2 137510
1482500 32491.5 50691.7 54382.1 137565
1483000 32508.5 50731.9 54433.6 137674
1483500 32539.6 50778.6 54473.9 137792
1484000 32573.9 50780.8 54490.7 137845
1484500 32589.1 50752 54502.9 137844
1485000 32579.5 50745 54508.7 137833
1485500 32586.8 50764.1 54522.4 137873
1486000 32613.1 50746.5 54543.3 137903
1486500 32650.6 50752.8 54569.2 137973
1487000 32687.2 50768.4 54587.9 138043
1487500 32719.9 50801.8 54580 138102
1488000 32772 50848.7 54577.1 138198
1488500 32804.5 50911.3 54553.1 138269
1489000 32820 50923.8 54553.1 138297
1489500 32835.7 50943.5 54584.2 138363
1490000 32840.4 50975.5 54606.2 138422
1490500 32841.9 51010.7 54599 138452
1491000 32855.3 51032.9 54615.5 138504
1491500 32859.4 51089.3 54632.7 138581
1492000 32867.8 51139.8 54662.6 138670
1492500 32884.9 51182.5 54684.4 138752
1493000 32903.3 51213.9 54711.3 138829
1493500 32916.8 51246.2 54733 138896
1494000 32895.8 51248.1 54754.9 138899
1494500 32886.3 51250.8 54796.4 138934
1495000 32916.5 51227.1 54833.4 138977
1495500 32947.9 51235.3 54830.4 139014
1496000 32966.8 51229.9 54853.2 139050
1496500 33001.3 51260.6 54878.1 139140
1497000 33009.6 51268.5 54898.4 139176
1497500 33012.6 51289.2 54907 139209
1498000 33040.7 51331.9 54920.4 139293
1498500 33030.8 51352.4 54927.8 139311
1499000 33013.1 51368.2 54935.8 139317
1499500 32974 51410.3 54968.1 139352
1500000 32958.9 51434.5 54983.8 139377
1500500 32944.2 51488.4 55010.7 139443
1501000 32953.7 51542 55041.7 139537
1501500 32970.6 51590.1 55064.9 139626
1502000 32965.9 51648.8 55097 139712
1502500 32992.4 51702.4 55130 139825
1503000 33025.4 51759.4 55161.2 139946
1503500 33045.5 51806.9 55174.7 140027
1504000 33040.9 51829.6 55152.3 140023
1504500 33048.9 51863.2 55095 140007
1505000 33056.3 51902.8 55079.9 140039
1505500 33100.2 51910.5 55055.6 140066
1506000 33152.7 51934.4 55017.4 140104
1506500 33181.9 51976 55024.9 140183
1507000 33181.6 52010.2 55037.8 140230
1507500 33202 51986.2 55029 140217
1508000 33220.8 51989.4 55043.3 140254
1508500 33213.9 52009.2 55089.8 140313
1509000 33199.4 52053.8 55118.1 140371
1509500 33198.1 52079.4 55142 140420
1510000 33218.9 52098.1 55152.6 140470
1510500 33254.7 52115 55180.8 140550
1511000 33272 52149.6 55191.6 140613
1511500 33292.5 52181.1 55208 140682
1512000 33304.8 52191.5 55235.5 140732
1512500 33318.6 52208.9 55238 140765
1513000 33343.7 52198.8 55235 140778
1513500 33331.3 52216.2 55251 140798
1514000 33341.4 52250.5 55275.3 140867
1514500 33335.5 52263 55291.6 140890
1515000 33332.2 52261 55297.9 140891
1515500 33309.5 52269.1 55317.1 140896
1516000 33306.4 52266.8 55371.2 140944
1516500 33316.3 52269.9 55425.7 141012
1517000 33331.9 52300.1 55468.1 141100
1517500 33354.6 52300.8 55518.2 141174
1518000 33362.5 52277.9 55589.4 141230
1518500 33393.8 52278.4 55637.2 141309
1519000 33425.2 52268 55674.6 141368
1519500 33454.8 52267 55715.7 141437
1520000 33469.4 52255.7 55747.3 141472
1520500 33484.6 52264.9 55781.1 141531
1521000 33524.7 52297.8 55816 141639
1521500 33539.9 52316.2 55825.3 141681
1522000 33554.1 52306.1 55848.3 141708
1522500 33587.8 52324.8 55841.4 141754
1523000 33630.3 52360.5 55854.9 141846
1523500 33659 52390.2 55886.2 141935
1524000 33668 52435.7 55892.6 141996
1524500 33702.5 52468.2 55882.4 142053
1525000 33744.6 52512 55916.8 142173
1525500 33743 52567.7 55945.5 142256
1526000 33738.2 52596.7 55990.3 142325
1526500 33745.5 52604 56001.6 142351
1527000 33767.2 52627.4 56012.5 142407
1527500 33783.9 52643.7 56048.7 142476
1528000 33791.8 52676.2 56088.3 142556
1528500 33815.3 52714.1 56106.7 142636
1529000 33850.8 52705.8 56134.8 142691
1529500 33886.7 52699.9 56168.4 142755
1530000 33930.7 52660.8 56201.5 142793
1530500 33936.3 52636.1 56185.7 142758
1531000 33952.7 52592.1 56193.4 142738
1531500 33967.9 52566.2 56228 142762
1532000 33975.9 52562.9 56236.6 142775
1532500 33971.6 52571.5 56212.8 142756
1533000 33982.6 52564 56183.5 142730
1533500 34010.6 52572.5 56178.1 142761
1534000 34018.2 52573.5 56192.2 142784
1534500 34036.6 52600.6 56208.7 142846
1535000 34052.1 52603.7 56226.3 142882
1535500 34059.7 52603.2 56235.2 142898
1536000 34081 52611.7 56266.9 142960
1536500 34049.1 52628.7 56308.6 142986
1537000 34037.9 52640.5 56316.6 142995
1537500 34051.5 52620.6 56317.9 142990
1538000 34046.1 52599.1 56328.4 142974
1538500 34048.2 52603.3 56370.4 143022
1539000 34073.6 52613.6 56422.2 143109
1539500 34123 52628.5 56459.3 143211
1540000 34176.4 52614.8 56495.4 143287
1540500 34211.4 52590.5 56526.3 143328
1541000 34246.3 52591.4 56538.5 143376
1541500 34299.4 52582.4 56571.1 143453
1542000 34341.8 52590 56576.5 143508
1542500 34386.9 52641.8 56628.6 143657
1543000 34440.9 52690.5 56639.1 143771
1543500 34475.1 52724 56652.7 143852
1544000 34488.5 52746.1 56666.2 143901
1544500 34509.2 52764.9 56660.9 143935
1545000 34526.6 52756.9 56680.3 143964
1545500 34577.7 52768.9 56724.2 144071
1546000 34594.6 52783.8 56711.9 144090
1546500 34617 52812.5 56699 144129
1547000 34632 52849.1 56696.3 144177
1547500 34653.1 52871.1 56705 144229
1548000 34670.5 52871.9 56717.9 144260
1548500 34686.6 52888.4 56720.1 144295
1549000 34692.4 52916.3 56715.1 144324
1549500 34699.3 52929.6 56707 144336
1550000 34734 52942.6 56687.4 144364
1550500 34769.7 52954.8 56683.9 144408
1551000 34796.4 52966.6 56681.7 144445
1551500 34811.8 53003.6 56685.7 144501
1552000 34851.9 53020.3 56677 144549
1552500 34891.8 53033.4 56628.7 144554
1553000 34889.3 53022.4 56610.9 144523
1553500 34897.1 53023.1 56598.9 144519
1554000 34912.4 53030.4 56639.2 144582
1554500 34935 53049.7 56637.8 144623
1555000 34967.8 53079.2 56634.8 144682
1555500 34991.9 53133.7 56678.6 144804
1556000 35016.2 53178.2 56683.4 144878
1556500 35042.9 53203.1 56709 144955
1557000 35067.5 53215.4 56717.6 145000
1557500 35085.5 53266 56733.9 145085
1558000 35078.6 53317.1 56771 145167
1558500 35126.5 53374.5 56823 145324
1559000 35152 53408.1 56853.9 145414
1559500 35217.4 53432.2 56846.2 145496
1560000 35256.1 53454.8 56814.1 145525
1560500 35290.9 53467.8 56831.2 145590
1561000 35292.4 53457.8 56839.8 145590
1561500 35255.8 53476.2 56831.4 145563
1562000 35211.3 53529.3 56842.1 145583
1562500 35183.9 53575.7 56861.8 145621
1563000 35135.4 53632.1 56876.3 145644
1563500 35128.6 53658.5 56898.3 145685
1564000 35135.5 53691 56908.4 145735
1564500 35114.7 53751.3 56910.1 145776
1565000 35121.8 53806.4 56919.7 145848
1565500 35154.7 53812.5 56950.8 145918
1566000 35181.9 53844.1 56975.5 146001
1566500 35191.8 53848.3 57025.8 146066
1567000 35190.2 53869.7 57077.9 146138
1567500 35179.7 53896.5 57104.6 146181
1568000 35174.8 53855.2 57102.4 146132
1568500 35203.9 53842.9 57126.2 146173
1569000 35248.7 53854.4 57150.9 146254
1569500 35279.6 53849.9 57178.8 146308
1570000 35313.9 53838.6 57212.7 146365
1570500 35317.6 53853.2 57256.9 146428
1571000 35326.2 53836 57304.3 146466
1571500 35321.3 53877.4 57338.2 146537
1572000 35330.4 53908 57334.9 146573
1572500 35350.6 53923.9 57372.1 146647
1573000 35375.6 53910.6 57407.9 146694
1573500 35427.8 53893.2 57422.2 146743
1574000 35490.1 53896.4 57403.5 146790
1574500 35519.5 53906.8 57408.6 146835
1575000 35517.3 53936.2 57405.5 146859
1575500 35516.6 53961.1 57395.8 146874
1576000 35526.5 53958.7 57398.7 146884
1576500 35500.7 53989.1 57431.4 146921
1577000 35492.1 54012.8 57477.6 146983
1577500 35484.6 54016.3 57524.4 147025
1578000 35485.5 54038.3 57550.8 147075
1578500 35476.4 54040.6 57570.6 147088
1579000 35456.2 54037.8 57572.8 147067
1579500 35444.7 54071.8 57602.8 147119
1580000 35443 54099.4 57638.7 147181
1580500 35454 54148 57661.7 147264
1581000 35482.6 54168.6 57698.3 147349
1581500 35509.5 54167.3 57748.3 147425
1582000 35515.4 54181.8 57800.9 147498
1582500 35548.3 54231.8 57829.3 147609
1583000 35582.3 54243.5 57855.6 147681
1583500 35605.6 54274.8 57890 147770
1584000 35607.8 54261.3 57936.3 147805
1584500 35637.6 54245.8 57975.8 147859
1585000 35654.9 54253.7 57986.4 147895
1585500 35693 54245 57980.6 147919
1586000 35740.7 54251.1 57993.9 147986
1586500 35778 54288.9 57988.7 148056
1587000 35798.5 54314.1 57990.8 148103
1587500 35821.9 54340.4 58041.1 148203
1588000 35851.5 54350.4 58068.4 148270
1588500 35876 54372.9 58095 148344
1589000 35917.1 54411.4 58124.8 148453
1589500 35934.3 54448.1 58118.3 148501
1590000 35928.5 54483.4 58118.8 148531
1590500 35929.5 54507.9 58079.4 148517
1591000 35932 54564.9 58079.5 148576
1591500 35941.1 54619.6 58102.1 148663
1592000 35936.2 54657.6 58088.5 148682
1592500 35913.3 54694.5 58097.6 148705
1593000 35924.5 54719.4 58109.4 148753
1593500 35934.3 54756.8 58111.4 148802
1594000 35944.1 54779.1 58117.8 148841
1594500 35953.7 54754.6 58139.4 148848
1595000 35958.8 54729.6 58147.5 148836
1595500 35960.7 54764.8 58136.5 148862
1596000 35985.9 54804.1 58172.5 148962
1596500 35990.3 54868.9 58215.3 149075
1597000 36001.1 54900.5 58273.2 149175
1597500 36011.6 54932.1 58295.9 149240
1598000 36028.2 54960.6 58289.5 149278
1598500 36049.2 54992.9 58331.4 149374
1599000 36077.2 55014.9 58412.7 149505
1599500 36074.2 55020.6 58475.7 149571
1600000 36096.5 55050.7 58505.8 149653
1600500 36141.8 55073.9 58509.6 149725
1601000 36193.4 55046.7 58496.8 149737
1601500 36225.8 55039.8 58492.5 149758
1602000 36251.6 55022.7 58496.9 149771
1602500 36274.9 55015.1 58500.9 149791
1603000 36291 55020.2 58516.6 149828
1603500 36284.1 55031.7 58504.1 149820
1604000 36269.2 55037.4 58519.1 149826
1604500 36275.7 55080.8 58566.3 149923
1605000 36240.1 55101.6 58578 149920
1605500 36237.5 55092.8 58609.7 149940
1606000 36227.9 55082.8 58625.9 149937
1606500 36226.1 55086.2 58648.3 149961
1607000 36235.3 55055.2 58644.8 149935
1607500 36240.6 55048.2 58628.2 149917
1608000 36251.8 55035.2 58648.3 149935
1608500 36253.3 55029.1 58658.4 149941
1609000 36264.3 54997.4 58673.6 149935
1609500 36244.4 54997.3 58681.3 149923
1610000 36240.4 54983.3 58693.6 149917
1610500 36249.6 54975.5 58668.4 149894
1611000 36236.3 54968 58678 149882
1611500 36221.3 54984.9 58681.6 149888
1612000 36222.4 54975.1 58663.2 149861
1612500 36212.6 54994 58667.5 149874
1613000 36206.1 54988.6 58675.6 149870
1613500 36185.7 55011.9 58677 149875
1614000 36180.6 55059.7 58681.6 149922
1614500 36178.4 55115.7 58688.3 149982
1615000 36170 55207.6 58709.5 150087
1615500 36141 55243.2 58734.2 150118
1616000 36130.6 55229.9 58712.3 150073
1616500 36147.4 55232.3 58746.4 150126
1617000 36162 55227.9 58784.9 150175
1617500 36188.9 55238.9 58811.7 150240
1618000 36236.8 55234.4 58788.6 150260
1618500 36301 55238.9 58813.2 150353
1619000 36324.8 55231.3 58877.8 150434
1619500 36381.9 55243.8 58919.8 150545
1620000 36430.1 55252.3 58962.5 150645
1620500 36447 55282 58990.8 150720
1621000 36423.3 55299.9 59004.8 150728
1621500 36390.7 55323 59009.9 150724
1622000 36410.2 55326.3 58996.8 150733
1622500 36448.2 55357 59048.7 150854
1623000 36486.8 55388.5 59097.9 150973
1623500 36506.7 55398.3 59146.6 151052
1624000 36511.1 55398.2 59178.1 151087
1624500 36570.7 55386.5 59221.1 151178
1625000 36630.5 55399.3 59271.6 151301
1625500 36677.5 55379.7 59278.3 151335
1626000 36711.7 55375.7 59256.8 151344
1626500 36704.5 55392.6 59294.7 151392
1627000 36717.6 55410.3 59324.4 151452
1627500 36756.4 55405.9 59379.7 151542
1628000 36772.5 55438 59401.2 151612
1628500 36758.5 55502.9 59387.5 151649
1629000 36746.2 55553.6 59402.6 151702
1629500 36722.1 55626.9 59399.1 151748
1630000 36723 55669.3 59400.5 151793
1630500 36743.3 55722 59432.1 151897
1631000 36778.7 55796.5 59506.1 152081
1631500 36803.1 55841.7 59515.2 152160
1632000 36844.9 55834.8 59515.3 152195
1632500 36880.9 55863.2 59513.7 152258
1633000 36889.2 55858 59502.6 152250
1633500 36885.5 55873.3 59544 152303
1634000 36865 55895.3 59576.8 152337
1634500 36847.5 55936.4 59604.4 152388
1635000 36859.5 55930.7 59627.2 152417
1635500 36871.2 55911 59615.3 152397
1636000 36877.1 55925.7 59629.8 152433
1636500 36885.3 55964.1 59608 152457
1637000 36891.6 55977.4 59584 152453
1637500 36892.2 55964.7 59561.6 152418
1638000 36908.4 55969 59545.9 152423
1638500 36919.1 55983.1 59543.6 152446
1639000 36956.9 55990.6 59513.8 152461
1639500 36985.3 56009 59504.8 152499
1640000 37012.9 56052 59520.6 152586
1640500 37049.5 56093.7 59555.8 152699
1641000 37073.8 56151.4 59558.5 152784
1641500 37083.9 56190.6 59560.5 152835
1642000 37099 56218.3 59603.8 152921
1642500 37104.7 56265.7 59591.8 152962
1643000 37115.4 56321.9 59594.3 153032
1643500 37133.5 56352.8 59604.8 153091
1644000 37144.8 56397.7 59608.4 153151
1644500 37166.8 56425.1 59622.1 153214
1645000 37174.2 56474.9 59678.7 153328
1645500 37156.6 56498.7 59742.6 153398
1646000 37163.8 56505.7 59784.9 153454
1646500 37180.2 56499.3 59809.3 153489
1647000 37195 56516.3 59824.9 153536
1647500 37199.8 56532.8 59842.6 153575
1648000 37216.6 56541.7 59843.7 153602
1648500 37218.4 56566.1 59839.6 153624
1649000 37225 56556.1 59826.1 153607
1649500 37252.9 56549.9 59844.2 153647
1650000 37271.2 56519 59824.7 153615
1650500 37290.9 56492.9 59811.6 153595
1651000 37298.2 56493.5 59779.9 153572
1651500 37308.8 56506.9 59754 153570
1652000 37309.4 56525.9 59736.5 153572
1652500 37297.1 56546.2 59753.6 153597
1653000 37305.1 56554.3 59791 153650
1653500 37328 56576.7 59826.4 153731
1654000 37358.7 56610.8 59865.9 153835
1654500 37338.3 56628.7 59910.9 153878
1655000 37355.8 56653.7 59948.9 153958
1655500 37372.7 56676.1 59949.1 153998
1656000 37366.1 56704.3 59992 154062
1656500 37361.1 56739.8 60049.1 154150
1657000 37331.7 56739.1 60095.5 154166
1657500 37306.3 56734.1 60150.1 154191
1658000 37320.5 56764.6 60178.4 154263
1658500 37312.5 56762.4 60197.5 154272
1659000 37303.6 56785.1 60242.8 154331
1659500 37312.8 56817.5 60252.3 154383
1660000 37313.8 56849.1 60267.4 154430
1660500 37327.2 56868.2 60267.6 154463
1661000 37338.7 56891.3 60266.1 154496
1661500 37396.1 56914.8 60278.4 154589
1662000 37408.1 56950.7 60281.5 154640
1662500 37383.3 56976.3 60264.6 154624
1663000 37337.8 57010.5 60258 154606
1663500 37348.2 57033.2 60248 154629
1664000 37366.6 57055.5 60252.2 154674
1664500 37357.1 57067.6 60228 154653
1665000 37360.4 57076.9 60229.3 154667
1665500 37389.6 57075.5 60229.4 154694
1666000 37390.9 57074.9 60246.6 154712
1666500 37385.7 57067.1 60258.2 154711
1667000 37375.4 57031.6 60257.9 154665
1667500 37353.7 57008.3 60250.1 154612
1668000 37359.3 56988 60237 154584
1668500 37389.1 56979.3 60259.5 154628
1669000 37422.2 56911.2 60296.5 154630
1669500 37446.1 56906.9 60360.8 154714
1670000 37450.8 56905.3 60386.1 154742
1670500 37493.1 56893.9 60414.8 154802
1671000 37530.7 56872.9 60415.7 154819
1671500 37580.4 56876.8 60407.4 154865
1672000 37631.2 56867.2 60407.3 154906
1672500 37670.6 56893.8 60392.3 154957
1673000 37709.9 56919.9 60403.9 155034
1673500 37762.3 56936.1 60417.4 155116
1674000 37798.3 56938.2 60438.5 155175
1674500 37808.1 56951.6 60473.6 155233
1675000 37804 56976.7 60506 155287
1675500 37815.9 57013.1 60552.6 155382
1676000 37845.6 57050.6 60598.8 155495
1676500 37878.9 57092.9 60654.4 155626
1677000 37908 57124.1 60678.3 155710
1677500 37915.7 57147.6 60668.7 155732
1678000 37930.4 57191.7 60699.1 155821
1678500 37931.5 57230.1 60777.4 155939
1679000 37946.1 57254.7 60825.3 156026
1679500 37955.4 57269.6 60854.7 156080
1680000 37951.1 57228.1 60848.5 156028
1680500 37955 57200.1 60841.4 155997
1681000 37950.1 57208.9 60822.1 155981
1681500 37932.7 57256.6 60815.1 156004
1682000 37894.2 57283.2 60808.8 155986
1682500 37887.3 57321 60779 155987
1683000 37873.2 57323.5 60758.6 155955
1683500 37849 57346.4 60736.8 155932
1684000 37834.5 57371.6 60727.5 155934
1684500 37812.6 57370.3 60741.2 155924
1685000 37794.3 57391.2 60691.9 155877
1685500 37789 57384.1 60658.5 155832
1686000 37801.8 57367 60672.2 155841
1686500 37794.5 57367.8 60697 155859
1687000 37776.7 57391.3 60761.4 155929
1687500 37775.8 57393.4 60790.4 155960
1688000 37791.7 57400.1 60869.8 156062
1688500 37792.9 57428.9 60939.7 156162
1689000 37804.9 57465.2 60966 156236
1689500 37812.2 57512.1 60994.1 156318
1690000 37793.8 57530.7 61037.9 156362
1690500 37782.8 57574.1 61105.6 156463
1691000 37766.2 57633.6 61137.3 156537
1691500 37737.1 57673.2 61142 156552
1692000 37714.8 57750.4 61145 156610
1692500 37709.7 57798.8 61187.5 156696
1693000 37708.8 57808.4 61202 156719
1693500 37703.7 57829.9 61232 156766
1694000 37696.6 57865.4 61238.6 156801
1694500 37677.7 57896.6 61254.4 156829
1695000 37665.7 57955.3 61287.3 156908
1695500 37662.7 57936.4 61295.1 156894
1696000 37678.9 57923.5 61280.3 156883
1696500 37694.9 57921.3 61273.9 156890
1697000 37702.4 57932 61264.5 156899
1697500 37741.7 57932.1 61239.1 156913
1698000 37758.8 57935.8 61226.7 156921
1698500 37780.2 57941.4 61194.4 156916
1699000 37795.8 57964.5 61198.9 156959
1699500 37818.3 57956.7 61197.7 156973
1700000 37830.4 58006.3 61209.6 157046
1700500 37833.1 58041.9 61185.6 157061
1701000 37851.5 58087.9 61205.1 157144
1701500 37872.3 58125.2 61222.7 157220
1702000 37882.4 58162.1 61207.4 157252
1702500 37872.2 58192.7 61221.3 157286
1703000 37882.9 58221.5 61206.3 157311
1703500 37903.9 58253 61181.7 157339
1704000 37927.7 58285.4 61166.7 157380
1704500 37954.5 58344.2 61201.3 157500
1705000 37974.4 58344 61245.9 157564
1705500 37994.4 58337 61243.8 157575
1706000 37988.2 58332.6 61249.1 157570
1706500 38001.6 58348.6 61245.7 157596
1707000 38005.1 58401.1 61287.4 157694
1707500 38015.8 58418.9 61336.7 157771
1708000 38025.4 58404.3 61392.3 157822
1708500 38045.6 58410.9 61461.8 157918
1709000 38037.4 58360.8 61524.7 157923
1709500 38054 58387.6 61566.8 158008
1710000 38065.6 58417.7 61598.2 158082
1710500 38061.3 58439.8 61637.7 158139
1711000 38045.9 58420 61654.5 158120
1711500 38036.7 58404 61670.7 158111
1712000 38048.9 58418 61629.1 158096
1712500 38076.7 58450.8 61621.3 158149
1713000 38064.4 58469.2 61626.7 158160
1713500 38082.6 58502.3 61645.2 158230
1714000 38107.5 58534.6 61636.4 158279
1714500 38136.8 58529.4 61627 158293
1715000 38150.8 58534.2 61642.8 158328
1715500 38168.8 58516.9 61630 158316
1716000 38171.9 58501.4 61630.4 158304
1716500 38214 58527.4 61626.1 158368
1717000 38242.3 58507.6 61663.2 158413
1717500 38282.1 58510.1 61696.2 158488
1718000 38291.9 58536 61694 158522
1718500 38314.6 58568.8 61674.4 158558
1719000 38331.6 58551.1 61705.8 158589
1719500 38369.3 58541.8 61743 158654
1720000 38354.7 58538.2 61776.7 158670
1720500 38344.3 58513.1 61795.2 158653
1721000 38345.3 58535.7 61822.8 158704
1721500 38369.3 58528.8 61840.2 158738
1722000 38370.3 58499.6 61875.5 158745
1722500 38373.4 58499.5 61904.5 158777
1723000 38380.7 58510.5 61942.2 158833
1723500 38417.7 58519.2 61974.1 158911
1724000 38445.4 58524.6 61957.3 158927
1724500 38450.7 58539.9 61951.5 158942
1725000 38477.3 58573.4 61954.1 159005
1725500 38533.7 58587.2 61952.3 159073
1726000 38599.6 58610.9 62005.3 159216
1726500 38628 58633.7 61996.2 159258
1727000 38633.7 58636.5 62003 159273
1727500 38648.6 58602 62039.4 159290
1728000 38658.4 58600.9 62090.3 159350
1728500 38668.8 58597 62120.3 159386
1729000 38658.1 58563.6 62123.7 159345
1729500 38653.7 58558.3 62172.7 159385
1730000 38677.6 58567.4 62186.9 159432
1730500 38673.3 58541.6 62194.3 159409
1731000 38702.4 58537.7 62155 159395
1731500 38689.8 58510.4 62154 159354
1732000 38702.6 58522.7 62161.7 159387
1732500 38725 58497.9 62171.8 159395
1733000 38751.1 58533.6 62168.8 159454
1733500 38755.7 58571.2 62205.4 159532
1734000 38780.2 58623.4 62186.5 159590
1734500 38821.7 58638.3 62178.5 159638
1735000 38900.4 58703.1 62179.1 159783
1735500 38932.4 58734.1 62215.4 159882
1736000 38932.5 58759.3 62274.2 159966
1736500 38947.2 58813.4 62292.2 160053
1737000 38965.2 58806.3 62308.4 160080
1737500 38993.3 58797 62340.6 160131
1738000 39028 58796.7 62376.4 160201
1738500 39051.1 58780.3 62437.9 160269
1739000 39056.1 58798.3 62488.8 160343
1739500 39078.7 58831.9 62539.3 160450
1740000 39102 58851.1 62548.1 160501
1740500 39119.5 58859.8 62565 160544
1741000 39142.4 58839.2 62598.1 160580
1741500 39175.1 58804.7 62653.3 160633
1742000 39180 58810 62693.6 160684
1742500 39140.4 58825.5 62691.8 160658
1743000 39138.7 58826.5 62696.6 160662
1743500 39134.7 58829 62695.1 160659
1744000 39134.5 58821 62715.2 160671
1744500 39111.2 58816.2 62698.4 160626
1745000 39111.9 58846.5 62677.2 160636
1745500 39109 58855.6 62688.5 160653
1746000 39107.6 58889 62706.1 160703
1746500 39133.8 58898.8 62726.6 160759
1747000 39149.8 58900.9 62735.6 160786
1747500 39159.2 58908.4 62754.9 160822
1748000 39137.5 58902.4 62772.9 160813
1748500 39117.9 58898.4 62806.7 160823
1749000 39147.7 58933.4 62848.5 160930
1749500 39157.7 58945.4 62884.6 160988
1750000 39169.4 58924.4 62895.8 160990
1750500 39185.8 58861.3 62943.4 160990
1751000 39210.1 58831.9 63003.2 161045
1751500 39215.2 58836.7 63038.3 161090
1752000 39239.6 58835.5 63070.3 161145
1752500 39239.4 58860.2 63116.4 161216
1753000 39237.5 58862.3 63151.2 161251
1753500 39221.8 58849.6 63161.4 161233
1754000 39215.2 58869.4 63185.6 161270
1754500 39213.9 58906.2 63200.9 161321
1755000 39206.7 58919 63193.8 161320
1755500 39241.8 58941.6 63203.2 161387
1756000 39221.5 58979.7 63167.4 161369
1756500 39210.6 59016 63165.6 161392
1757000 39200.8 59028.4 63195.4 161425
1757500 39197.4 59061.7 63205.8 161465
1758000 39215.4 59084.6 63223.2 161523
1758500 39230 59069.3 63217.2 161516
1759000 39249.2 59056.1 63241.8 161547
1759500 39269.6 59070.5 63268.6 161609
1760000 39271.7 59088.3 63286 161646
1760500 39286.8 59132 63362.4 161781
1761000 39283.2 59189.3 63387 161860
1761500 39250.7 59173.9 63431.2 161856
1762000 39230.1 59169.4 63464 161864
1762500 39240.3 59166.5 63493.5 161900
1763000 39257.1 59191.3 63508.3 161957
1763500 39257.3 59212.4 63515.6 161985
1764000 39278.7 59234.3 63520.4 162033
1764500 39294.8 59242.3 63563.2 162100
1765000 39296.7 59210 63537.8 162045
1765500 39286.5 59203.4 63503.6 161993
1766000 39308.5 59222.4 63490.4 162021
1766500 39317.5 59260.5 63471.4 162049
1767000 39355.1 59318.8 63464.8 162139
1767500 39405.7 59352 63477.6 162235
1768000 39452.2 59369.7 63479.6 162301
1768500 39474.4 59386.9 63465.7 162327
1769000 39489.4 59410.7 63490.4 162391
1769500 39502.5 59445.4 63481.8 162430
1770000 39514.7 59468.1 63504.4 162487
1770500 39532 59498.3 63517.3 162548
1771000 39559.7 59520 63523.6 162603
1771500 39583.7 59518.7 63519.1 162622
1772000 39593.5 59493.3 63553.9 162641
1772500 39628.7 59449.2 63561 162639
1773000 39657.3 59453.5 63602.3 162713
1773500 39688.2 59454.2 63619.6 162762
1774000 39700.7 59487.5 63670.6 162859
1774500 39703.6 59508.9 63752.7 162965
1775000 39722.6 59523.2 63787.6 163033
1775500 39722.3 59511.2 63862.1 163096
1776000 39734.3 59539.6 63922 163196
1776500 39724.6 59535 64006.6 163266
1777000 39730.4 59545.3 64059.2 163335
1777500 39746.6 59556.8 64117.3 163421
1778000 39782.9 59586.6 64171.7 163541
1778500 39822 59616.1 64192.8 163631
1779000 39853.5 59610.7 64223 163687
1779500 39861.9 59610.1 64252.1 163724
1780000 39879.2 59610.4 64299.9 163790
1780500 39920.4 59613.9 64311.7 163846
1781000 39946.8 59605.1 64334.9 163887
1781500 39974.4 59612.5 64379.1 163966
1782000 39982.9 59657.1 64372.9 164013
1782500 39994.7 59725.6 64356.5 164077
1783000 39988.6 59772.7 64388.5 164150
1783500 40016.9 59806.4 64416.8 164240
1784000 40036 59834.1 64466.4 164336
1784500 40031.8 59839.7 64493.1 164365
1785000 40022.8 59817.8 64484.3 164325
1785500 40049.5 59810.7 64510.9 164371
1786000 40061.4 59773.9 64497.4 164333
1786500 40071.3 59754.4 64484.2 164310
1787000 40089.7 59725.3 64547.6 164363
1787500 40112.4 59711.7 64591.6 164416
1788000 40129 59705.8 64611.2 164446
1788500 40146.3 59703.9 64638.6 164489
1789000 40161.9 59683.2 64670.6 164516
1789500 40179.9 59677.5 64696.7 164554
1790000 40175.6 59728.3 64691.5 164595
1790500 40183.7 59803.9 64686.1 164674
1791000 40198.5 59871.3 64680.1 164750
1791500 40221.1 59908 64714.9 164844
1792000 40214.3 59975.4 64727.5 164917
1792500 40240.7 60038 64790.6 165069
1793000 40256.4 60069.4 64857.2 165183
1793500 40290.7 60088.6 64856.3 165236
1794000 40323.3 60108.6 64896.3 165328
1794500 40361 60146.7 64930.8 165439
1795000 40382.9 60179.9 64924.5 165487
1795500 40387.3 60205.3 64925.6 165518
1796000 40393.9 60252.6 64932.1 165579
1796500 40397.7 60325.2 64914.1 165637
1797000 40402.6 60376.2 64877.7 165657
1797500 40445.1 60426.6 64850.4 165722
1798000 40469.9 60472.2 64830.2 165772
1798500 40503.7 60508.2 64843.8 165856
1799000 40538.7 60576.3 64821.3 165936
1799500 40560.3 60622 64807.9 165990
1800000 40564.1 60636.3 64798.1 165998
1800500 40555.2 60659.7 64796.6 166012
1801000 40524.1 60685.5 64813.8 166024
1801500 40503.2 60712.4 64773.1 165989
1802000 40526.7 60748.6 64738.4 166014
1802500 40545.5 60779.7 64699.1 166024
1803000 40562.3 60814.3 64676.8 166053
1803500 40537.9 60835.1 64674.7 166048
1804000 40516.4 60841.8 64710.8 166069
1804500 40491.2 60845.6 64746.5 166083
1805000 40490 60861.3 64752.5 166104
1805500 40511.8 60866.5 64776.7 166155
1806000 40542.7 60881.7 64826.5 166251
1806500 40576.1 60909.9 64867.9 166354
1807000 40612 60926.6 64890.8 166429
1807500 40646.4 60932.1 64897.8 166476
1808000 40677.7 60927.5 64881 166486
1808500 40709.8 60936.4 64922.1 166568
1809000 40727.6 60954.7 64895.2 166578
1809500 40783.2 60986.2 64897.7 166667
1810000 40810 60983.5 64853.8 166647
1810500 40844.4 60992 64824.3 166661
1811000 40908.6 61021 64808.9 166739
1811500 40931.1 61061.2 64806.4 166799
1812000 40960.9 61077.7 64804.2 166843
1812500 40957 61095.8 64812.1 166865
1813000 40969.6 61085 64823.8 166878
1813500 40972.1 61070.1 64814.2 166856
1814000 40963.5 61042 64828.6 166834
1814500 40964.4 61051.2 64793.1 166809
1815000 40974.2 61067.8 64768.2 166810
1815500 40981.8 61104.1 64740.1 166826
1816000 40982.6 61144.8 64726.4 166854
1816500 40990.7 61172.2 64717.1 166880
1817000 40978.9 61193.1 64716.4 166888
1817500 40939.5 61214.8 64727.5 166882
1818000 40903.6 61251.1 64719.7 166874
1818500 40880.2 61260.1 64711.9 166852
1819000 40862.1 61291.8 64737.6 166891
1819500 40851.5 61361.9 64747.4 166961
1820000 40852.7 61411.4 64763.5 167028
1820500 40841.6 61435.9 64774.9 167052
1821000 40857.6 61470.6 64803.4 167132
1821500 40883.3 61485.3 64815.7 167184
1822000 40876.2 61479.9 64798.8 167155
1822500 40869.7 61483.9 64751.5 167105
1823000 40867.7 61541.7 64727.6 167137
1823500 40851.6 61585.9 64710.5 167148
1824000 40841.5 61643.1 64700.2 167185
1824500 40854.8 61673.4 64692 167220
1825000 40848.5 61691.6 64720 167260
1825500 40838 61664.8 64716.7 167219
1826000 40847 61651.9 64713.5 167212
1826500 40845 61668.5 64730.3 167244
1827000 40842.2 61708 64698 167248
1827500 40852.3 61707.7 64674.7 167235
1828000 40843.9 61677.3 64666.4 167188
1828500 40856.5 61654.7 64686.4 167198
1829000 40891.4 61661.3 64723.9 167277
1829500 40942.1 61684.4 64759.8 167386
1830000 40963.7 61682 64782.1 167428
1830500 40991.1 61661.7 64802.2 167455
1831000 40990.3 61682 64779.8 167452
1831500 40969.8 61675.7 64793.8 167439
1832000 40980 61676.5 64794.2 167451
1832500 41002.4 61680.3 64825.4 167508
1833000 41029.4 61702.9 64885.4 167618
1833500 41054.9 61703 64920.7 167679
1834000 41087.9 61726.4 64958.8 167773
1834500 41112.4 61739.8 65007.8 167860
1835000 41120 61745.1 65012.2 167877
1835500 41132.7 61780.4 65025.4 167939
1836000 41145.2 61792.9 65051.7 167990
1836500 41153.1 61806.1 65049 168008
1837000 41173.8 61829.5 65030.8 168034
1837500 41198.6 61867.1 65043.5 168109
1838000 41207.4 61882.7 65055.4 168146
1838500 41213.9 61867.1 65062.6 168144
1839000 41234.9 61870.2 65058.3 168163
1839500 41225.6 61903.8 65065.4 168195
1840000 41227.2 61886.1 65092.4 168206
1840500 41231.1 61894.1 65110.7 168236
1841000 41218.4 61915.9 65092.8 168227
1841500 41208.4 61921.5 65065.8 168196
1842000 41212 61910.6 65076.2 168199
1842500 41180.5 61892.5 65088.2 168161
1843000 41155.2 61847.3 65098.2 168101
1843500 41141.9 61822.5 65118.7 168083
1844000 41125.2 61805.6 65137.1 168068
1844500 41138.4 61814.2 65133.1 168086
1845000 41150.4 61833.9 65089.3 168074
1845500 41139.4 61827.6 65047.6 168015
1846000 41136 61840 65019 167995
1846500 41138 61843.8 65010.1 167992
1847000 41135.9 61817.9 64998.5 167952
1847500 41120.4 61798.6 64985.8 167905
1848000 41117.2 61805 65024.1 167946
1848500 41146.1 61830 65042.3 168018
1849000 41150.6 61818 65068.4 168037
1849500 41153.3 61774.3 65085.6 168013
1850000 41150.4 61768.5 65112.8 168032
1850500 41141.7 61749.1 65136 168027
1851000 41131 61732.3 65148.5 168012
1851500 41123.9 61731.3 65155.5 168011
1852000 41124.8 61707.4 65179.9 168012
1852500 41148.8 61697.7 65210.8 168057
1853000 41159 61726.8 65249.2 168135
1853500 41148.5 61726.9 65305.4 168181
1854000 41156.8 61715.4 65354.5 168227
1854500 41151.9 61743.1 65393.6 168289
1855000 41178.7 61784.1 65461.6 168424
1855500 41193.8 61800.2 65523.3 168517
1856000 41201.8 61829.2 65559.2 168590
1856500 41225.6 61869.5 65580.4 168676
1857000 41252.1 61890.5 65615.4 168758
1857500 41308.9 61914.2 65652.4 168875
1858000 41369.3 61944.5 65676.2 168990
1858500 41414.2 61962.9 65702.6 169080
1859000 41461.3 61995.4 65751.1 169208
1859500 41505.1 62035.6 65752.8 169294
1860000 41519.1 62053.4 65731.6 169304
1860500 41548.2 62053.8 65721.6 169324
1861000 41552.3 62034 65711 169297
1861500 41559.3 61999.8 65694.7 169254
1862000 41564.7 61948.1 65663.6 169176
1862500 41553.3 61903 65623.9 169080
1863000 41509.7 61866.8 65587.6 168964
1863500 41506.1 61861.4 65570.2 168938
1864000 41509.1 61875.9 65572.3 168957
1864500 41535.3 61928.9 65588.1 169052
1865000 41535.1 61960.6 65647.8 169144
1865500 41540.5 61974.7 65710.9 169226
1866000 41541.1 62016.7 65753.1 169311
1866500 41529.5 62076.8 65828.2 169434
1867000 41549.3 62135 65854 169538
1867500 41530.2 62166.5 65877.4 169574
1868000 41542.2 62195 65894 169631
1868500 41577.5 62220.3 65932.8 169731
1869000 41628.7 62272.7 65983 169884
1869500 41647.8 62326.1 66045.1 170019
1870000 41675.3 62392.4 66122.9 170191
1870500 41696.7 62431.4 66200.2 170328
1871000 41720.1 62428 66258.2 170406
1871500 41739.5 62434.4 66266.4 170440
1872000 41744.6 62447.8 66252.4 170445
1872500 41745.6 62451.7 66227 170424
1873000 41756.5 62458.5 66257.1 170472
1873500 41753.4 62506.7 66264.3 170524
1874000 41774.6 62557.8 66242.3 170575
1874500 41807.9 62621.9 66236.9 170667
1875000 41815.8 62625.9 66264.1 170706
1875500 41812.6 62592.8 66266.4 170672
1876000 41827.1 62600.1 66298.9 170726
1876500 41860.4 62626.6 66296.1 170783
1877000 41878.2 62624.5 66280.5 170783
1877500 41888.3 62595.7 66303.1 170787
1878000 41936.3 62566 66330.3 170833
1878500 41972.3 62536.3 66359.9 170868
1879000 41998.8 62496.7 66392.5 170888
1879500 42032.3 62451.6 66459.1 170943
1880000 42077.3 62440.9 66509.1 171027
1880500 42099.8 62430.3 66530 171060
1881000 42137.2 62434 66551 171122
1881500 42163.8 62409 66582 171155
1882000 42183.3 62411.4 66619.4 171214
1882500 42196.7 62387.9 66671 171256
1883000 42211.8 62410.6 66689.6 171312
1883500 42226.5 62426.7 66725.3 171378
1884000 42213.7 62417.1 66751.3 171382
1884500 42191.4 62453.9 66765.6 171411
1885000 42208.6 62470.6 66733.5 171413
1885500 42234.8 62483.3 66763.6 171482
1886000 42280.7 62497.6 66771.9 171550
1886500 42331.3 62522.5 66762.7 171617
1887000 42362.7 62530.1 66741.5 171634
1887500 42423.4 62558.7 66737.7 171720
1888000 42431.5 62604.8 66743.9 171780
1888500 42441.3 62658.9 66794.6 171895
1889000 42451.7 62667.6 66846.4 171966
1889500 42461.1 62644.9 66850.5 171957
1890000 42466.8 62657.1 66858.3 171982
1890500 42455.3 62630.5 66865.3 171951
1891000 42451 62644.4 66897.9 171993
1891500 42452.4 62651.7 66940.9 172045
1892000 42429 62639.5 66974.8 172043
1892500 42395.6 62635.7 67025.9 172057
1893000 42364.1 62635.8 67048.8 172049
1893500 42338.6 62639.7 67081.8 172060
1894000 42326.4 62646.3 67153.3 172126
1894500 42317.9 62670.6 67194.5 172183
1895000 42300.3 62703.9 67250.9 172255
1895500 42283 62753.5 67281.1 172318
1896000 42286.7 62776.9 67327.1 172391
1896500 42303.8 62767.5 67366.5 172438
1897000 42299.4 62778.6 67426.1 172504
1897500 42289.2 62774 67455.7 172519
1898000 42276.5 62792.8 67461.3 172530
1898500 42309.5 62807.8 67475.5 172593
1899000 42327.4 62856.9 67523.4 172708
1899500 42329.1 62892 67547.5 172769
1900000 42317.1 62943.1 67584.3 172844
1900500 42300.6 62972.7 67652.6 172926
1901000 42288.7 62999.7 67678.8 172967
1901500 42270.3 63060.9 67687.3 173019
1902000 42297.5 63070.8 67721.8 173090
1902500 42301.8 63067.7 67772.1 173142
1903000 42275.6 63079.5 67807.1 173162
1903500 42269.2 63129.8 67857.8 173257
1904000 42269.1 63146.7 67910.8 173327
1904500 42291.1 63132.8 67963.9 173388
1905000 42271.4 63099 68029.7 173400
1905500 42260.8 63070.1 68066.5 173397
1906000 42242 63035.3 68085.2 173363
1906500 42236 63018.7 68103.9 173359
1907000 42235.8 63008.8 68121.5 173366
1907500 42246 63000.3 68147 173393
1908000 42265.9 62976.9 68204.9 173448
1908500 42284 62970.7 68252.7 173507
1909000 42302.3 62943.8 68308.7 173555
1909500 42298.2 62922.7 68337.8 173559
1910000 42323.1 62892.3 68315.9 173531
1910500 42366.3 62869.8 68307.3 173543
1911000 42400.5 62829.2 68306.6 173536
1911500 42443.3 62840.8 68355.8 173640
1912000 42495.8 62872.1 68378.1 173746
1912500 42540.2 62901.2 68385.3 173827
1913000 42581.7 62955.8 68401.5 173939
1913500 42628.4 62974.6 68375.5 173979
1914000 42675.8 62952.2 68380 174008
1914500 42703.2 62926 68367.7 173997
1915000 42722.6 62911.7 68316.8 173951
1915500 42725.6 62887.8 68282.2 173896
1916000 42727.3 62854.7 68227.9 173810
1916500 42758.7 62877.3 68201.2 173837
1917000 42767.2 62901.1 68177.7 173846
1917500 42787.4 62918.4 68136 173842
1918000 42807.8 62962.6 68078.6 173849
1918500 42810.1 63001.6 68034.9 173847
1919000 42821 63045.9 68039.4 173906
1919500 42823.9 63075.5 68042.7 173942
1920000 42796.4 63128.3 68053.8 173979
1920500 42789.6 63159.8 68078.4 174028
1921000 42777.3 63187.7 68097.7 174063
1921500 42767.2 63196.5 68083.6 174047
1922000 42775.7 63231.7 68084.8 174092
1922500 42790.3 63250.2 68118.2 174159
1923000 42802.2 63263.8 68106 174172
1923500 42796.6 63279.5 68141.3 174217
1924000 42781.2 63316.3 68138.6 174236
1924500 42793.4 63335.8 68096.4 174226
1925000 42815.1 63334.5 68102.7 174252
1925500 42816.1 63378.2 68133.2 174327
1926000 42802.7 63486.1 68156.6 174445
1926500 42797.7 63563.9 68189.6 174551
1927000 42810.8 63613.5 68213.4 174638
1927500 42811.9 63617.7 68252.4 174682
1928000 42810.5 63618.5 68316.6 174746
1928500 42806.8 63639.4 68376.3 174823
1929000 42821.4 63653.1 68384.3 174859
1929500 42833.9 63682.4 68368 174884
1930000 42840.7 63698.3 68355.2 174894
1930500 42851.7 63756 68358.9 174967
1931000 42862.8 63780.4 68357.1 175000
1931500 42873.8 63766.7 68381.9 175022
1932000 42887.2 63808.2 68417 175112
1932500 42912.3 63878.8 68427.6 175219
1933000 42919.7 63947.4 68454.3 175321
1933500 42938.3 64001.7 68448.3 175388
1934000 42948.3 64024.4 68432.9 175406
1934500 42949.5 64025.4 68410.5 175385
1935000 42968.6 64023 68415.1 175407
1935500 42984.7 64018 68380.1 175383
1936000 42947.6 64030.5 68359.1 175337
1936500 42939.7 64050.8 68345.7 175336
1937000 42941.8 64054 68370.7 175366
1937500 42930.4 64066.8 68382.2 175380
1938000 42927.5 64096.4 68394.1 175418
1938500 42928.4 64102.7 68406.3 175437
1939000 42928.4 64120.1 68413.5 175462
1939500 42919.7 64158.2 68407.4 175485
1940000 42894.7 64170.7 68410.7 175476
1940500 42880.1 64162.4 68408.9 175451
1941000 42868.7 64154 68407.6 175430
1941500 42884.5 64191.8 68389 175465
1942000 42904.7 64213.6 68347 175465
1942500 42908.7 64220 68352.9 175482
1943000 42909.8 64203.6 68333.2 175447
1943500 42908.5 64238.5 68342.9 175490
1944000 42892.2 64267.5 68397.2 175557
1944500 42902.3 64336.2 68464.6 175703
1945000 42916.4 64399.8 68514.9 175831
1945500 42926 64435.4 68538.1 175900
1946000 42953.8 64455.7 68608.4 176018
1946500 42980.9 64487.1 68684.6 176153
1947000 42995.8 64479.2 68698.3 176173
1947500 42994.2 64527 68700.7 176222
1948000 43005.2 64526.2 68695.9 176227
1948500 42998.7 64510.8 68704.6 176214
1949000 42971.8 64464.9 68701.3 176138
1949500 42950.7 64441 68722.8 176114
1950000 42940 64398.6 68737.7 176076
1950500 42941.5 64366.9 68801.5 176110
1951000 42932.2 64340.6 68868.5 176141
1951500 42934.8 64304.4 68889.2 176128
1952000 42933.8 64331.3 68893 176158
1952500 42921.9 64324.3 68923.2 176169
1953000 42916.7 64347.2 68981.9 176246
1953500 42899.8 64381.2 68993 176274
1954000 42877 64398.9 69020.3 176296
1954500 42848.9 64359.9 69046.3 176255
1955000 42843.5 64331.3 69074.7 176250
1955500 42856 64325.4 69066.4 176248
1956000 42881.3 64335.1 69066.3 176283
1956500 42922 64323.6 69049.7 176295
1957000 42917.2 64373.2 69044.6 176335
1957500 42917.8 64399.2 69065.5 176383
1958000 42898.9 64411.9 69097.9 176409
1958500 42903 64431.6 69130.4 176465
1959000 42909 64432.5 69153.2 176495
1959500 42916.2 64423.8 69150.9 176491
1960000 42960.3 64458.9 69189.7 176609
1960500 42975.6 64486.5 69190.4 176653
1961000 42984.2 64523.9 69176.6 176685
1961500 42992.1 64561 69137.3 176690
1962000 42979.6 64602.3 69084.5 176666
1962500 42966.3 64672.9 69110.2 176749
1963000 42960.9 64768.2 69144.2 176873
1963500 42942.2 64825.4 69261.8 177029
1964000 42931.6 64879.7 69361.7 177173
1964500 42924.9 64924.5 69410.1 177260
1965000 42946.4 64974.6 69466.7 177388
1965500 42929.3 65013.1 69526.8 177469
1966000 42913.3 65030.1 69567.3 177511
1966500 42907.9 65071.2 69592.9 177572
1967000 42924.1 65086.3 69649.5 177660
1967500 42978.3 65109 69667.1 177754
1968000 42987.9 65100 69743.2 177831
1968500 42987.2 65141.2 69801 177929
1969000 42988.9 65183 69849.6 178022
1969500 43000.4 65237.1 69857.4 178095
1970000 43017.8 65288.4 69883 178189
1970500 43037 65354.7 69893.8 178286
1971000 43022.3 65425.2 69936.8 178384
1971500 42984 65429.8 69944.4 178358
1972000 42949.4 65449.6 69958 178357
1972500 42925.5 65463.5 69975 178364
1973000 42904.1 65474 69998.4 178376
1973500 42892.6 65473.7 70004.5 178371
1974000 42902 65462.7 70053 178418
1974500 42940.2 65456.4 70066.5 178463
1975000 42966 65468.5 70087.4 178522
1975500 42982.5 65471.7 70126.7 178581
1976000 43018.3 65487.3 70135.1 178641
1976500 43021.3 65521.7 70133.2 178676
1977000 43012.7 65576.2 70169.6 178759
1977500 43012.1 65670.6 70157.9 178841
1978000 43001 65746.5 70143.8 178891
1978500 43018.1 65812.7 70140.9 178972
1979000 43023 65869 70145.8 179038
1979500 43031.5 65924.3 70156.3 179112
1980000 43049.1 65976.2 70175.2 179201
1980500 43041.9 66002.2 70191.5 179236
1981000 43034.5 66045.3 70190.9 179271
1981500 43057.7 66074.7 70167.9 179300
1982000 43084 66090 70147.7 179322
1982500 43100.9 66100.1 70186.9 179388
1983000 43127 66103.8 70212.3 179443
1983500 43154.8 66106.7 70234.8 179496
1984000 43203.6 66135.3 70277 179616
1984500 43237.3 66142.2 70299.6 179679
1985000 43254.5 66124.6 70335.1 179714
1985500 43270.5 66105.6 70373.2 179749
1986000 43298.2 66077.5 70407.6 179783
1986500 43311.6 66099.4 70446.8 179858
1987000 43317.5 66112.3 70487.8 179918
1987500 43359.4 66099.5 70506.1 179965
1988000 43378.1 66125.4 70573.3 180077
1988500 43410.6 66142.4 70617.9 180171
1989000 43427.3 66129 70583.5 180140
1989500 43401.5 66090.9 70617.5 180110
1990000 43396.1 66082.6 70627.2 180106
1990500 43435 66054.8 70633.3 180123
1991000 43454.2 66051.9 70703.7 180210
1991500 43453.1 66064.5 70759.6 180277
1992000 43426.9 66073.2 70811.3 180311
1992500 43411.3 66105.6 70841.4 180358
1993000 43422.8 66145.2 70886 180454
1993500 43452.1 66142.1 70907.9 180502
1994000 43502.5 66143.2 70948 180594
1994500 43541.5 66157.4 71016 180715
1995000 43579 66179.6 71031.5 180790
1995500 43579.9 66210.7 71043 180834
1996000 43586.3 66239 71040 180865
1996500 43608.4 66243.5 71035.4 180887
1997000 43632 66225.9 71087.9 180946
1997500 43665.4 66249.4 71154.2 181069
1998000 43692.1 66268 71194.6 181155
1998500 43695 66266.6 71215.9 181178
1999000 43739.9 66275.1 71235.1 181250
1999500 43770.6 66275 71212.8 181258
2000000 43756.2 66296.2 71197.2 181250
