# step  MSD_x(Ang2)  MSD_y  MSD_z  MSD_total
# TimeStep c_msd_co2[1] c_msd_co2[2] c_msd_co2[3] c_msd_co2[4]
0 6.74817e-27 2.07956e-28 1.21721e-27 8.17334e-27
500 5.43484 5.3666 5.61016 16.4116
1000 16.0349 16.1021 16.7352 48.8722
1500 31.3106 30.3029 31.5206 93.134
2000 50.3857 47.2786 49.6486 147.313
2500 71.3435 68.6784 69.3388 209.361
3000 92.5805 93.1237 92.6259 278.33
3500 117.558 118.48 119.06 355.098
4000 143.429 141.498 145.635 430.562
4500 171.978 167.205 173.961 513.144
5000 199.57 192.604 203.124 595.299
5500 226.039 219.026 231.652 676.718
6000 253.146 248.472 260.894 762.513
6500 279.916 277.721 293.979 851.615
7000 307.845 307.346 325.289 940.479
7500 338.85 334.846 355.31 1029.01
8000 370.45 360.059 384.511 1115.02
8500 399.561 382.457 414.313 1196.33
9000 425.732 404.629 444.281 1274.64
9500 449.86 427.714 474.379 1351.95
10000 469.844 452.457 507.068 1429.37
10500 490.982 476.966 542.177 1510.12
11000 512.168 503.559 578.986 1594.71
11500 531.985 533.435 610.32 1675.74
12000 550.424 564.563 637.699 1752.69
12500 571.779 592.684 668.923 1833.39
13000 589.937 620.028 704.735 1914.7
13500 611.154 646.704 740.268 1998.13
14000 638.237 676.043 778.164 2092.44
14500 665.752 706.533 818.497 2190.78
15000 700.261 738.68 859.185 2298.13
15500 733.658 775.131 892.407 2401.2
16000 764.555 812.295 924.277 2501.13
16500 788.952 851.023 954.043 2594.02
17000 806.143 888.7 984.647 2679.49
17500 825.801 930.7 1011.29 2767.79
18000 847.033 967.748 1041.31 2856.09
18500 864.983 1004.24 1068.57 2937.8
19000 888.716 1038.9 1096.31 3023.92
19500 911.054 1073.46 1130.06 3114.57
20000 931.182 1116.58 1163.48 3211.24
20500 955.92 1153.96 1189.37 3299.25
21000 979.276 1193.9 1216.16 3389.34
21500 1001.37 1230.3 1236.24 3467.91
22000 1026.98 1269.11 1261.96 3558.05
22500 1053.32 1309.09 1291.21 3653.61
23000 1084.76 1347.57 1320.39 3752.72
23500 1104.66 1384.01 1350.18 3838.85
24000 1118.08 1418.82 1377.9 3914.8
24500 1137.89 1455.39 1409.24 4002.52
25000 1155.52 1490.56 1441.42 4087.5
25500 1173.04 1520.46 1474.97 4168.47
26000 1190.63 1549.45 1509.16 4249.24
26500 1214.98 1584.38 1543.52 4342.87
27000 1238.83 1616.74 1585.41 4440.98
27500 1261.44 1649.94 1627.27 4538.65
28000 1288.09 1683.21 1657.77 4629.07
28500 1312.26 1718.54 1679.23 4710.03
29000 1338.53 1750.19 1693.46 4782.18
29500 1364.02 1780.42 1716.43 4860.87
30000 1385.92 1808.55 1741.71 4936.18
30500 1408.28 1833.41 1765.74 5007.43
31000 1433.07 1859.94 1788.21 5081.22
31500 1461.37 1888.19 1804.13 5153.7
32000 1487.46 1915.5 1822.42 5225.38
32500 1510.91 1947.26 1840.85 5299.02
33000 1532.49 1983.9 1861.23 5377.62
33500 1548.24 2016.22 1884.33 5448.79
34000 1570.41 2049.72 1912.1 5532.22
34500 1594.37 2077.6 1942.32 5614.3
35000 1613.36 2110.21 1963.68 5687.25
35500 1631.97 2146.99 1991.67 5770.62
36000 1656.41 2184.73 2026.42 5867.56
36500 1675.67 2229.78 2060.87 5966.32
37000 1702.35 2271.94 2093.92 6068.2
37500 1725.2 2304.92 2129.33 6159.45
38000 1745.78 2335 2157.6 6238.38
38500 1765.8 2361.49 2179.71 6307.01
39000 1793.77 2393.14 2199.63 6386.54
39500 1827.88 2426.32 2214.2 6468.39
40000 1851.55 2450.78 2236.69 6539.02
40500 1874.53 2476.31 2262.14 6612.98
41000 1894.74 2504.61 2286.86 6686.21
41500 1919.53 2531.73 2312.34 6763.6
42000 1941.89 2559.23 2342.55 6843.68
42500 1962.71 2586.55 2369.67 6918.93
43000 1980.58 2609.22 2401.79 6991.6
43500 1995.04 2632.69 2426.77 7054.5
44000 2017.62 2660.52 2453.91 7132.06
44500 2036.89 2699.77 2478.39 7215.05
45000 2052.59 2734.34 2489.78 7276.71
45500 2068.1 2763.41 2516.62 7348.13
46000 2079.36 2788.64 2539.44 7407.44
46500 2091.66 2804.54 2565.18 7461.38
47000 2104.38 2822.73 2582.87 7509.98
47500 2114.57 2848.83 2604.09 7567.49
48000 2128.43 2872.51 2615.15 7616.09
48500 2148.2 2900.6 2633.6 7682.4
49000 2165.78 2929.07 2657.66 7752.51
49500 2177.24 2951.87 2682.78 7811.89
50000 2190.66 2973.45 2699.72 7863.82
50500 2207.14 2985.38 2718.29 7910.81
51000 2220.87 2991.05 2738.44 7950.36
51500 2243.26 3009.85 2754.56 8007.67
52000 2272.78 3033.38 2777.93 8084.09
52500 2305.4 3044.11 2805.88 8155.4
53000 2326.48 3069.82 2832.21 8228.51
53500 2360.96 3094.86 2852.01 8307.83
54000 2394.46 3126.25 2870.61 8391.32
54500 2424.29 3155.89 2890.12 8470.29
55000 2450.2 3195.98 2907.96 8554.13
55500 2478.49 3236.37 2924.26 8639.12
56000 2506.31 3269.82 2940.13 8716.26
56500 2546.11 3305.76 2965.06 8816.93
57000 2578.43 3345.26 2997.17 8920.86
57500 2596.34 3386.21 3028.29 9010.85
58000 2612.12 3418.91 3069.25 9100.29
58500 2628.85 3450.77 3111.7 9191.32
59000 2646.36 3484.31 3148.31 9278.99
59500 2666.05 3513.08 3187.23 9366.36
60000 2680.94 3541.89 3219.3 9442.14
60500 2700.7 3568.09 3248.86 9517.65
61000 2712.15 3595.31 3288.89 9596.35
61500 2732.23 3624.03 3330.55 9686.81
62000 2749.92 3647.29 3352.41 9749.62
62500 2772.51 3678.21 3371.57 9822.29
63000 2785.91 3711.36 3394.41 9891.68
63500 2800.8 3744.19 3426.73 9971.71
64000 2822.85 3765.26 3459.29 10047.4
64500 2838.55 3789.1 3492.35 10120
65000 2849.67 3809.19 3524.47 10183.3
65500 2856.92 3830.68 3550.98 10238.6
66000 2869.56 3847.5 3571.64 10288.7
66500 2884.95 3863.65 3605.75 10354.3
67000 2906.06 3894.94 3640.02 10441
67500 2932.43 3924.91 3670.23 10527.6
68000 2961.28 3958.58 3695.93 10615.8
68500 2987.13 4000.78 3725.86 10713.8
69000 3016.53 4043.47 3763.62 10823.6
69500 3038.96 4077.06 3803.67 10919.7
70000 3061.96 4115.34 3833.1 11010.4
70500 3087.52 4145.34 3871.76 11104.6
71000 3115.24 4173.11 3912.86 11201.2
71500 3146.48 4199.61 3959.87 11306
72000 3178.58 4229.26 4000.5 11408.3
72500 3191.35 4258.89 4039.67 11489.9
73000 3204.35 4305.05 4086.3 11595.7
73500 3222.32 4344.77 4135.3 11702.4
74000 3240.05 4378.91 4184.27 11803.2
74500 3260.37 4419.72 4229.71 11909.8
75000 3284.38 4455.24 4261.86 12001.5
75500 3304.37 4495.05 4290.4 12089.8
76000 3319.76 4542.64 4322.47 12184.9
76500 3338.06 4585.86 4354.79 12278.7
77000 3349.69 4636.08 4382.02 12367.8
77500 3359.19 4676.11 4409.94 12445.2
78000 3374.8 4714.84 4452.77 12542.4
78500 3395.11 4749.44 4495.31 12639.9
79000 3414.46 4787.85 4530.93 12733.2
79500 3431.64 4832.75 4563.62 12828
80000 3448.87 4874.99 4597.13 12921
80500 3466.96 4910.48 4608.38 12985.8
81000 3482.35 4936.98 4630.06 13049.4
81500 3495.69 4975.45 4666.85 13138
82000 3517.69 4999.99 4710.82 13228.5
82500 3536.68 5023.41 4747.27 13307.4
83000 3558.13 5038.36 4777.06 13373.6
83500 3574.12 5057.52 4805.45 13437.1
84000 3593.79 5078.63 4843.11 13515.5
84500 3611.2 5107.89 4877.91 13597
85000 3624.43 5135.15 4907.32 13666.9
85500 3645.79 5162.14 4936.02 13743.9
86000 3676.39 5184.23 4964.02 13824.6
86500 3693.38 5194.97 5009.98 13898.3
87000 3714.03 5219.09 5055.69 13988.8
87500 3729.91 5234.81 5089.7 14054.4
88000 3744.33 5247.62 5130.54 14122.5
88500 3750.49 5259.24 5180.91 14190.6
89000 3745.03 5275.36 5229.94 14250.3
89500 3740.46 5304.17 5289.25 14333.9
90000 3733.56 5346.42 5339.45 14419.4
90500 3733.86 5369.31 5392.76 14495.9
91000 3738.87 5411.41 5436.84 14587.1
91500 3749.16 5458.07 5478.53 14685.8
92000 3767.04 5498.4 5515.39 14780.8
92500 3770.15 5547.26 5541.41 14858.8
93000 3786.63 5594.47 5564.39 14945.5
93500 3804.65 5645.28 5597.36 15047.3
94000 3832.65 5683.46 5622.23 15138.3
94500 3857.44 5728.22 5658.99 15244.7
95000 3880.53 5760.9 5712.25 15353.7
95500 3906.77 5783.75 5761.26 15451.8
96000 3930.94 5818.24 5795.96 15545.1
96500 3942.35 5861.96 5829.97 15634.3
97000 3954.14 5886.67 5855.44 15696.2
97500 3966.16 5911.76 5886.83 15764.8
98000 3963.01 5951.9 5922.76 15837.7
98500 3964.59 5993.24 5951.69 15909.5
99000 3975.14 6014.03 5988.19 15977.4
99500 4005.17 6041.19 6020.64 16067
100000 4028.13 6059.39 6047.21 16134.7
100500 4052.76 6090.68 6084.02 16227.5
101000 4065.47 6130.44 6117.03 16312.9
101500 4093.99 6163.18 6143.37 16400.5
102000 4124.12 6195.6 6178.31 16498
102500 4157.31 6229.48 6208.44 16595.2
103000 4190.12 6260.89 6244.45 16695.5
103500 4217.18 6270.74 6292.41 16780.3
104000 4249.29 6276.58 6337.63 16863.5
104500 4282.3 6300.98 6379.59 16962.9
105000 4313.73 6316.63 6418.34 17048.7
105500 4342.01 6334.5 6456.79 17133.3
106000 4369.12 6349.01 6491.42 17209.5
106500 4384.65 6361.69 6515.71 17262
107000 4406.16 6377.69 6549.54 17333.4
107500 4426.41 6403.71 6600.57 17430.7
108000 4441.24 6431.12 6641.67 17514
108500 4455.22 6476.68 6684.23 17616.1
109000 4466.19 6512.65 6714 17692.8
109500 4482.92 6553.93 6735.88 17772.7
110000 4497.38 6611.44 6754.07 17862.9
110500 4516.14 6660.62 6782.56 17959.3
111000 4524.4 6692.91 6812.74 18030
111500 4535.66 6739.07 6833.41 18108.1
112000 4552.05 6785.38 6861.49 18198.9
112500 4579.05 6817.87 6899.18 18296.1
113000 4601.37 6862.11 6925.62 18389.1
113500 4622.69 6914.56 6957.16 18494.4
114000 4640.95 6967.1 6970.4 18578.5
114500 4651.64 7022.95 6985.16 18659.7
115000 4674.44 7087.42 6999.17 18761
115500 4698.56 7133.14 7034.13 18865.8
116000 4719.59 7183.77 7078.23 18981.6
116500 4739.65 7231.43 7114.23 19085.3
117000 4772.38 7274.12 7162 19208.5
117500 4804.29 7317.12 7206.35 19327.8
118000 4831.72 7350.64 7244.81 19427.2
118500 4851.82 7385.1 7277.36 19514.3
119000 4888.52 7424.16 7309.49 19622.2
119500 4918.94 7462.09 7348.88 19729.9
120000 4953.17 7505.67 7391.49 19850.3
120500 4984.04 7550.98 7441.84 19976.9
121000 5011.82 7569.78 7489.61 20071.2
121500 5044.41 7592.75 7536 20173.2
122000 5071.79 7612.75 7588.74 20273.3
122500 5104.61 7640.93 7632.63 20378.2
123000 5127.03 7659.25 7673 20459.3
123500 5140.47 7677.29 7698.77 20516.5
124000 5165.99 7703.71 7712.99 20582.7
124500 5194.85 7740.76 7744.63 20680.3
125000 5220.28 7774.99 7781.1 20776.4
125500 5236.22 7793.15 7803.97 20833.3
126000 5250.77 7803.82 7828.73 20883.3
126500 5275.98 7805.81 7859.06 20940.9
127000 5280.55 7815.46 7864.6 20960.6
127500 5291.94 7836.18 7886.33 21014.5
128000 5314.1 7861.18 7925.67 21101
128500 5340.07 7901.51 7955.3 21196.9
129000 5347.56 7942.3 7966.92 21256.8
129500 5369.22 7966.47 7970.6 21306.3
130000 5384.6 7992.78 7984.12 21361.5
130500 5396.98 8027.84 8006.36 21431.2
131000 5411.59 8064.16 8005.6 21481.3
131500 5437.63 8098.27 8014.53 21550.4
132000 5452.48 8154.3 8029.38 21636.2
132500 5475.4 8187.4 8043.08 21705.9
133000 5494.3 8243.43 8032.89 21770.6
133500 5501.79 8277.09 8019.12 21798
134000 5499.27 8308.21 8020.96 21828.4
134500 5507.27 8337.05 8037.51 21881.8
135000 5518.29 8368.47 8067.37 21954.1
135500 5521.48 8427.31 8086.6 22035.4
136000 5534.76 8470.52 8106.72 22112
136500 5532.74 8511.51 8140.33 22184.6
137000 5525.1 8533.94 8170.12 22229.2
137500 5520.3 8567.49 8205.5 22293.3
138000 5528.54 8602.71 8244.61 22375.9
138500 5542.77 8621.32 8276.13 22440.2
139000 5545.03 8637.31 8336.69 22519
139500 5551.55 8655.6 8381.59 22588.7
140000 5575.89 8687.54 8410.8 22674.2
140500 5598.97 8712.68 8432.76 22744.4
141000 5625.11 8722.12 8479.14 22826.4
141500 5655.32 8738.46 8520 22913.8
142000 5674.59 8770.58 8543.73 22988.9
142500 5695.29 8793.82 8579.47 23068.6
143000 5717.15 8816.31 8613.99 23147.4
143500 5742.14 8838.64 8633.14 23213.9
144000 5768.26 8871.44 8644.1 23283.8
144500 5788.15 8894.44 8659.58 23342.2
145000 5810.21 8895.76 8673.12 23379.1
145500 5809.47 8902.3 8680 23391.8
146000 5796.36 8925.05 8687.83 23409.2
146500 5774.16 8939.28 8704.7 23418.1
147000 5758.3 8963.17 8744.39 23465.9
147500 5747.55 8991.21 8778.23 23517
148000 5754.31 9034.23 8809.49 23598
148500 5763.34 9080.72 8848.86 23692.9
149000 5775.49 9116.29 8881 23772.8
149500 5795.39 9155.59 8914.56 23865.5
150000 5811.87 9190.31 8953.26 23955.4
150500 5839.9 9213.67 8971.09 24024.7
151000 5845.99 9223.1 8983.25 24052.3
151500 5841.89 9238.11 9006.15 24086.1
152000 5847.14 9271.15 9020.71 24139
152500 5872.16 9295.99 9027.41 24195.5
153000 5898.96 9322.48 9013.35 24234.8
153500 5908.66 9366.55 9004.1 24279.3
154000 5922.03 9435.01 9004.83 24361.9
154500 5951.02 9484.33 9012.74 24448.1
155000 5966.42 9503.42 9022.8 24492.6
155500 5992.31 9524.59 9023.33 24540.2
156000 6024.12 9562.51 9027.93 24614.6
156500 6057.53 9617.19 9036.72 24711.4
157000 6082.56 9671.79 9018.73 24773.1
157500 6106.02 9716.73 9013.13 24835.9
158000 6135.71 9752.95 9011.74 24900.4
158500 6162.18 9778.94 9031.48 24972.6
159000 6195.64 9809.76 9058.19 25063.6
159500 6225.3 9847.58 9074.73 25147.6
160000 6241.48 9898.75 9091.25 25231.5
160500 6251.9 9956.17 9117.08 25325.1
161000 6281.15 10004.3 9146.12 25431.6
161500 6297.23 10050.2 9184.22 25531.6
162000 6307.65 10086.9 9225.41 25620
162500 6327.79 10116.6 9266.12 25710.5
163000 6335.8 10140.5 9291.74 25768
163500 6357.11 10171.9 9320.81 25849.9
164000 6365.6 10181.8 9353.26 25900.7
164500 6355.61 10209.7 9374.96 25940.2
165000 6356.75 10240 9400.87 25997.6
165500 6363.07 10265.5 9419.37 26047.9
166000 6370.83 10278.7 9436.46 26086
166500 6386.26 10292 9464.72 26142.9
167000 6381.81 10294.4 9500.45 26176.7
167500 6381.45 10311.4 9538.17 26231.1
168000 6384.47 10314.1 9579.25 26277.9
168500 6403.38 10331 9598.43 26332.9
169000 6420.99 10360.4 9635.6 26417
169500 6445.57 10379.4 9658.19 26483.1
170000 6465.9 10400.2 9691.82 26558
170500 6480.73 10424.6 9725.05 26630.4
171000 6486.41 10437.2 9767.59 26691.2
171500 6500.49 10453.3 9818.33 26772.1
172000 6516.72 10487.3 9869.25 26873.3
172500 6540.77 10495.9 9897.88 26934.6
173000 6567.56 10509.5 9913.63 26990.7
173500 6591.38 10536.7 9935.36 27063.5
174000 6599.68 10573.1 9962.29 27135
174500 6605.35 10609.9 9979.22 27194.5
175000 6616.84 10633.2 10026.4 27276.4
175500 6624.72 10660.2 10069.6 27354.5
176000 6626.54 10666.8 10111.9 27405.2
176500 6620.03 10673.2 10158.1 27451.4
177000 6617.04 10690.9 10188.6 27496.5
177500 6616.8 10704.4 10226.6 27547.7
178000 6626.58 10724.9 10260.2 27611.6
178500 6624.36 10745.6 10304.9 27674.9
179000 6640.1 10763.9 10351 27755
179500 6656.3 10786.2 10392.2 27834.8
180000 6688.85 10802.5 10443.3 27934.6
180500 6697.26 10818 10502 28017.2
181000 6718.42 10843.2 10561.8 28123.4
181500 6749.44 10895.7 10618.7 28263.8
182000 6768.05 10936.7 10666.5 28371.2
182500 6798.79 10955 10711.9 28465.7
183000 6817.49 10970 10746.3 28533.8
183500 6853.41 10989.4 10784.7 28627.5
184000 6882.31 11012.9 10831 28726.1
184500 6915.76 11016.5 10863.1 28795.4
185000 6943.68 11036.2 10872.1 28852
185500 6961.44 11051.6 10898.7 28911.8
186000 6984.28 11071.1 10916.3 28971.7
186500 7010.62 11092.5 10949.7 29052.8
187000 7039.03 11121 10962.8 29122.8
187500 7060.37 11148.6 10959.7 29168.7
188000 7046.27 11173.4 10978.3 29198
188500 7048.28 11183.7 10991.4 29223.3
189000 7055.52 11192.7 11005.2 29253.4
189500 7058.49 11190.1 11012.5 29261.2
190000 7068.37 11214.9 11011.9 29295.2
190500 7084.47 11236.4 11037.4 29358.2
191000 7096.3 11238.6 11046.3 29381.2
191500 7095.92 11238.2 11055 29389.1
192000 7114.86 11246 11071.1 29431.9
192500 7122.46 11258.5 11094.4 29475.3
193000 7142.27 11269.7 11124.5 29536.5
193500 7148.56 11286.7 11153.9 29589.1
194000 7163.96 11314.3 11169.4 29647.7
194500 7182.81 11329.6 11196.3 29708.6
195000 7195.28 11335 11248.6 29778.9
195500 7219.74 11347.6 11300.9 29868.2
196000 7237.32 11382.8 11357.3 29977.5
196500 7233.99 11422.3 11393 30049.3
197000 7230.11 11433.7 11421.5 30085.3
197500 7235.59 11465.3 11465.9 30166.7
198000 7247.53 11521.8 11516.9 30286.2
198500 7253.11 11570.3 11547.4 30370.8
199000 7264.78 11614.3 11585.1 30464.1
199500 7261.13 11652.4 11605.9 30519.4
200000 7273.45 11685.2 11632 30590.6
200500 7282.22 11702.9 11669.9 30655
201000 7287.04 11734.7 11715.5 30737.3
201500 7287.67 11745.7 11742.1 30775.5
202000 7290.6 11760.4 11776.3 30827.3
202500 7298.08 11774.3 11802.3 30874.7
203000 7312.7 11789.7 11814.6 30917
203500 7317.08 11793.7 11799 30909.8
204000 7331.77 11804.4 11785 30921.1
204500 7335.59 11833.7 11791.5 30960.8
205000 7325.46 11852.4 11783.4 30961.3
205500 7336.66 11869.5 11801.6 31007.7
206000 7349.52 11865.7 11825.6 31040.8
206500 7342.16 11884.5 11824.8 31051.5
207000 7352.81 11898.9 11820 31071.7
207500 7375.12 11949.5 11829 31153.7
208000 7399.53 11971.9 11853.9 31225.3
208500 7404.16 11992.5 11887.5 31284.2
209000 7412.96 12028.3 11912.7 31354
209500 7413.82 12055.5 11941.7 31411
210000 7427.39 12066.5 11978.6 31472.6
210500 7437.58 12094.8 12018 31550.4
211000 7455.94 12129.2 12068.4 31653.5
211500 7473.25 12159.2 12114.4 31746.9
212000 7479.23 12189.5 12159.9 31828.6
212500 7482.4 12223.1 12179.7 31885.3
213000 7478.7 12262.6 12224.2 31965.5
213500 7488.95 12297.3 12243 32029.2
214000 7495.76 12341.8 12275.5 32113.1
214500 7485.71 12380.1 12323.7 32189.5
215000 7488.24 12421.7 12364.1 32274.1
215500 7500.43 12462.8 12395.4 32358.7
216000 7497.34 12485.4 12427.1 32409.9
216500 7512.54 12500.4 12472.9 32485.8
217000 7538.62 12498.4 12510.5 32547.5
217500 7550.82 12528.3 12529.1 32608.2
218000 7565.72 12554.7 12551.3 32671.7
218500 7588.24 12563.5 12583.7 32735.4
219000 7598.9 12580.9 12635.5 32815.3
219500 7616.09 12595 12665.1 32876.2
220000 7630.41 12603.7 12698.6 32932.7
220500 7644.55 12624.8 12725.2 32994.6
221000 7636.91 12641.1 12733.9 33011.9
221500 7656.02 12671.7 12734.8 33062.5
222000 7665.31 12713.7 12741.8 33120.8
222500 7675.49 12738.8 12750 33164.2
223000 7690.64 12780.4 12737.5 33208.5
223500 7711.66 12818.4 12721.2 33251.3
224000 7726.95 12837.5 12725.2 33289.7
224500 7748.73 12870.2 12725.6 33344.6
225000 7772.38 12905.6 12750.4 33428.4
225500 7808.31 12946.1 12768 33522.4
226000 7839.02 12996.9 12792.6 33628.5
226500 7859.95 13055.4 12812.3 33727.6
227000 7874.29 13132.9 12820.4 33827.6
227500 7893.21 13210.3 12821 33924.5
228000 7924.8 13242.4 12835.5 34002.7
228500 7959.43 13279.2 12840.7 34079.4
229000 7998.28 13317.8 12860.2 34176.3
229500 8031.92 13325 12881.5 34238.4
230000 8055.83 13340 12916.6 34312.4
230500 8075.82 13357.9 12943.7 34377.5
231000 8103.17 13357.4 12977.7 34438.2
231500 8117.36 13373.5 13030.1 34520.9
232000 8142.51 13395 13060.1 34597.6
232500 8165.74 13410.4 13076 34652.1
233000 8181.39 13407.3 13088.5 34677.2
233500 8180.83 13413.3 13109.5 34703.7
234000 8187.47 13433.8 13125.3 34746.5
234500 8179.55 13447.5 13127.1 34754.2
235000 8171.95 13480 13130.7 34782.7
235500 8181.18 13533.5 13116 34830.7
236000 8189.27 13587.1 13116.2 34892.6
236500 8205.3 13639.6 13144.8 34989.7
237000 8212.13 13701.7 13175.9 35089.7
237500 8205.43 13772.8 13209.9 35188.2
238000 8198.37 13836 13236 35270.3
238500 8216.41 13879.2 13248.6 35344.3
239000 8222.95 13933.5 13279.1 35435.5
239500 8224.76 13980.5 13313.5 35518.7
240000 8225.03 14033.6 13340.1 35598.7
240500 8234 14075.2 13357.9 35667.1
241000 8240.52 14103.6 13378.7 35722.7
241500 8227.66 14118 13392.8 35738.5
242000 8241.95 14119 13408.5 35769.5
242500 8241.37 14127 13435.9 35804.4
243000 8253.22 14138.3 13480.8 35872.3
243500 8264.33 14146.7 13511.4 35922.5
244000 8262.58 14179.3 13520.6 35962.5
244500 8273.53 14207.9 13519.1 36000.5
245000 8281.79 14232.6 13529.6 36044
245500 8295.07 14267.7 13529.9 36092.7
246000 8310.78 14313.3 13523.4 36147.5
246500 8316.63 14366.7 13519.2 36202.6
247000 8313.76 14398.2 13511.5 36223.4
247500 8320.01 14436.4 13512 36268.4
248000 8346.09 14485 13518.3 36349.4
248500 8344.41 14526.5 13531.5 36402.4
249000 8352.34 14568.8 13558.5 36479.6
249500 8364.85 14613.9 13569.4 36548.1
250000 8379.77 14649.7 13597.6 36627
250500 8395.92 14672.8 13633.6 36702.3
251000 8396.45 14706.3 13684.2 36787
251500 8393.44 14734.3 13727.6 36855.3
252000 8400.71 14762.7 13748.7 36912.1
252500 8418.48 14786.2 13783.3 36988
253000 8436.4 14831.3 13816.5 37084.2
253500 8438.02 14875.3 13859.3 37172.6
254000 8442.41 14926.2 13896.9 37265.6
254500 8440.05 14953.5 13949 37342.5
255000 8433.53 14989.4 13998.8 37421.7
255500 8460.84 15020 14044.7 37525.6
256000 8494.78 15053.9 14064.5 37613.2
256500 8519.23 15105.4 14083.9 37708.6
257000 8541.06 15149.7 14123.3 37814
257500 8575.97 15182.2 14187.6 37945.8
258000 8595.25 15245.6 14226.8 38067.6
258500 8619.57 15295.4 14280.1 38195.1
259000 8646.93 15354.9 14321.1 38322.9
259500 8671.39 15420.3 14351.8 38443.5
260000 8688.6 15470.7 14393.1 38552.4
260500 8720.83 15529.5 14422 38672.3
261000 8748.42 15580.9 14446.9 38776.3
261500 8764.26 15637 14474.4 38875.6
262000 8803.4 15695.4 14517.8 39016.6
262500 8837.46 15733.3 14557.4 39128.1
263000 8884.14 15776.9 14579.7 39240.7
263500 8914.11 15822.9 14614.3 39351.3
264000 8931.48 15862.7 14638.4 39432.6
264500 8946.29 15886.2 14637.5 39470.1
265000 8967.03 15910.5 14647.4 39524.9
265500 8970.33 15927.4 14663.2 39560.9
266000 8997.09 15954.7 14696.1 39647.8
266500 9033.11 15970.5 14744 39747.6
267000 9054.09 15982.9 14782.2 39819.3
267500 9075.69 15981.5 14810.4 39867.7
268000 9117 16010.2 14843.1 39970.3
268500 9137.11 16066.7 14886.3 40090.2
269000 9166.78 16103.1 14934 40203.8
269500 9201.11 16096.2 14994.3 40291.7
270000 9221.83 16105.1 15047.4 40374.4
270500 9232.15 16113.4 15107.6 40453.1
271000 9265.98 16091.8 15160.9 40518.7
271500 9280.61 16074.6 15199.3 40554.5
272000 9286.13 16077.2 15256.7 40620
272500 9316.87 16087.2 15288.7 40692.7
273000 9331.06 16095.9 15342.4 40769.4
273500 9361.11 16127.1 15403.1 40891.4
274000 9377.7 16165.7 15477.8 41021.2
274500 9395.58 16217 15562.4 41175
275000 9419.27 16273.2 15636.9 41329.3
275500 9426.17 16319.2 15688.1 41433.5
276000 9433.79 16350.8 15741.1 41525.7
276500 9452.94 16386 15783.1 41622.1
277000 9466.33 16408.9 15815.7 41691
277500 9464.79 16428.6 15822.1 41715.5
278000 9464.56 16444.3 15838.4 41747.3
278500 9486.66 16483.3 15876.5 41846.5
279000 9493.86 16516.9 15887.3 41898
279500 9510.88 16549.2 15897.6 41957.6
280000 9513.38 16575.7 15927.8 42016.9
280500 9532.95 16596.9 15958.9 42088.7
281000 9550.79 16614.8 15978.6 42144.2
281500 9569.07 16649.7 15985.9 42204.7
282000 9584.22 16663.6 16020.3 42268
282500 9593.8 16678.6 16058.4 42330.8
283000 9603.88 16677.8 16107.3 42388.9
283500 9615.04 16697.5 16140.2 42452.8
284000 9637.99 16691.4 16146.2 42475.6
284500 9651.17 16714.4 16171.4 42537
285000 9676.59 16723.5 16197.5 42597.6
285500 9716.05 16720.7 16222.9 42659.7
286000 9765.46 16715.1 16267.4 42747.9
286500 9777.71 16723.6 16316.2 42817.5
287000 9808.77 16756.1 16366.9 42931.8
287500 9848.72 16779.5 16408.8 43036.9
288000 9856.32 16799.6 16422.6 43078.5
288500 9877.66 16798.3 16447 43123
289000 9895.59 16792.5 16482 43170.1
289500 9890.95 16814.9 16517.6 43223.5
290000 9881.84 16830 16559 43270.8
290500 9873.42 16859 16609.8 43342.2
291000 9873.19 16891.7 16674.3 43439.3
291500 9887.29 16911.8 16732.3 43531.3
292000 9890.81 16916.5 16769.2 43576.5
292500 9918.79 16913.4 16820.3 43652.5
293000 9940.53 16931.6 16866.8 43738.9
293500 9963.98 16957.6 16886 43807.5
294000 9986.79 16972.1 16887.3 43846.1
294500 10014.5 16955.1 16908 43877.6
295000 10057.1 16931.8 16963.8 43952.7
295500 10081.3 16913.2 17012.9 44007.5
296000 10112 16924.2 17045.9 44082.1
296500 10117.4 16935.6 17072 44125
297000 10153 16963.9 17116.2 44233.1
297500 10177.4 16996.8 17178 44352.2
298000 10171.9 17036.9 17228.7 44437.5
298500 10203.1 17064.7 17279.8 44547.6
299000 10233.6 17087.9 17337.4 44658.9
299500 10258.4 17100.8 17397.3 44756.4
300000 10285.6 17122.4 17447 44855
300500 10290.5 17168.8 17476.2 44935.4
301000 10309.8 17211.5 17490.2 45011.5
301500 10324.8 17250.2 17509 45084.1
302000 10344.5 17280.5 17520.9 45146
302500 10366.4 17312.5 17533.2 45212.1
303000 10380.9 17331.5 17585.2 45297.6
303500 10389.7 17355 17627.5 45372.3
304000 10416.9 17392.8 17672.3 45482
304500 10441.2 17434.3 17692.3 45567.9
305000 10455.6 17470.1 17730.2 45655.9
305500 10454 17497.8 17746.8 45698.6
306000 10467.7 17530.6 17760.1 45758.5
306500 10487.9 17556.1 17768.9 45812.9
307000 10506.2 17576 17773.3 45855.5
307500 10498.6 17592.8 17801.3 45892.6
308000 10503.5 17597.8 17829.8 45931.1
308500 10530.9 17594.8 17869.5 45995.2
309000 10555.4 17613.5 17921.5 46090.3
309500 10565.2 17625.8 17964.8 46155.9
310000 10596.5 17644.1 17992.7 46233.3
310500 10617.1 17675.7 18003.4 46296.2
311000 10639.9 17727.6 18028.9 46396.4
311500 10671.4 17787 18032.4 46490.9
312000 10705.1 17833.7 18064.7 46603.5
312500 10732.6 17910.8 18100.9 46744.3
313000 10746.4 17953.7 18125 46825.1
313500 10764.6 18003.6 18160.2 46928.4
314000 10776.2 18012.4 18178.6 46967.1
314500 10794.8 18017.7 18224.6 47037.1
315000 10819.6 18002.2 18256.7 47078.5
315500 10856.7 18002.5 18284 47143.2
316000 10887.5 17997.3 18317 47201.8
316500 10914.4 18027.3 18354 47295.7
317000 10942.1 18064.8 18400.3 47407.3
317500 10973 18093.1 18450.7 47516.8
318000 10999.4 18133.4 18488.1 47620.9
318500 11008.2 18170.2 18520 47698.4
319000 11030.8 18199.5 18525.5 47755.8
319500 11040.8 18211.3 18539.3 47791.4
320000 11024.9 18237.9 18543.8 47806.6
320500 11024.6 18284.2 18554.1 47862.9
321000 11045 18350.3 18616.6 48011.9
321500 11061.9 18427.8 18663.5 48153.1
322000 11092.7 18496.2 18720.8 48309.7
322500 11132.7 18565.2 18761 48458.9
323000 11178.3 18631.7 18790.7 48600.7
323500 11197.6 18675.7 18819.8 48693
324000 11220.2 18697.4 18856.4 48774
324500 11250 18715.3 18886 48851.3
325000 11276.7 18748.9 18919.5 48945
325500 11317.5 18753.8 18953.7 49025.1
326000 11331.6 18761.4 18934.9 49027.9
326500 11347.3 18795.6 18909 49051.9
327000 11358.3 18831 18893.6 49082.8
327500 11361.4 18872.7 18912.6 49146.7
328000 11378.1 18911.2 18909.2 49198.4
328500 11384.2 18937 18912.5 49233.7
329000 11408.4 18991 18932.3 49331.7
329500 11442.7 19018 18931.2 49391.9
330000 11465.1 19064.5 18943.5 49473.1
330500 11492.1 19098.8 18943 49533.9
331000 11517.2 19135.8 18932.7 49585.7
331500 11548.5 19142 18954.6 49645.1
332000 11572.7 19154.5 18983.2 49710.4
332500 11598.9 19186.8 18997.4 49783
333000 11631.1 19233.3 19034.8 49899.3
333500 11637.3 19295.4 19022.6 49955.2
334000 11650.5 19372.1 19016.1 50038.7
334500 11669.8 19432.5 19012.5 50114.9
335000 11693.7 19491.6 19027.1 50212.4
335500 11717.9 19507.5 19043.6 50269
336000 11732.2 19517.5 19038.1 50287.7
336500 11767.9 19531.2 19029.1 50328.2
337000 11808.3 19572.9 19042.7 50423.9
337500 11845 19612.1 19063.6 50520.7
338000 11879.7 19672.3 19098.4 50650.3
338500 11909.5 19731.4 19104.1 50745.1
339000 11946.9 19792.7 19131.8 50871.4
339500 11944.9 19867.1 19164.2 50976.2
340000 11969.5 19922.2 19192.7 51084.3
340500 12003.8 19992.5 19249.7 51246
341000 12013.5 20025.8 19317.3 51356.6
341500 12022.8 20063.9 19340.9 51427.7
342000 12020.7 20096.9 19378.9 51496.5
342500 12005.7 20127.2 19413.8 51546.7
343000 11975.2 20181.1 19435.2 51591.5
343500 11952.2 20229.5 19458.9 51640.6
344000 11944.1 20280.5 19466.7 51691.3
344500 11928.6 20315.2 19466.4 51710.1
345000 11920.6 20359.9 19475 51755.5
345500 11912.3 20386.4 19504.8 51803.6
346000 11900.7 20407.5 19545.8 51853.9
346500 11907.4 20415.6 19601.2 51924.1
347000 11931.2 20413.6 19669 52013.8
347500 11961.4 20435.1 19715.3 52111.7
348000 11985.6 20448 19778.3 52211.9
348500 12005.4 20469.8 19798.9 52274
349000 12052.5 20516.2 19819.1 52387.7
349500 12091.8 20584.3 19874.4 52550.5
350000 12140.4 20642.4 19941.8 52724.6
350500 12149.4 20719.4 19987.6 52856.5
351000 12151.2 20788.9 20014.1 52954.3
351500 12178 20834.6 20073.7 53086.2
352000 12200.2 20886.6 20102.7 53189.5
352500 12206.9 20940.7 20135.1 53282.7
353000 12212.6 20982.9 20182.3 53377.8
353500 12227.3 21022.7 20211.1 53461.1
354000 12272 21038.5 20245 53555.5
354500 12303.4 21075.1 20294.7 53673.2
355000 12308.8 21113.5 20358 53780.3
355500 12304.2 21144 20405.6 53853.7
356000 12329.4 21161.8 20413.5 53904.8
356500 12347.2 21196.9 20427 53971.1
357000 12361.1 21225.5 20440.1 54026.7
357500 12367.8 21237.4 20457.2 54062.5
358000 12364.6 21251 20446.6 54062.2
358500 12377 21256.5 20462.3 54095.7
359000 12377 21258.2 20467.3 54102.5
359500 12359.1 21292.2 20488.9 54140.2
360000 12383.2 21334.8 20497 54215
360500 12399 21396 20525.4 54320.5
361000 12431.9 21438.9 20559.3 54430.2
361500 12454.8 21520 20586.3 54561.1
362000 12497.8 21593.3 20608.5 54699.7
362500 12527.5 21671.1 20610 54808.6
363000 12560.2 21737.6 20647.1 54944.9
363500 12567.2 21824.7 20675.9 55067.7
364000 12601.7 21890 20699.5 55191.1
364500 12649.6 21964.2 20698.3 55312.1
365000 12685.1 22012.7 20717.8 55415.7
365500 12706.1 22059.1 20758.5 55523.7
366000 12727.5 22089.9 20825.5 55642.9
366500 12750.5 22107.1 20843.7 55701.3
367000 12782.4 22118.2 20885.6 55786.2
367500 12815.2 22150.7 20914.9 55880.8
368000 12860.4 22193.9 20945.5 55999.8
368500 12933 22256.5 20981.2 56170.7
369000 12982 22269.2 20983 56234.2
369500 12992.8 22301 20997.1 56290.9
370000 13015.1 22315.9 21028 56359
370500 13052.6 22324.3 21068 56445
371000 13093.2 22309.4 21104.1 56506.6
371500 13120.7 22316.4 21158.1 56595.2
372000 13129.3 22315.7 21202.6 56647.5
372500 13143 22326.1 21231.5 56700.6
373000 13162.8 22347 21269.8 56779.5
373500 13170 22353.6 21306.9 56830.5
374000 13175.7 22379.4 21329.5 56884.6
374500 13172.6 22389.5 21390 56952.1
375000 13175.6 22387.9 21423.8 56987.3
375500 13158 22410.4 21451.9 57020.3
376000 13167.6 22426.3 21487 57080.9
376500 13164.8 22418.4 21480.7 57063.9
377000 13162 22421.5 21502.6 57086.1
377500 13171.1 22409 21539 57119.1
378000 13183.7 22401.1 21554.7 57139.5
378500 13210.1 22402 21599 57211.1
379000 13205.7 22416.1 21631.6 57253.4
379500 13202.3 22431.9 21694.9 57329.2
380000 13192.9 22461.5 21743.4 57397.8
380500 13189 22493.3 21776.2 57458.5
381000 13201.8 22539.7 21777.8 57519.3
381500 13205.9 22554.7 21769.5 57530
382000 13203.9 22578.3 21774.3 57556.5
382500 13216.8 22609.6 21767.7 57594
383000 13209.7 22673.8 21812.4 57695.9
383500 13219.9 22716.5 21846 57782.4
384000 13240.2 22780.2 21911.3 57931.7
384500 13251.2 22819.7 21955.4 58026.4
385000 13249.9 22843.3 21992.4 58085.7
385500 13237.2 22896.9 22029.9 58163.9
386000 13247.1 22953.4 22084.4 58285
386500 13271.4 23001.9 22130.5 58403.8
387000 13285.6 23043 22162.3 58490.9
387500 13303.6 23078.3 22199.9 58581.8
388000 13334 23103.4 22229.6 58667.1
388500 13347.1 23128.5 22263 58738.6
389000 13348 23190.8 22286.8 58825.6
389500 13357.4 23213.6 22314.3 58885.3
390000 13379.3 23258.7 22333.4 58971.4
390500 13396.4 23301.8 22350.8 59049
391000 13406 23328.2 22391.2 59125.4
391500 13416.3 23365.9 22425.2 59207.4
392000 13430.6 23392.3 22440.1 59263.1
392500 13460.3 23440.2 22454.5 59355
393000 13472.1 23480.9 22486.5 59439.5
393500 13480.9 23512.1 22519.1 59512.1
394000 13490 23550.7 22544.7 59585.4
394500 13490.7 23606.8 22548.1 59645.6
395000 13497.3 23639.5 22586.7 59723.5
395500 13525.4 23681 22637 59843.5
396000 13542.8 23710.6 22697.3 59950.7
396500 13549.8 23712.2 22733.7 59995.7
397000 13555.5 23747.2 22787 60089.6
397500 13584.7 23803.2 22838.4 60226.3
398000 13633.5 23867.5 22897.7 60398.7
398500 13664.7 23902.1 22938.8 60505.7
399000 13678.5 23926.4 22988 60593
399500 13694.5 23915.6 23088.9 60698.9
400000 13713.3 23918.1 23148.3 60779.7
400500 13719.5 23919.4 23191.3 60830.3
401000 13748.4 23920.8 23229.2 60898.4
401500 13768.1 23902.2 23284.2 60954.5
402000 13775.1 23911.8 23311 60998
402500 13771.7 23939.6 23337.4 61048.8
403000 13772.7 23926 23375.6 61074.2
403500 13788.9 23918.8 23406.7 61114.4
404000 13812.8 23923.8 23423.3 61159.9
404500 13797.2 23935.1 23435.7 61168
405000 13785.5 23944.7 23443.8 61174
405500 13793.4 23961.2 23462.9 61217.5
406000 13804.7 23994.6 23499 61298.4
406500 13835.5 24055.3 23526.5 61417.2
407000 13863.9 24100.1 23573.3 61537.4
407500 13883 24140.3 23594.3 61617.6
408000 13905.3 24190.8 23609.8 61705.9
408500 13927.9 24237.8 23637.9 61803.5
409000 13957.8 24283 23670.8 61911.5
409500 13985.1 24309.9 23692.1 61987.1
410000 13990.8 24360.7 23723.6 62075.1
410500 13992.6 24396.7 23741.6 62130.9
411000 14000.2 24433 23744.1 62177.3
411500 14045 24473.5 23752.9 62271.4
412000 14072.9 24513.1 23779.5 62365.5
412500 14083.8 24564.9 23796.9 62445.6
413000 14100.1 24622.8 23815.4 62538.3
413500 14122.9 24645.9 23860.4 62629.1
414000 14139.4 24687.4 23901.6 62728.4
414500 14169.4 24725.8 23949.9 62845.1
415000 14194.1 24763.7 24002 62959.8
415500 14228.6 24800.6 24049.4 63078.7
416000 14277.1 24845.1 24099.6 63221.9
416500 14310.6 24877 24117.8 63305.4
417000 14326.6 24911.9 24140.9 63379.3
417500 14351.6 24975.4 24157.4 63484.5
418000 14374.6 25008.5 24174.2 63557.3
418500 14431.7 25026.3 24215.3 63673.3
419000 14481.8 25062.5 24253.7 63798
419500 14517.2 25111.6 24311.2 63940
420000 14538.4 25130.5 24358.7 64027.7
420500 14560 25162.4 24375.7 64098.1
421000 14595.8 25182.7 24394.4 64172.9
421500 14627.8 25197.2 24417 64242
422000 14646.2 25182.9 24422.4 64251.5
422500 14677.4 25190.2 24419.8 64287.4
423000 14701.1 25187.3 24428.9 64317.3
423500 14738 25200.7 24422.8 64361.6
424000 14755.3 25212.1 24447.7 64415.1
424500 14751.3 25223.1 24489.7 64464.1
425000 14753 25249.5 24512 64514.5
425500 14771.7 25214.7 24542.9 64529.2
426000 14783 25222.7 24584.4 64590.1
426500 14787.9 25262.8 24623.4 64674.1
427000 14823.9 25287 24642.3 64753.2
427500 14874.3 25292.6 24628.9 64795.8
428000 14900.3 25289.5 24624.2 64814
428500 14914.6 25293.6 24625.9 64834.1
429000 14973.1 25288.2 24629.4 64890.7
429500 15004.2 25316.6 24639.9 64960.6
430000 15019 25365.6 24654.9 65039.5
430500 15037.9 25438.7 24657.6 65134.2
431000 15044 25450.3 24678.8 65173.2
431500 15043.3 25474.9 24724.6 65242.9
432000 15027.4 25496 24754.8 65278.2
432500 15028.1 25503 24778.3 65309.5
433000 15036 25525.8 24821.4 65383.1
433500 15044.8 25560.7 24884.6 65490.1
434000 15045.9 25585.3 24920.3 65551.5
434500 15029.2 25626.8 24933 65589
435000 15015.2 25631 24949.6 65595.8
435500 15032.1 25625.8 24951.9 65609.8
436000 15046.1 25652.6 24960.3 65659
436500 15055.3 25691.6 24958.2 65705.1
437000 15065.6 25730.3 24919 65715
437500 15038.2 25756 24900.4 65694.6
438000 15041 25760.2 24893.9 65695.1
438500 15052.4 25751.7 24916.1 65720.3
439000 15065.3 25757 24942.8 65765
439500 15083.3 25742.5 24966.2 65792
440000 15098.4 25731.5 25007.1 65837
440500 15120.7 25733 25059.8 65913.5
441000 15142.9 25718.3 25092.8 65953.9
441500 15169.2 25698.4 25125 65992.5
442000 15212.7 25700.8 25154.9 66068.3
442500 15219.4 25728.9 25168.1 66116.5
443000 15246.9 25764.6 25185.4 66196.9
443500 15246 25758.8 25189.5 66194.2
444000 15258.8 25768.9 25189.9 66217.6
444500 15279.3 25783.4 25227.1 66289.9
445000 15310.9 25815.4 25265.6 66392
445500 15341.1 25862.1 25303.6 66506.8
446000 15371 25901 25387.4 66659.3
446500 15387.8 25938 25413.8 66739.6
447000 15418.1 25983.9 25446.2 66848.3
447500 15440.9 26014.1 25476.3 66931.3
448000 15463.1 26025.7 25504.6 66993.5
448500 15489.3 26048.5 25563.7 67101.5
449000 15503.6 26054.1 25640 67197.7
449500 15507.2 26067.2 25717.2 67291.6
450000 15513.4 26106 25797.5 67416.9
450500 15513.9 26120.1 25862.4 67496.4
451000 15497.1 26164.1 25891.5 67552.7
451500 15509.4 26212.9 25903 67625.3
452000 15526.6 26277.9 25953.9 67758.4
452500 15539.4 26336.7 25996.2 67872.3
453000 15539.3 26382.7 26036.1 67958.1
453500 15548.4 26395.5 26053.4 67997.2
454000 15583.6 26409.9 26099.5 68093
454500 15596.8 26429.9 26153.9 68180.6
455000 15640.9 26459.3 26191.5 68291.8
455500 15645.6 26500.1 26250.4 68396.1
456000 15639.9 26545.7 26312.8 68498.5
456500 15643 26593.6 26389.3 68625.9
457000 15641.4 26632.1 26487.8 68761.3
457500 15611.7 26676.9 26566.9 68855.5
458000 15592.3 26729.7 26640.6 68962.5
458500 15591.5 26800.7 26694.2 69086.4
459000 15602.7 26813.2 26727.7 69143.6
459500 15606.5 26819.8 26775.6 69201.9
460000 15626.8 26851.7 26807.2 69285.6
460500 15630.6 26872.4 26838 69341.1
461000 15641.9 26897.8 26871 69410.7
461500 15658.7 26912.7 26881.4 69452.8
462000 15682.8 26928.8 26932.4 69544
462500 15672.9 26954.9 26965.5 69593.3
463000 15690.5 26986.8 26964.7 69641.9
463500 15692.3 26975.7 26999 69666.9
464000 15691.6 26958.7 27001.6 69651.9
464500 15698.3 26955.1 27032.4 69685.8
465000 15728.4 26931.5 27071.5 69731.4
465500 15738.2 26911.3 27103.9 69753.4
466000 15750.2 26931.5 27165.8 69847.5
466500 15751 26965.5 27227.7 69944.2
467000 15734.6 27011.3 27304.4 70050.4
467500 15755.5 27045.1 27347.7 70148.3
468000 15777.7 27090.3 27370.7 70238.7
468500 15801.5 27115.3 27391.1 70307.9
469000 15827.1 27154.4 27440.3 70421.8
469500 15833 27170.9 27522.7 70526.6
470000 15828.7 27199.9 27575.3 70604
470500 15842.3 27219.2 27610.4 70671.9
471000 15864.6 27262 27653.9 70780.5
471500 15880.7 27280.1 27744.1 70904.9
472000 15881.1 27315.1 27825.3 71021.5
472500 15874.1 27351 27894.3 71119.3
473000 15880.7 27382.5 27988.4 71251.5
473500 15894.1 27387.1 28042.8 71324
474000 15905.5 27409.9 28090.6 71406.1
474500 15928.4 27452.8 28171.9 71553.1
475000 15948.6 27480.6 28240.6 71669.8
475500 15984.6 27499.3 28298.5 71782.3
476000 16008.4 27540.7 28336.9 71885.9
476500 16051.6 27576.5 28370.4 71998.5
477000 16081.6 27609.5 28419.3 72110.4
477500 16108.4 27653 28458.1 72219.5
478000 16120.5 27661.3 28530.2 72312
478500 16145.4 27698.8 28625.6 72469.8
479000 16177.1 27697.7 28695.6 72570.3
479500 16188.2 27693.3 28748.3 72629.9
480000 16199.2 27698.5 28789.4 72687.2
480500 16204.9 27729.7 28863 72797.5
481000 16200.3 27758.9 28944.2 72903.5
481500 16202.3 27792.7 29008.9 73004
482000 16202.9 27828.9 29084 73115.8
482500 16206.3 27853.5 29156.8 73216.5
483000 16230.8 27860.6 29215.7 73307
483500 16230 27904.5 29255.3 73389.7
484000 16247.5 27913.4 29309.9 73470.8
484500 16260 27923.9 29364.7 73548.6
485000 16289.3 27962.5 29423.9 73675.7
485500 16282.8 28016.9 29476 73775.7
486000 16263.6 28081.5 29546.2 73891.3
486500 16245.3 28138.7 29599.1 73983
487000 16260 28158.2 29629.8 74048
487500 16270.3 28205 29672 74147.3
488000 16311.8 28236.7 29740.8 74289.2
488500 16353.7 28216.3 29812.8 74382.7
489000 16361.3 28208.2 29883.6 74453.1
489500 16384 28235.1 29941.1 74560.2
490000 16416.3 28275.5 29971.7 74663.5
490500 16436.5 28279.1 29982.1 74697.7
491000 16446 28304.8 30037.1 74788
491500 16460.3 28332.7 30112.6 74905.6
492000 16480 28366.6 30148.2 74994.8
492500 16514.5 28387.4 30204.5 75106.4
493000 16544.2 28382.6 30223.9 75150.7
493500 16565.9 28391.3 30259 75216.1
494000 16589.8 28402.6 30311 75303.5
494500 16638.3 28397.6 30354.5 75390.3
495000 16663 28425.4 30395.3 75483.7
495500 16676.1 28455.3 30419 75550.4
496000 16699.6 28479.3 30447.9 75626.8
496500 16720.2 28491.7 30474.9 75686.8
497000 16713.8 28488.8 30499.8 75702.3
497500 16726 28499 30534.5 75759.5
498000 16760.1 28498.9 30607.4 75866.5
498500 16791.7 28504.3 30658 75954
499000 16791.2 28512.3 30714.4 76017.8
499500 16796.3 28532.6 30745.6 76074.5
500000 16830.2 28556.2 30760.2 76146.6
500500 16858 28548.1 30814.9 76221
501000 16847.4 28554.8 30857.1 76259.3
501500 16833 28594.1 30908.2 76335.3
502000 16837.3 28612.8 30932.3 76382.4
502500 16842.1 28654.4 30956 76452.4
503000 16852.4 28687 30955.1 76494.5
503500 16817.8 28704.5 30947.8 76470
504000 16802.5 28696.8 30933 76432.3
504500 16789.2 28697.7 30955.4 76442.3
505000 16786 28709.4 31011.5 76506.9
505500 16807.8 28736.6 31050.9 76595.3
506000 16837.3 28745.1 31085.4 76667.8
506500 16855.4 28773.8 31118.8 76748
507000 16846.4 28807.6 31133.2 76787.2
507500 16851.3 28827.6 31125.6 76804.5
508000 16867.3 28865.8 31155.3 76888.4
508500 16877.7 28878.2 31163.7 76919.7
509000 16895.9 28880.6 31193 76969.4
509500 16902 28886.9 31235.6 77024.5
510000 16916.7 28946 31296.8 77159.5
510500 16932.6 28982.2 31329 77243.8
511000 16947.1 29019.2 31365.6 77331.9
511500 16959.7 29042.6 31414.7 77417
512000 16970.9 29069.2 31443.8 77483.9
512500 16972.4 29097.6 31506 77575.9
513000 16947.4 29111.7 31569.9 77629
513500 16938.2 29134 31608.6 77680.8
514000 16920.5 29143.5 31656.3 77720.3
514500 16912.8 29167.9 31730 77810.6
515000 16914.1 29153.7 31793.8 77861.6
515500 16917.6 29177.4 31846.7 77941.7
516000 16938.4 29212.6 31911.3 78062.3
516500 16930.2 29211.1 31936.8 78078.1
517000 16936.9 29245.4 31965.3 78147.6
517500 16951 29268.8 31978 78197.8
518000 16977.1 29286.1 32009.4 78272.6
518500 17010.8 29298.4 32033.2 78342.4
519000 17073.1 29323.8 32064.3 78461.2
519500 17109.3 29377.9 32110.5 78597.8
520000 17150 29428.4 32165.1 78743.5
520500 17191.3 29441 32214.4 78846.7
521000 17231.2 29475.1 32219.7 78926
521500 17261.7 29491.6 32218.8 78972.1
522000 17327.5 29515.5 32230.6 79073.7
522500 17366.8 29514.4 32251.7 79132.9
523000 17394.1 29510 32255.3 79159.5
523500 17417.5 29533.9 32288.5 79239.9
524000 17426.4 29531.3 32320.2 79277.9
524500 17431.7 29554.1 32338.9 79324.6
525000 17449.7 29582.7 32383.3 79415.6
525500 17455.3 29597.3 32430.4 79483
526000 17480.5 29636.8 32485.6 79602.9
526500 17494.3 29680.4 32519.8 79694.4
527000 17517.7 29764.8 32540.3 79822.9
527500 17527.5 29807.9 32551.8 79887.1
528000 17538.4 29835 32568.7 79942
528500 17552.5 29859.1 32563.1 79974.6
529000 17572.1 29884.2 32589.1 80045.5
529500 17567.1 29900.3 32637.3 80104.8
530000 17602.3 29896.1 32682.6 80180.9
530500 17637.4 29887.2 32704.8 80229.4
531000 17632.3 29922 32750 80304.3
531500 17625.4 29925.4 32783.1 80333.9
532000 17631.8 29937.5 32812.5 80381.8
532500 17630.3 29947.7 32834.2 80412.1
533000 17651.1 29963.4 32825.9 80440.4
533500 17699.8 29974.2 32810.4 80484.4
534000 17734.1 29976.6 32821.4 80532.1
534500 17768.1 29975.3 32845.9 80589.4
535000 17802.7 29976.6 32904.7 80684
535500 17834.7 29958.9 32942.6 80736.3
536000 17825.7 29928.3 32994.9 80748.9
536500 17831.2 29918.1 33045.2 80794.5
537000 17832.7 29896.6 33090.1 80819.3
537500 17843.9 29898.4 33111.9 80854.2
538000 17845.7 29891.5 33125.5 80862.7
538500 17842.2 29882 33126 80850.2
539000 17837.9 29865.1 33126.8 80829.8
539500 17852.5 29878.4 33123.8 80854.6
540000 17872 29897.5 33166.1 80935.7
540500 17894.5 29916.3 33166.6 80977.5
541000 17909.7 29923.9 33195.1 81028.6
541500 17917.1 29941.4 33215.3 81073.7
542000 17939.4 29936.1 33238.7 81114.2
542500 17938.6 29969.4 33264.5 81172.5
543000 17969 29975.6 33277.1 81221.6
543500 17989.9 30003.3 33284.2 81277.4
544000 18010.2 30026 33274.1 81310.3
544500 18035.6 30042.1 33288.2 81365.9
545000 18090.3 30073.7 33308.5 81472.5
545500 18123 30103.5 33325.9 81552.4
546000 18123.3 30143.3 33335 81601.6
546500 18121.3 30193.2 33348.1 81662.5
547000 18112.1 30239.4 33343.2 81694.7
547500 18117.4 30262.8 33350.6 81730.8
548000 18116.9 30307.1 33366.9 81790.9
548500 18157.1 30301.8 33408 81867
549000 18170 30317.6 33449.2 81936.8
549500 18153.9 30335.9 33502.8 81992.6
550000 18158.9 30385.7 33560.1 82104.7
550500 18187.3 30391.3 33646.1 82224.8
551000 18210.9 30378.1 33717.7 82306.7
551500 18252.3 30355.3 33795.7 82403.3
552000 18302.6 30376.9 33855.4 82534.8
552500 18335.7 30389.8 33927.7 82653.2
553000 18328.8 30405.4 34010.1 82744.3
553500 18324.3 30431.3 34096.8 82852.4
554000 18334.8 30463.6 34187 82985.4
554500 18351 30475.2 34239.6 83065.8
555000 18361.3 30493 34305.1 83159.4
555500 18388.6 30525.9 34374.1 83288.6
556000 18420.8 30558 34405.4 83384.1
556500 18437.4 30594.5 34435.6 83467.4
557000 18451.6 30616.8 34445.6 83513.9
557500 18466.8 30655.5 34432.3 83554.6
558000 18466.6 30689.9 34461.3 83617.8
558500 18478.2 30736.9 34459.8 83674.9
559000 18496.4 30778 34438.1 83712.5
559500 18522.2 30839.3 34426.6 83788.1
560000 18554.9 30899.6 34387.4 83841.9
560500 18598.4 30926 34407.8 83932.1
561000 18624.8 30953.1 34462.1 84039.9
561500 18659 30987.9 34540.3 84187.2
562000 18711.1 31007.3 34601 84319.4
562500 18750.7 31065.1 34651.6 84467.5
563000 18776.4 31126.7 34705.8 84608.9
563500 18819.2 31176.8 34756.6 84752.7
564000 18833.1 31215.1 34802.5 84850.7
564500 18861.1 31233 34867.2 84961.3
565000 18894.2 31256.9 34914.9 85065.9
565500 18928.8 31290.9 34975.5 85195.1
566000 18981.8 31308.4 34985.8 85276
566500 19006.7 31325.3 34997.9 85329.9
567000 19020.4 31387.1 35027.7 85435.1
567500 19009.4 31433.9 35076.2 85519.5
568000 19018.3 31450 35156.3 85624.6
568500 19029.9 31485.4 35187.2 85702.6
569000 19042.2 31501.2 35220.1 85763.5
569500 19031.9 31517.3 35249.9 85799.1
570000 19028.4 31546.3 35273.5 85848.1
570500 18995 31568.3 35284.6 85847.8
571000 18965.5 31573.8 35327.7 85867
571500 18957 31565.8 35360.9 85883.7
572000 18946 31574.1 35393.2 85913.3
572500 18972.6 31611.6 35435.5 86019.6
573000 18965.4 31643 35489.6 86098
573500 18945.9 31675.2 35535.6 86156.7
574000 18943.9 31700.4 35577.4 86221.7
574500 18953.5 31710.3 35609.2 86272.9
575000 18967 31733.2 35635.8 86336
575500 18992.5 31770 35660.5 86423
576000 18993.9 31797.3 35703.1 86494.4
576500 19006.6 31799.4 35734.7 86540.7
577000 18980.9 31801.9 35724.5 86507.4
577500 18978.2 31858.2 35724.2 86560.7
578000 18950.5 31900.7 35745.2 86596.4
578500 18937.7 31928.4 35783.6 86649.7
579000 18939.8 31961.6 35773 86674.4
579500 18928.1 31977.5 35793.2 86698.8
580000 18930 32007.1 35824.5 86761.5
580500 18939.3 32056 35838.3 86833.6
581000 18945.6 32120 35885.6 86951.2
581500 18945.3 32137.8 35916 86999.1
582000 18959.4 32184.4 35948 87091.7
582500 18994.1 32257.3 35970.2 87221.6
583000 18997.2 32308.6 35996.9 87302.6
583500 19000.7 32389 36007.5 87397.2
584000 19011 32462.1 36019 87492.1
584500 19010.3 32536.5 36009.7 87556.6
585000 19010 32617.6 36040.7 87668.3
585500 19015.5 32662.4 36054.5 87732.4
586000 19019.1 32715.7 36053.2 87787.9
586500 19037.4 32778.5 36048.7 87864.6
587000 19053.5 32845.2 36070.2 87969
587500 19073.3 32912.4 36063.1 88048.8
588000 19076.5 32975.2 36098.6 88150.3
588500 19058.3 33050.6 36120.6 88229.5
589000 19059.4 33100.7 36118.3 88278.5
589500 19020.7 33143.6 36140.3 88304.6
590000 19004.8 33228 36194.1 88426.9
590500 18981.1 33324 36232.1 88537.2
591000 18969.1 33404.9 36282.1 88656.1
591500 18969.6 33437.2 36305 88711.8
592000 18969.3 33446.9 36360.4 88776.6
592500 18965.4 33490.9 36361.3 88817.5
593000 18970.6 33540.5 36367.6 88878.6
593500 18988.8 33572.4 36415.6 88976.7
594000 18991.5 33614.8 36456.2 89062.5
594500 18990.8 33667.9 36477.3 89136
595000 18982.4 33704 36496.6 89183
595500 18951 33725.9 36501.1 89177.9
596000 18953.8 33746.9 36524 89224.8
596500 18947.1 33794.4 36527.4 89268.9
597000 18939.4 33819.2 36538.4 89297
597500 18922.3 33830 36571.7 89324
598000 18895.9 33865.7 36612.8 89374.4
598500 18909.6 33876.4 36646.1 89432
599000 18917.8 33875.1 36644.7 89437.6
599500 18896 33893.1 36671.9 89461
600000 18856.5 33912.4 36729.3 89498.3
600500 18839.4 33924.3 36778.7 89542.3
601000 18833.3 33904 36844.6 89581.9
601500 18864.8 33900.8 36882.1 89647.7
602000 18866.5 33921.2 36903.2 89690.9
602500 18911.6 33913.3 36907.1 89731.9
603000 18947.3 33925.2 36937.3 89809.8
603500 19009.9 33943.9 36972.4 89926.3
604000 19073.3 33961.5 37001.7 90036.5
604500 19123.6 33981 37029.5 90134.1
605000 19176.1 33979.3 37047.2 90202.6
605500 19192.3 34015.4 37077.2 90284.9
606000 19210.7 34038.4 37102.8 90351.9
606500 19239.2 34076.5 37161.4 90477.1
607000 19265.7 34100.8 37217 90583.5
607500 19320.9 34121.8 37210.3 90653.1
608000 19341.8 34132.7 37242.4 90716.9
608500 19367.1 34161.9 37283.2 90812.2
609000 19385.5 34175.6 37293.1 90854.1
609500 19414.6 34201.6 37290.9 90907.1
610000 19419.7 34230.8 37297.4 90947.9
610500 19422.8 34267.8 37277 90967.6
611000 19424.1 34293.6 37254.2 90971.9
611500 19416.4 34324.6 37244.1 90985.1
612000 19408.1 34338.6 37224.8 90971.5
612500 19368.6 34339.5 37223.2 90931.3
613000 19344.3 34339.1 37271.2 90954.7
613500 19330.9 34340 37282 90952.9
614000 19309.1 34366.2 37272 90947.3
614500 19287.3 34414.2 37266.4 90967.9
615000 19274.5 34473.3 37303.7 91051.5
615500 19255.2 34522.5 37306.2 91083.8
616000 19230.1 34555.4 37305.7 91091.3
616500 19205 34598.4 37329.9 91133.3
617000 19190.6 34648.9 37379.4 91218.9
617500 19197.4 34651.1 37392.6 91241.1
618000 19227.9 34690.9 37424.7 91343.5
618500 19267.3 34746.9 37474.2 91488.4
619000 19301.2 34805.9 37540.9 91648
619500 19336.6 34880.8 37588.9 91806.3
620000 19376.6 34940.8 37626.9 91944.2
620500 19404.8 35010.2 37632.7 92047.7
621000 19427.2 35067.3 37683.5 92178
621500 19458.7 35108.2 37705.6 92272.4
622000 19466.8 35132.4 37705 92304.2
622500 19474 35197.7 37729.8 92401.5
623000 19469.2 35255 37761.4 92485.5
623500 19458.1 35291.2 37796.4 92545.7
624000 19479.4 35323.8 37815.2 92618.4
624500 19483.7 35400.5 37826.1 92710.3
625000 19475.4 35459.3 37817.8 92752.4
625500 19469.5 35481.7 37804.4 92755.6
626000 19482.1 35501.4 37796.6 92780.1
626500 19482.1 35521.7 37795.9 92799.7
627000 19498.9 35581.9 37777.2 92857.9
627500 19536.4 35608.7 37757.7 92902.8
628000 19574.4 35598 37779.7 92952.1
628500 19617.8 35675.4 37766.1 93059.3
629000 19645.3 35710.7 37765.7 93121.7
629500 19687.3 35729.1 37762.7 93179.2
630000 19709.6 35763.7 37786.5 93259.8
630500 19726.7 35777.3 37797.6 93301.6
631000 19757.4 35806.8 37832.2 93396.4
631500 19771.9 35829.6 37839.5 93441
632000 19796.8 35869.5 37902.6 93568.9
632500 19800.2 35884.4 37976.7 93661.3
633000 19815.1 35907.5 38018.4 93741
633500 19840.4 35938.8 38054.6 93833.7
634000 19867.5 35944.5 38074.1 93886.1
634500 19883.8 35950.1 38102.7 93936.6
635000 19906.5 36021.7 38114 94042.2
635500 19926.2 36081.3 38155.7 94163.2
636000 19949.9 36106.9 38187.2 94244
636500 19959.5 36112.5 38187 94259
637000 19991 36101.6 38192.8 94285.4
637500 20011.5 36129.8 38207.3 94348.6
638000 20046.1 36112.6 38223.5 94382.2
638500 20066.4 36103.1 38245.8 94415.2
639000 20082 36110.1 38283.5 94475.5
639500 20084.7 36159.7 38323.9 94568.4
640000 20091.4 36218.7 38359.6 94669.7
640500 20098 36282.2 38388.9 94769
641000 20100 36341.2 38408.6 94849.7
641500 20122.9 36417.2 38435 94975.2
642000 20155.2 36511.7 38480.1 95147
642500 20225.6 36596.5 38479.6 95301.8
643000 20280.5 36675.1 38466.1 95421.8
643500 20341.1 36800.9 38510.9 95652.9
644000 20390.6 36892 38551.4 95834
644500 20468.7 36975.2 38582.6 96026.5
645000 20532.7 37068.1 38605.3 96206.1
645500 20596.2 37158.3 38617.1 96371.5
646000 20632.6 37178.3 38608.2 96419.1
646500 20665 37209.9 38611.5 96486.4
647000 20712.8 37242.9 38603.2 96558.9
647500 20737.7 37263.5 38605.9 96607.1
648000 20760.3 37292.7 38623 96676
648500 20785.2 37342.3 38690.5 96818
649000 20814.7 37421.8 38747.4 96983.9
649500 20850.4 37478.2 38800.2 97128.8
650000 20888.8 37508.5 38861.2 97258.4
650500 20918.8 37527.9 38921.2 97368
651000 20932.1 37541 38953.8 97426.9
651500 20965.8 37545.6 38991.8 97503.2
652000 20969.9 37541.5 39050.2 97561.6
652500 20976.7 37564.8 39119.7 97661.3
653000 21013.3 37621.4 39183.3 97818.1
653500 21035 37644.7 39250.3 97930
654000 21057.9 37652.1 39336.6 98046.7
654500 21081.7 37669.8 39428.7 98180.2
655000 21087.2 37708.3 39475.8 98271.3
655500 21119 37791.9 39523.2 98434.2
656000 21162.2 37854.1 39553.1 98569.4
656500 21174.7 37880.5 39612.1 98667.2
657000 21208.2 37907.6 39630.2 98746
657500 21244.9 37926.5 39642.3 98813.7
658000 21263.3 37965.1 39648.8 98877.1
658500 21281.7 37956.3 39593.2 98831.2
659000 21300.7 37973.9 39549.3 98823.8
659500 21325.3 37986.2 39553.9 98865.4
660000 21367 38004.7 39552.4 98924.2
660500 21408 38025.2 39561.2 98994.4
661000 21450.3 38045 39569.2 99064.4
661500 21479 38096.5 39615.6 99191.1
662000 21498.3 38133.4 39684 99315.7
662500 21514.7 38185.8 39750.4 99450.8
663000 21529.3 38222 39817.7 99569
663500 21549.5 38287.1 39870.8 99707.4
664000 21543.8 38364.7 39915.8 99824.4
664500 21552 38463.9 39920.5 99936.4
665000 21566.4 38498 39927.9 99992.2
665500 21562.4 38550.9 39948.7 100062
666000 21557.7 38560.2 40015.6 100134
666500 21543.2 38599.9 40068.1 100211
667000 21529.3 38628.4 40085.8 100244
667500 21534.8 38688.8 40139.2 100363
668000 21551.6 38744.8 40159 100455
668500 21571.2 38790.9 40180 100542
669000 21603.9 38834.3 40216.3 100654
669500 21602 38857.1 40234.4 100694
670000 21596.9 38906.7 40258.2 100762
670500 21597.6 38954.8 40316.1 100869
671000 21599.1 39002.8 40369.2 100971
671500 21590 39077.4 40429 101096
672000 21574.4 39136 40482.2 101193
672500 21590.7 39184.9 40496 101272
673000 21599.2 39248.9 40503.2 101351
673500 21604.7 39291 40530.7 101426
674000 21635.5 39312.5 40527.7 101476
674500 21647.6 39326.6 40547.4 101522
675000 21691.2 39360.5 40568.3 101620
675500 21743.1 39407.1 40621.4 101772
676000 21783.1 39471.1 40669 101923
676500 21799.4 39535.3 40704 102039
677000 21822.2 39569.1 40784.6 102176
677500 21849.5 39606.1 40839 102295
678000 21868.1 39661.4 40855.8 102385
678500 21856.5 39654.2 40924.3 102435
679000 21859.6 39624.2 40980.4 102464
679500 21845.6 39639.4 40999 102484
680000 21826.8 39637.2 41001.3 102465
680500 21810.4 39672.2 41009.4 102492
681000 21813.7 39670.6 41027.1 102511
681500 21823.5 39667.8 41011.5 102503
682000 21839.6 39656.5 40979.7 102476
682500 21850.5 39677.4 40989.1 102517
683000 21853 39699.3 41000 102552
683500 21854.1 39715.4 41029 102599
684000 21858.7 39751.1 41042.4 102652
684500 21873.7 39758.1 41105.6 102737
685000 21891.8 39782.6 41147.3 102822
685500 21931.8 39813.9 41149.4 102895
686000 21948.6 39838 41182.8 102969
686500 21987.3 39845.4 41241.9 103075
687000 22030.4 39867.4 41275.3 103173
687500 22064.8 39928.9 41261.8 103255
688000 22115 39968 41254.1 103337
688500 22147.5 40022.2 41264 103434
689000 22175.2 40103.7 41289.9 103569
689500 22175.9 40152.4 41354.5 103683
690000 22185.5 40187.6 41361.9 103735
690500 22204.4 40222.5 41332 103759
691000 22227.4 40230.7 41305.9 103764
691500 22251.9 40223.1 41320.9 103796
692000 22296.8 40216.6 41357.3 103871
692500 22298.4 40225.1 41387.3 103911
693000 22302.4 40266.1 41434.1 104003
693500 22303.4 40252.7 41445.9 104002
694000 22302.5 40270.7 41492.6 104066
694500 22284.8 40304.5 41544.1 104133
695000 22256.7 40353.2 41584 104194
695500 22233 40393.6 41630.3 104257
696000 22243.2 40447.8 41672.6 104364
696500 22250.8 40490 41724.1 104465
697000 22244.5 40513.5 41727.1 104485
697500 22239.7 40556.8 41764.7 104561
698000 22242 40612 41814.9 104669
698500 22267.6 40651.2 41857.7 104776
699000 22289.1 40708.1 41874.1 104871
699500 22285.1 40766.6 41879 104931
700000 22277.6 40821.1 41877.9 104977
700500 22289.8 40863.1 41894.1 105047
701000 22303.2 40894.3 41876.2 105074
701500 22317.5 40929.1 41901.6 105148
702000 22326.6 40942 41935.3 105204
702500 22345.2 40982 41963 105290
703000 22336.2 41015.2 41965.7 105317
703500 22334.4 41035.4 41975.7 105346
704000 22318.8 41063.3 42011.1 105393
704500 22291.4 41073 42081.3 105446
705000 22297.9 41092.5 42175.4 105566
705500 22305.3 41166.9 42256.6 105729
706000 22291.8 41210.3 42333.5 105836
706500 22299 41250.4 42427.5 105977
707000 22311.7 41285.5 42534.5 106132
707500 22322.4 41314.1 42657.5 106294
708000 22325.2 41353.2 42773.3 106452
708500 22327.9 41390.7 42844.9 106564
709000 22347.2 41423.9 42934 106705
709500 22372.4 41466.8 42990.7 106830
710000 22381.6 41511.2 43053.1 106946
710500 22407.5 41546.1 43097.5 107051
711000 22423 41602.2 43134.1 107159
711500 22455.9 41630.8 43172 107259
712000 22499.6 41656 43242.7 107398
712500 22509.6 41689 43296.4 107495
713000 22526 41730.9 43326.3 107583
713500 22551.3 41763.8 43359.7 107675
714000 22592.2 41776.7 43425.4 107794
714500 22619.3 41776.9 43488.8 107885
715000 22632.7 41799.8 43554.9 107987
715500 22645.5 41809.4 43635 108090
716000 22663.8 41830 43731.2 108225
716500 22693.2 41868.6 43792 108354
717000 22721.8 41880 43849.8 108452
717500 22761.3 41880.5 43919.5 108561
718000 22805.6 41894.8 44006.6 108707
718500 22856.3 41891.1 44090.6 108838
719000 22909.2 41870.8 44136.7 108917
719500 22935.9 41900.2 44187.3 109023
720000 22964.8 41963.2 44246 109174
720500 22987 42005.5 44280.2 109273
721000 23005.1 42017.1 44301.9 109324
721500 23038.8 42021.3 44303.9 109364
722000 23051.4 42035.1 44324.3 109411
722500 23056 42064.9 44334.1 109455
723000 23064.9 42118.4 44344.8 109528
723500 23075.7 42140.4 44379.2 109595
724000 23073.7 42132.3 44417 109623
724500 23070.3 42161.3 44416 109648
725000 23058.9 42145.9 44440.2 109645
725500 23072.9 42127 44461.9 109662
726000 23077.5 42163.7 44474.6 109716
726500 23075.9 42193.2 44452.3 109721
727000 23097 42238.4 44467.9 109803
727500 23102.5 42277.9 44485.3 109866
728000 23118 42318.8 44488.8 109926
728500 23153.6 42365.1 44510 110029
729000 23191 42424.7 44516.3 110132
729500 23230.8 42448.8 44561.2 110241
730000 23280.4 42508.7 44589.5 110379
730500 23322.7 42548.9 44569.6 110441
731000 23344.6 42609.3 44567.3 110521
731500 23329.5 42641.5 44575.5 110546
732000 23295.4 42697.2 44597.1 110590
732500 23272.7 42756.3 44597.7 110627
733000 23263.2 42834.4 44607.6 110705
733500 23257 42858.7 44659.2 110775
734000 23274.3 42886.7 44644 110805
734500 23294.1 42938.3 44636.6 110869
735000 23323.4 42991.7 44638.5 110954
735500 23317.5 42994.7 44635 110947
736000 23313.8 43016.7 44652.7 110983
736500 23294.2 43056.3 44664.5 111015
737000 23293.3 43044.3 44691.6 111029
737500 23290.8 43015.9 44728.7 111035
738000 23267.3 43050.9 44774 111092
738500 23247.4 43033 44792 111072
739000 23254.1 43029.9 44834.3 111118
739500 23274.7 43044 44862.5 111181
740000 23294.9 43083.5 44923.7 111302
740500 23330.8 43146.3 44960.7 111438
741000 23389 43198.7 44996.6 111584
741500 23442.2 43258.1 45024.3 111724
742000 23478.1 43295.3 45046.6 111820
742500 23507.7 43352.4 45058.6 111919
743000 23517.5 43404.2 45100.4 112022
743500 23517.7 43434.8 45147.7 112100
744000 23533.7 43482.5 45160.1 112176
744500 23524.2 43511.8 45196 112232
745000 23506.8 43550.4 45213.9 112271
745500 23502.1 43573 45247.7 112323
746000 23521.7 43565.9 45231.9 112320
746500 23543.9 43592 45234.9 112371
747000 23559.8 43633.9 45241.5 112435
747500 23599.3 43643.2 45284.9 112527
748000 23621.9 43660.6 45307.3 112590
748500 23641.9 43702.1 45300.7 112645
749000 23679.9 43672.3 45308.1 112660
749500 23695.5 43671.8 45336.3 112704
750000 23705.9 43667.1 45376.7 112750
750500 23749 43682.5 45413.7 112845
751000 23794.4 43683.2 45476.7 112954
751500 23855 43724.9 45512.2 113092
752000 23904.3 43774.5 45546 113225
752500 23941.8 43806.9 45573.1 113322
753000 23992 43832.1 45600.6 113425
753500 24012.5 43846.1 45626.4 113485
754000 24015.8 43881.8 45694.1 113592
754500 24022.3 43928.9 45737.3 113689
755000 24081.5 43944.7 45812.6 113839
755500 24099.1 43939.7 45879.8 113919
756000 24136 43953.6 45923.6 114013
756500 24139.4 43937.5 45990.2 114067
757000 24160.3 43932.1 46065.8 114158
757500 24202.6 43960.1 46107.4 114270
758000 24239.6 43998.7 46145.2 114384
758500 24244.7 44040.3 46192.4 114477
759000 24249.2 44071.4 46219.5 114540
759500 24251.8 44120.1 46245.2 114617
760000 24245 44188.9 46302.4 114736
760500 24273.4 44231.9 46358.6 114864
761000 24296.7 44256.8 46400.1 114954
761500 24333.1 44237.5 46410.4 114981
762000 24379.1 44231.9 46387 114998
762500 24437 44225.8 46376.9 115040
763000 24479.9 44208.6 46393.1 115082
763500 24514.1 44213 46412.7 115140
764000 24549.7 44197.6 46426.6 115174
764500 24590.3 44203.5 46429.7 115223
765000 24610.1 44265.9 46450.3 115326
765500 24656 44336.8 46464 115457
766000 24682.9 44428.1 46487.1 115598
766500 24706.1 44447.7 46464.2 115618
767000 24740.7 44442.9 46476 115660
767500 24778.8 44439.1 46509.1 115727
768000 24794.8 44405.2 46540 115740
768500 24806.3 44385.7 46558.3 115750
769000 24824 44357.5 46606.6 115788
769500 24840.9 44327 46644.9 115813
770000 24842.7 44322.4 46667.3 115832
770500 24841.2 44334.1 46720.3 115896
771000 24845.5 44351.6 46730.6 115928
771500 24859.9 44366 46729.6 115955
772000 24848.2 44384.3 46783.3 116016
772500 24861.9 44377.9 46866.4 116106
773000 24874 44398 46926.4 116198
773500 24879.9 44443.5 46971.6 116295
774000 24854 44482.2 47075 116411
774500 24870.5 44487.5 47173.4 116531
775000 24883.3 44503.6 47234.9 116622
775500 24892.2 44566 47272.6 116731
776000 24917.7 44579.8 47303.5 116801
776500 24934.4 44611.9 47381.7 116928
777000 24942.1 44622.8 47399.2 116964
777500 24944.9 44659.9 47451.7 117056
778000 24955.3 44716.5 47499.4 117171
778500 24970.5 44793.1 47535.6 117299
779000 24989.4 44850.2 47611.4 117451
779500 25027 44910.2 47659.7 117597
780000 25039.6 44947.4 47679.6 117667
780500 25029.2 44969 47724.2 117722
781000 25058.2 45046.3 47752.4 117857
781500 25069.9 45088.7 47807.3 117966
782000 25120.5 45102.2 47880.8 118104
782500 25171 45137.4 47907.5 118216
783000 25201.3 45128 47953.1 118282
783500 25235 45179 47990.3 118404
784000 25262.2 45233.3 48023.2 118519
784500 25304 45290.7 48088.7 118683
785000 25320.7 45345.5 48141.2 118807
785500 25369.4 45373.7 48213.3 118956
786000 25410.7 45418.7 48271.4 119101
786500 25478.9 45434 48350.1 119263
787000 25516.5 45478.2 48435 119430
787500 25531.7 45540.5 48484.1 119556
788000 25566.2 45557.1 48529.9 119653
788500 25602.6 45594.4 48586.3 119783
789000 25613.5 45638.9 48600.2 119853
789500 25635.1 45635.6 48612.5 119883
790000 25631.2 45644.7 48634.7 119911
790500 25638.5 45668.8 48682.8 119990
791000 25644.3 45650.9 48688.6 119984
791500 25674.8 45706.8 48699.8 120081
792000 25699.2 45726.7 48694.6 120121
792500 25747.1 45744.5 48680.4 120172
793000 25782.9 45745.7 48695.6 120224
793500 25808 45791.6 48707.5 120307
794000 25815.3 45813 48714.8 120343
794500 25811.1 45834.5 48714.6 120360
795000 25785.4 45868.9 48707.9 120362
795500 25767.6 45874.2 48774.3 120416
796000 25759.4 45900.7 48801.3 120461
796500 25777.9 45928.2 48847.6 120554
797000 25802.9 45941 48927.9 120672
797500 25845.6 45958.6 49013.9 120818
798000 25882.2 45989.3 49089.5 120961
798500 25888.9 46007.4 49149.8 121046
799000 25901.3 46032.8 49240.9 121175
799500 25935.6 46092.6 49313.9 121342
800000 25956.6 46149.3 49330.4 121436
800500 25984.8 46202.6 49338.7 121526
801000 26007.9 46305 49337.9 121651
801500 26033.5 46415 49393.8 121842
802000 26078.4 46476.4 49430.6 121985
802500 26109.3 46520 49447.7 122077
803000 26156.4 46582.4 49476.5 122215
803500 26172.1 46666.9 49488.5 122327
804000 26191 46709.1 49534.6 122435
804500 26230.5 46736.8 49547.9 122515
805000 26247.1 46750.4 49605.8 122603
805500 26262.7 46792 49592.9 122648
806000 26263.8 46851.5 49651.2 122767
806500 26269.9 46887.8 49703.8 122861
807000 26319.3 46948.5 49763.8 123032
807500 26350.6 46991.5 49783.6 123126
808000 26389.5 47008.9 49822.8 123221
808500 26449.5 47060.9 49901.8 123412
809000 26499.2 47103.3 49959 123561
809500 26522.1 47153 49982.9 123658
810000 26535.9 47188.4 49982.8 123707
810500 26577.5 47243.6 50001.2 123822
811000 26638.4 47256.7 50035.7 123931
811500 26680.3 47268.4 50091.9 124041
812000 26711.3 47224.1 50130.7 124066
812500 26733.6 47214 50134.1 124082
813000 26734.7 47178.2 50163.1 124076
813500 26735.9 47130.7 50127.8 123994
814000 26779.1 47159.9 50134.1 124073
814500 26821 47118.5 50183.8 124123
815000 26826 47135.7 50201.2 124163
815500 26848.1 47176.3 50196.4 124221
816000 26888.3 47225.9 50211.7 124326
816500 26927.4 47274.3 50220.9 124423
817000 26940.7 47319.2 50274.8 124535
817500 26954.2 47391.1 50322.3 124668
818000 26952.5 47457.9 50352 124762
818500 26980.2 47512.5 50379.8 124872
819000 27029.4 47551.1 50442.9 125023
819500 27044 47625.2 50519.9 125189
820000 27058.3 47692.8 50572.5 125324
820500 27077.7 47750.5 50582.5 125411
821000 27082.4 47783.1 50624.1 125490
821500 27128.1 47822.5 50635 125586
822000 27140.2 47892.2 50664.3 125697
822500 27175.5 47945.5 50666.3 125787
823000 27171.8 48029.6 50743.2 125945
823500 27189.5 48085.2 50801.2 126076
824000 27211.9 48099.3 50826.8 126138
824500 27238.2 48115 50851 126204
825000 27262.7 48134.6 50919.1 126316
825500 27287.2 48146.3 50964.6 126398
826000 27282.6 48220.5 50972.3 126476
826500 27272.6 48312.1 50992.2 126577
827000 27256.6 48393.3 51018.8 126669
827500 27257.6 48469.2 51029.9 126757
828000 27264.7 48533.2 51047.6 126845
828500 27282.2 48561.9 51068.3 126912
829000 27301.6 48588.1 51036.8 126927
829500 27341.9 48559.8 51081.3 126983
830000 27366.5 48552.3 51106.9 127026
830500 27365.2 48592.4 51140.2 127098
831000 27384 48650.5 51203.4 127238
831500 27406.7 48705.7 51248.9 127361
832000 27416.3 48737.7 51301.9 127456
832500 27432.8 48766.8 51378.4 127578
833000 27433 48834.7 51449.8 127717
833500 27427 48883.3 51495 127805
834000 27429.1 48889.1 51566.3 127885
834500 27416.5 48893.9 51614 127924
835000 27424.3 48914 51679.9 128018
835500 27444.8 48940.1 51718.7 128104
836000 27457.1 48955.7 51762.2 128175
836500 27467.8 48989.8 51812.7 128270
837000 27508.7 49032.3 51868.8 128410
837500 27510.9 49069.6 51927.8 128508
838000 27492.9 49022.7 51974 128490
838500 27492.2 49043.9 52044.5 128581
839000 27487 49058.1 52182.2 128727
839500 27491.9 49099.2 52251.6 128843
840000 27522.2 49112.6 52332.9 128968
840500 27549.1 49120.8 52376.2 129046
841000 27590.3 49137.1 52457.9 129185
841500 27664.3 49136.6 52502.6 129303
842000 27712.6 49222.2 52572.2 129507
842500 27751.9 49260.8 52628.1 129641
843000 27787.6 49264.2 52703.2 129755
843500 27804.8 49270.1 52736.8 129812
844000 27792.5 49328.3 52795.7 129916
844500 27795.5 49398.9 52897.1 130091
845000 27815.9 49430.8 52944.2 130191
845500 27846.6 49480.4 52994.2 130321
846000 27844.7 49507.5 53029.7 130382
846500 27886.1 49515 53039 130440
847000 27896 49528.8 53056.6 130481
847500 27909.6 49511.3 53088.4 130509
848000 27914.1 49490.2 53129.7 130534
848500 27915 49463.8 53210.6 130589
849000 27923.1 49451.8 53277.2 130652
849500 27931.8 49400.8 53389.3 130722
850000 27963.5 49413.8 53477.7 130855
850500 28007.5 49401.2 53524.1 130933
851000 28012.5 49399.7 53556.4 130969
851500 28033.8 49371 53618.9 131024
852000 28049.9 49367.9 53656 131074
852500 28082.7 49371 53636.9 131091
853000 28119.9 49370.7 53650.4 131141
853500 28128.4 49395.4 53665.6 131189
854000 28147.4 49411.5 53694.4 131253
854500 28180 49432.3 53708.8 131321
855000 28189.5 49447.3 53698.7 131335
855500 28197.9 49464 53668.1 131330
856000 28192.1 49511.8 53723.4 131427
856500 28185.1 49502.9 53760 131448
857000 28215.8 49530.4 53812.3 131559
857500 28252.3 49539.6 53839.2 131631
858000 28286.2 49509.4 53856.7 131652
858500 28321.2 49510.5 53894.3 131726
859000 28340.4 49548.8 53989.1 131878
859500 28343.6 49595.3 54051 131990
860000 28377.1 49630.9 54091.6 132100
860500 28413 49646.2 54121.1 132180
861000 28425.4 49699 54164 132288
861500 28436.7 49754.6 54236.3 132428
862000 28455.8 49812.6 54281.8 132550
862500 28481.9 49857.2 54304.6 132644
863000 28498 49929.5 54324.4 132752
863500 28495.3 49966.9 54388.2 132850
864000 28476 49987.8 54447 132911
864500 28490.2 49976.6 54484.2 132951
865000 28476.5 49987.6 54511.8 132976
865500 28464.6 50026.1 54566.8 133057
866000 28445.3 50033.3 54626 133105
866500 28453.8 50067.8 54636.2 133158
867000 28466.7 50093.6 54650.5 133211
867500 28476 50090.8 54654.7 133222
868000 28483.5 50062.3 54687.6 133233
868500 28478 50038 54752.1 133268
869000 28463.9 50023.3 54829 133316
869500 28468.3 50042.4 54890.2 133401
870000 28473.5 50043.6 54950.8 133468
870500 28473.9 50023.5 54948.5 133446
871000 28519.6 50028.9 54972.4 133521
871500 28543.8 50051.1 55046.9 133642
872000 28530.8 50090.2 55088.6 133710
872500 28533.3 50165.6 55157.8 133857
873000 28547.3 50232.4 55194.4 133974
873500 28537.1 50300.6 55214 134052
874000 28544.7 50377.4 55228.6 134151
874500 28537.8 50435.4 55276.4 134250
875000 28536.6 50481.8 55335.1 134353
875500 28536.8 50532.8 55387.9 134458
876000 28561.7 50580.7 55431.3 134574
876500 28587.8 50620.5 55475.2 134683
877000 28607.6 50670.4 55472.4 134750
877500 28659.5 50706.6 55455.7 134822
878000 28678.5 50770.3 55456.4 134905
878500 28714 50816.3 55430.8 134961
879000 28736 50901.1 55459.4 135097
879500 28763.1 50964.2 55439.2 135166
880000 28793.1 51025.1 55404.2 135222
880500 28850.1 51043.4 55401.8 135295
881000 28890.5 51032.9 55399 135322
881500 28964.6 51053.9 55458.9 135477
882000 28996.8 51030.8 55485.9 135514
882500 29044.6 51009.7 55505.4 135560
883000 29073.9 50988.9 55499.1 135562
883500 29107 51021.8 55562.9 135692
884000 29119.7 51029.7 55651.1 135801
884500 29110.3 51041.6 55773.2 135925
885000 29123.7 51020.1 55839.1 135983
885500 29134 51020.1 55902.4 136057
886000 29161.1 51037.6 55963.4 136162
886500 29167.7 51050.6 56028.2 136246
887000 29159.7 51061.8 56064.7 136286
887500 29142.5 51153.5 56163.3 136459
888000 29134 51232 56241.9 136608
888500 29112.3 51302.6 56341.1 136756
889000 29062.8 51341.9 56413.5 136818
889500 29042.9 51416.2 56458.8 136918
890000 29022.7 51463.7 56523 137009
890500 29012.7 51489.5 56568.6 137071
891000 28988.1 51523.9 56599.6 137112
891500 28979.1 51568.3 56617.4 137165
892000 28954.8 51596.6 56664 137215
892500 28920.4 51616.2 56711 137248
893000 28881.7 51652.2 56783.1 137317
893500 28867 51700.4 56837.4 137405
894000 28889 51724.9 56907.8 137522
894500 28910.3 51744.7 56961.8 137617
895000 28912.4 51739.4 57039.4 137691
895500 28881.3 51753.5 57102.7 137738
896000 28889 51741 57129.3 137759
896500 28894 51736.1 57181.3 137811
897000 28895.4 51698.2 57246 137840
897500 28920 51663.1 57323.7 137907
898000 28924.6 51638.7 57427.9 137991
898500 28909.3 51638.3 57528.8 138076
899000 28896.3 51639.1 57656.9 138192
899500 28891.6 51613.9 57742.8 138248
900000 28910.4 51615.4 57799.1 138325
900500 28934.5 51607.5 57861.4 138403
901000 28956.1 51562.7 57944.7 138463
901500 28981.9 51548.4 57970.8 138501
902000 29011.8 51583.1 58013.2 138608
902500 29061.5 51596.2 58074.9 138733
903000 29073.5 51603.8 58159.9 138837
903500 29062.1 51592.2 58236.7 138891
904000 29064.5 51573.6 58311 138949
904500 29083.3 51555.7 58389.3 139028
905000 29092.3 51534.9 58478.8 139106
905500 29120.9 51549.1 58534.8 139205
906000 29125.8 51580.1 58637.3 139343
906500 29109.9 51629.8 58694.8 139435
907000 29145.3 51665.3 58728 139539
907500 29184.8 51672.7 58766.1 139624
908000 29188.3 51656.7 58836.1 139681
908500 29204.6 51693.6 58887.6 139786
909000 29197.8 51757.3 58928.9 139884
909500 29184.6 51811.3 59015.3 140011
910000 29175.4 51797.5 59093.2 140066
910500 29164 51817.4 59122 140103
911000 29131.3 51847.2 59143.7 140122
911500 29125.6 51846 59142.4 140114
912000 29127.7 51872.4 59194.2 140194
912500 29113.3 51865.5 59217.6 140196
913000 29089 51860.3 59259.3 140209
913500 29045.4 51885.2 59301 140232
914000 29013.1 51872.3 59348.9 140234
914500 29002.3 51851.2 59445.8 140299
915000 29007.4 51876.4 59493.1 140377
915500 28981.4 51903.1 59506.1 140391
916000 28973.6 51924.7 59548.1 140446
916500 28987.9 51978.1 59593.7 140560
917000 29011.6 52082.5 59611.1 140705
917500 29028.7 52135 59664.8 140829
918000 29026.6 52190.5 59729.5 140947
918500 29029.2 52224 59815.5 141069
919000 29023.8 52238.3 59878.1 141140
919500 29041.9 52266.7 59946.8 141255
920000 29062 52303 59964.8 141330
920500 29090.9 52344.3 60035 141470
921000 29106.8 52391.3 60086.5 141585
921500 29158.3 52475.7 60123.6 141758
922000 29182.8 52544 60177.1 141904
922500 29210.8 52582.9 60209.6 142003
923000 29275.1 52663.5 60283.8 142222
923500 29319 52703.4 60297.1 142320
924000 29347.2 52707 60322.4 142377
924500 29358.5 52768 60403.9 142530
925000 29385.3 52829.7 60431 142646
925500 29398.3 52854.1 60458.1 142711
926000 29394.6 52883.3 60496.9 142775
926500 29412.9 52954.8 60533.3 142901
927000 29400.9 52992.6 60567.4 142961
927500 29430.6 53033.3 60611.5 143075
928000 29435.8 53078.2 60607.9 143122
928500 29422.7 53122.3 60635 143180
929000 29417.9 53177 60672.3 143267
929500 29451.6 53229.6 60713.2 143394
930000 29467.1 53266.1 60750.3 143484
930500 29464.5 53292.4 60841.8 143599
931000 29518 53330.1 60898.6 143747
931500 29546 53376.9 60959.7 143883
932000 29567.7 53420.4 61020.8 144009
932500 29566.1 53470.8 61126.5 144163
933000 29553.1 53503 61250.9 144307
933500 29556.8 53533.3 61331.5 144422
934000 29564.2 53578 61448.5 144591
934500 29576.2 53611.6 61558.6 144746
935000 29592.5 53671.8 61646.9 144911
935500 29613.5 53739.9 61729.5 145083
936000 29658.4 53788.7 61784.6 145232
936500 29687.2 53807 61859.7 145354
937000 29724.3 53892.2 61987.6 145604
937500 29777.5 53940.6 62118.2 145836
938000 29814.4 53978.9 62236.3 146030
938500 29829 54048 62346.2 146223
939000 29834.6 54055.9 62472.6 146363
939500 29847.9 54050.3 62564 146462
940000 29864.4 54022.1 62622.3 146509
940500 29850.6 54061.1 62713 146625
941000 29855.3 54069.7 62800.3 146725
941500 29858.3 54109.7 62860.7 146829
942000 29869.4 54176.8 62915.3 146961
942500 29889.9 54236.6 62958.5 147085
943000 29905.3 54299.5 63030.4 147235
943500 29945.8 54333.6 63087 147366
944000 30001.7 54397.4 63108.8 147508
944500 30048.3 54449.1 63147.4 147645
945000 30086.6 54455.9 63172.7 147715
945500 30150.4 54493.9 63216.8 147861
946000 30187.5 54529.3 63255.9 147973
946500 30203.3 54544 63319.8 148067
947000 30232.6 54517.6 63374.7 148125
947500 30254.1 54532.6 63378.8 148166
948000 30248.4 54554 63405.6 148208
948500 30216.7 54558.9 63432.6 148208
949000 30192.5 54567.6 63483.6 148244
949500 30202.2 54593.8 63520.2 148316
950000 30217.4 54582.2 63555.4 148355
950500 30265.9 54592.5 63569.5 148428
951000 30309.8 54617.2 63574.2 148501
951500 30351.2 54632.9 63590 148574
952000 30366.5 54692.6 63598.8 148658
952500 30395.1 54716.9 63610.3 148722
953000 30382.5 54711 63680 148773
953500 30388.4 54762.1 63730.2 148881
954000 30383.5 54774 63761.4 148919
954500 30405.5 54839.6 63798 149043
955000 30398.2 54923.7 63853.8 149176
955500 30393.9 55015.3 63894.8 149304
956000 30397.1 55072.5 63964.4 149434
956500 30395.3 55128.7 64040.2 149564
957000 30380.5 55210.6 64097.6 149689
957500 30374 55289.4 64118.5 149782
958000 30390 55365 64132.1 149887
958500 30399.7 55511 64139.7 150050
959000 30417.3 55602.4 64162.7 150182
959500 30424 55620.7 64179.9 150225
960000 30412.8 55623.8 64219.1 150256
960500 30374.3 55692.4 64298.5 150365
961000 30372.7 55768.8 64337 150479
961500 30406.4 55838.4 64356.3 150601
962000 30398.4 55906.9 64363.5 150669
962500 30392.6 55977.2 64371.6 150741
963000 30379.6 56009 64411.1 150800
963500 30384.4 56041.2 64379.7 150805
964000 30380.1 56087.3 64382.2 150850
964500 30404.6 56081.8 64386 150872
965000 30404.1 56090.2 64406.3 150901
965500 30384.5 56091.7 64462.8 150939
966000 30392.6 56101.8 64526.6 151021
966500 30409.6 56123.8 64592.4 151126
967000 30401.2 56147.3 64632.8 151181
967500 30383.6 56213.9 64681 151279
968000 30379.7 56260.3 64738.1 151378
968500 30391.5 56299.5 64847.4 151538
969000 30387 56322.8 64917.4 151627
969500 30391.9 56303.5 64951 151646
970000 30403.6 56295.9 64972.9 151672
970500 30486.4 56292.4 64994 151773
971000 30575.2 56239.9 65057.4 151873
971500 30635.3 56248.3 65105 151989
972000 30661.4 56236.2 65120.9 152018
972500 30702.1 56187.6 65120.1 152010
973000 30744 56145.8 65075 151965
973500 30822.3 56125.2 65085.8 152033
974000 30883.5 56149.4 65084.5 152117
974500 30934.8 56136.1 65104.3 152175
975000 30968.2 56131.3 65099.8 152199
975500 31032.2 56151.2 65089.9 152273
976000 31069.1 56172.2 65101.8 152343
976500 31117.4 56170 65152.1 152439
977000 31158.6 56166.5 65194.3 152519
977500 31200 56144.2 65153.2 152497
978000 31245.1 56131.2 65183.1 152559
978500 31267.6 56105.1 65216.9 152590
979000 31320.9 56152.1 65235 152708
979500 31415.3 56202.7 65294.9 152913
980000 31476.5 56237.7 65315.9 153030
980500 31557.1 56300.1 65336.7 153194
981000 31571.7 56315.4 65394.7 153282
981500 31599.3 56317.5 65408.3 153325
982000 31622.6 56320.7 65419.4 153363
982500 31640.8 56319.5 65459.5 153420
983000 31674.3 56281.1 65496.5 153452
983500 31667.3 56234.9 65497.6 153400
984000 31628.3 56211 65515.1 153354
984500 31624.9 56197.6 65505.8 153328
985000 31626.1 56265.9 65570.2 153462
985500 31622 56311.3 65611.9 153545
986000 31605.5 56347 65691.7 153644
986500 31647.3 56382.6 65758.5 153788
987000 31662.7 56446.1 65792.3 153901
987500 31700.2 56497.4 65811.3 154009
988000 31714.4 56500.1 65906.1 154121
988500 31722.7 56542.8 66004.2 154270
989000 31709.9 56568.1 66071.3 154349
989500 31739.2 56621.8 66212.4 154573
990000 31741 56670.6 66283.8 154695
990500 31740.6 56741.8 66281.4 154764
991000 31761.7 56788.8 66304.5 154855
991500 31789.6 56854.9 66389.3 155034
992000 31799.7 56895.8 66450 155145
992500 31845.2 56903.5 66518.5 155267
993000 31855 56920.9 66571.7 155348
993500 31858.6 56938.5 66558.6 155356
994000 31886.7 56906.4 66599.2 155392
994500 31884.2 56946.3 66607.9 155438
995000 31886.6 56964.2 66629.9 155481
995500 31887.2 56982.4 66657.8 155527
996000 31850.1 57003.9 66682.1 155536
996500 31860.9 57034.4 66706.5 155602
997000 31864.5 57082.6 66734.5 155682
997500 31859.2 57107.5 66780.5 155747
998000 31871.5 57142.7 66813.1 155827
998500 31890 57169.7 66884.8 155944
999000 31856.8 57240.2 66957.5 156054
999500 31831.3 57303.4 67033.6 156168
1000000 31853.2 57334.2 67119.9 156307
1000500 31883.3 57357.7 67190.6 156432
1001000 31881.2 57370.5 67254.2 156506
1001500 31902.2 57366.2 67299.2 156568
1002000 31907.3 57409.2 67344.3 156661
1002500 31924.8 57448.6 67422.7 156796
1003000 31934.3 57458.2 67440.2 156833
1003500 31993.7 57453.6 67478.7 156926
1004000 32058 57426.6 67512.5 156997
1004500 32115.2 57436 67497 157048
1005000 32199.2 57430.8 67515.4 157145
1005500 32236.6 57411.7 67517.6 157166
1006000 32276.3 57450.2 67537.4 157264
1006500 32319 57499.7 67548.9 157368
1007000 32354.6 57525.5 67542 157422
1007500 32409.8 57585.4 67554.5 157550
1008000 32470.4 57674.9 67566.7 157712
1008500 32453.2 57720.1 67588.2 157761
1009000 32425.6 57810.7 67700.2 157936
1009500 32396.8 57924.3 67755.5 158077
1010000 32356 57964.4 67840.7 158161
1010500 32301.3 58037.8 67967.3 158306
1011000 32299.5 58126.8 68060.5 158487
1011500 32308.2 58215.5 68144.9 158669
1012000 32315.1 58253.4 68230.7 158799
1012500 32335 58309.7 68306.2 158951
1013000 32385.3 58327.8 68382.7 159096
1013500 32422.3 58383.3 68454.2 159260
1014000 32479.8 58405.7 68554.7 159440
1014500 32517.7 58419 68662.6 159599
1015000 32571.7 58455 68706.4 159733
1015500 32615.3 58492.1 68743.6 159851
1016000 32633.3 58529.2 68727.6 159890
1016500 32654.9 58567.5 68744 159966
1017000 32714.9 58612.8 68730.1 160058
1017500 32763.6 58616.1 68750.1 160130
1018000 32773.2 58618.3 68784 160175
1018500 32822.4 58567.9 68785.7 160176
1019000 32893.1 58553.2 68814.2 160260
1019500 32968.7 58548.6 68865 160382
1020000 33011.9 58549.4 68897.5 160459
1020500 33055.4 58516.7 68896.1 160468
1021000 33118.5 58501.2 68879.4 160499
1021500 33171.8 58468.8 68920.9 160561
1022000 33156.4 58444.6 68936.4 160537
1022500 33129.7 58471.5 68985.5 160587
1023000 33148.1 58514.3 69028.8 160691
1023500 33171.7 58578.4 69041.6 160792
1024000 33201.5 58582 69098.2 160882
1024500 33231.6 58614.9 69164.4 161011
1025000 33230.3 58686.8 69244.5 161162
1025500 33252 58733.5 69323.5 161309
1026000 33273.4 58806.3 69405.7 161485
1026500 33278 58822.5 69457.7 161558
1027000 33294.3 58875.9 69530.2 161700
1027500 33316.3 58929.8 69582 161828
1028000 33372.8 58990.7 69641.2 162005
1028500 33422.4 59033.9 69719.6 162176
1029000 33421.3 59069.5 69802.7 162294
1029500 33378.1 59134.3 69892.7 162405
1030000 33374.2 59181.5 69967.2 162523
1030500 33373.1 59284.4 70035.5 162693
1031000 33382.7 59325 70069.2 162777
1031500 33399.2 59371 70098.4 162869
1032000 33398.2 59398.9 70127.8 162925
1032500 33403.6 59449.2 70189.8 163043
1033000 33418.3 59504.4 70271.3 163194
1033500 33447.9 59554.3 70341.5 163344
1034000 33441.3 59567.3 70450.5 163459
1034500 33449.5 59612.6 70558.3 163620
1035000 33497.4 59644.8 70645.3 163788
1035500 33500.3 59675.5 70690.7 163866
1036000 33513 59689.8 70773.7 163977
1036500 33514.4 59663.5 70841.7 164020
1037000 33523 59654.4 70870 164047
1037500 33534.9 59668.6 70896.3 164100
1038000 33543.8 59648 70960.5 164152
1038500 33556.9 59619.2 71017.5 164194
1039000 33577.8 59615.1 71048.6 164241
1039500 33611.4 59588.4 71034.8 164235
1040000 33648.5 59560.9 71047.3 164257
1040500 33692.8 59550.1 71044.5 164287
1041000 33739.9 59560.7 71074.8 164375
1041500 33762.5 59528.5 71041.2 164332
1042000 33816.1 59553.7 71026.3 164396
1042500 33843.2 59604.2 70972.1 164420
1043000 33872.5 59620.4 70988 164481
1043500 33893.6 59625.2 70942.5 164461
1044000 33903 59628.4 70898.8 164430
1044500 33925.6 59685.4 70935.1 164546
1045000 33938.3 59683 70948.1 164569
1045500 33953.1 59720.6 70970.7 164644
1046000 33962.1 59744 71026.2 164732
1046500 33981 59745 71066.5 164793
1047000 33998.5 59787 71090.3 164876
1047500 34033.3 59817.7 71106.8 164958
1048000 34073.5 59787.5 71083.7 164945
1048500 34116.5 59788.1 71043.8 164948
1049000 34151.9 59768.9 71012.8 164934
1049500 34172.2 59749.9 71030.3 164952
1050000 34219.7 59734.9 71021.2 164976
1050500 34270.2 59738.4 71004.6 165013
1051000 34302.6 59709 70986.8 164998
1051500 34348.6 59688.3 70946.8 164984
1052000 34387 59683.6 70886.2 164957
1052500 34450.2 59685.6 70839 164975
1053000 34489.8 59744.7 70809.1 165044
1053500 34546.7 59782.9 70819.1 165149
1054000 34619.6 59857 70831.9 165309
1054500 34657.7 59938.7 70874.3 165471
1055000 34700.1 59992.7 70880.3 165573
1055500 34750.8 60058.2 70898.1 165707
1056000 34758 60095.3 70895 165748
1056500 34759 60131.4 70951.3 165842
1057000 34765.4 60170.5 70992.2 165928
1057500 34759.3 60179.8 71055.3 165994
1058000 34743.9 60184.7 71049.8 165978
1058500 34759.7 60199.7 71059.9 166019
1059000 34780.9 60255.1 71110 166146
1059500 34808.2 60316.5 71114.7 166239
1060000 34846.3 60363.3 71062.2 166272
1060500 34872.6 60381.2 71053.7 166307
1061000 34897.1 60411.6 71045.2 166354
1061500 34893.6 60442.6 71075.7 166412
1062000 34911.8 60464.4 71093.7 166470
1062500 34944 60455.2 71126.4 166526
1063000 34959.2 60464.3 71156.2 166580
1063500 34998.2 60478.5 71195.2 166672
1064000 35034.8 60533.7 71158.7 166727
1064500 35051.3 60605.3 71086.8 166743
1065000 35074.4 60725.6 71036.6 166837
1065500 35109.6 60813.3 71037.1 166960
1066000 35142.5 60872 71035 167049
1066500 35145.8 60935 71037.7 167119
1067000 35172.7 61008.2 71086.2 167267
1067500 35170.8 61043.8 71078.2 167293
1068000 35189.2 61079.4 71062.2 167331
1068500 35205.5 61111.9 71050.1 167367
1069000 35220.6 61116.6 71054.6 167392
1069500 35250.1 61124.1 71083.5 167458
1070000 35292.7 61130.6 71109.9 167533
1070500 35320.9 61169.8 71145.6 167636
1071000 35357.9 61146.7 71161.7 167666
1071500 35369.1 61177.2 71175.2 167721
1072000 35375.9 61180.8 71235 167792
1072500 35386.3 61206.2 71269.4 167862
1073000 35416.6 61253.6 71299.7 167970
1073500 35442.4 61304.2 71316 168063
1074000 35456.1 61355.8 71366.7 168179
1074500 35466.1 61386.3 71357.4 168210
1075000 35472.2 61469.1 71313.8 168255
1075500 35464.3 61531.9 71292 168288
1076000 35474.4 61572.3 71301.4 168348
1076500 35494.8 61643.8 71261.6 168400
1077000 35493.6 61693 71204 168391
1077500 35453.1 61736.1 71200.5 168390
1078000 35453.5 61775.1 71190.8 168419
1078500 35446.6 61804.1 71154.4 168405
1079000 35450.4 61821 71137 168408
1079500 35474.2 61833.7 71122.8 168431
1080000 35517.9 61878.3 71102.9 168499
1080500 35539.1 61934.8 71077.4 168551
1081000 35581.5 61962.1 71054.9 168598
1081500 35613 61980.8 71061.4 168655
1082000 35610.1 62030.4 71069.6 168710
1082500 35631 62063.9 71046.2 168741
1083000 35648.2 62105.6 71035.1 168789
1083500 35636.4 62183.3 71025.9 168846
1084000 35616.4 62241.1 71032.9 168890
1084500 35597.8 62266.3 71065.6 168930
1085000 35622.1 62314 71110.7 169047
1085500 35621.6 62363.4 71124.8 169110
1086000 35600.5 62389.6 71171.9 169162
1086500 35564.3 62434.1 71230.2 169229
1087000 35560 62451.6 71326.8 169338
1087500 35561.3 62481.1 71379.3 169422
1088000 35564.7 62523.3 71393.9 169482
1088500 35563.5 62565.4 71413.2 169542
1089000 35567.3 62628.5 71411.1 169607
1089500 35574.5 62687.4 71467.5 169729
1090000 35594.7 62763.1 71509.3 169867
1090500 35568.1 62830.7 71514.9 169914
1091000 35575.9 62858 71574.2 170008
1091500 35600.6 62906.1 71582.9 170090
1092000 35609.3 62945.1 71571.1 170125
1092500 35611.9 62938.4 71559.1 170109
1093000 35607.7 62958.7 71525.5 170092
1093500 35640.6 63001.2 71508.3 170150
1094000 35654.1 63059.2 71511.8 170225
1094500 35659.3 63136.1 71469.6 170265
1095000 35690.6 63194.1 71395.7 170280
1095500 35698.3 63216.3 71429.2 170344
1096000 35708.9 63252.3 71460.1 170421
1096500 35757.1 63256.5 71487.9 170501
1097000 35796.6 63221.8 71508.7 170527
1097500 35825.8 63220.9 71546.6 170593
1098000 35838.5 63231 71524.8 170594
1098500 35853.6 63304.4 71477.5 170636
1099000 35883 63328.4 71521.1 170733
1099500 35929.2 63336.5 71520.8 170786
1100000 35947.8 63362.9 71555.3 170866
1100500 35976.9 63373.8 71591.6 170942
1101000 36044.4 63387.9 71604.3 171037
1101500 36077 63428.7 71708.2 171214
1102000 36090.9 63427.1 71807.5 171326
1102500 36156.6 63426.4 71849.9 171433
1103000 36215.3 63428.5 71905.9 171550
1103500 36289.3 63464.2 71981.7 171735
1104000 36342.6 63486.4 72048.9 171878
1104500 36372.8 63560.8 72128.1 172062
1105000 36416 63617.2 72200.9 172234
1105500 36475.3 63646 72271.2 172392
1106000 36509.6 63687.3 72310 172507
1106500 36562.7 63701.4 72322.8 172587
1107000 36606.3 63731.9 72328.4 172667
1107500 36589.3 63761.5 72334.1 172685
1108000 36597.3 63834.9 72362.8 172795
1108500 36604.9 63944.8 72353.6 172903
1109000 36624 64036.7 72319.2 172980
1109500 36644 64132.1 72315 173091
1110000 36658.7 64157.6 72355.9 173172
1110500 36662.4 64182.7 72390.4 173236
1111000 36664.9 64209.1 72414.3 173288
1111500 36685.5 64221.2 72516.5 173423
1112000 36693.2 64302.7 72646.9 173643
1112500 36703.8 64358.3 72763.8 173826
1113000 36731.9 64380.9 72856.4 173969
1113500 36769.4 64344.5 72941 174055
1114000 36793.3 64378.6 72997.9 174170
1114500 36844.4 64415.4 73104.4 174364
1115000 36823.7 64462.9 73190.2 174477
1115500 36822.1 64463.4 73237.2 174523
1116000 36813.1 64457.2 73252.5 174523
1116500 36793.4 64449.4 73290 174533
1117000 36787.4 64456.7 73352.2 174596
1117500 36809.2 64438.6 73452.4 174700
1118000 36831.2 64450.8 73487.5 174769
1118500 36834.8 64509.3 73509.4 174853
1119000 36795.7 64535.5 73586.3 174918
1119500 36776 64491.1 73633.4 174901
1120000 36763.6 64484.7 73686.2 174935
1120500 36790.8 64479 73726.3 174996
1121000 36752.5 64463 73770.9 174986
1121500 36736.4 64489.8 73826.6 175053
1122000 36746.8 64483.6 73888.7 175119
1122500 36755.3 64481 73944.7 175181
1123000 36736.9 64503.7 73980.9 175222
1123500 36749.3 64547.4 74015.2 175312
1124000 36756.2 64588.5 74076.9 175422
1124500 36768.7 64650 74135.5 175554
1125000 36792.2 64699.1 74175.6 175667
1125500 36803.2 64700.8 74250.4 175754
1126000 36829.3 64714 74334.5 175878
1126500 36818.2 64720.9 74382.6 175922
1127000 36850.6 64750.5 74417.3 176018
1127500 36866.9 64771.8 74470.1 176109
1128000 36878.1 64772.8 74455.7 176107
1128500 36868.1 64765.9 74470.1 176104
1129000 36907.5 64792.6 74515.9 176216
1129500 36942.1 64803.3 74577.9 176323
1130000 36976.6 64863.6 74626.3 176466
1130500 36999.3 64932.4 74651.7 176583
1131000 37007.6 64989.1 74681.2 176678
1131500 36988.1 65044.7 74654.6 176687
1132000 36954.8 65081.7 74640.8 176677
1132500 36960 65080.9 74641.9 176683
1133000 36937.4 65074 74648.9 176660
1133500 36926.2 65091.1 74616.2 176633
1134000 36954.7 65123.7 74605 176683
1134500 36982.4 65162.6 74615.8 176761
1135000 36997.9 65198.4 74665.3 176862
1135500 37026.7 65192.2 74705.6 176924
1136000 37022.5 65210.7 74717.8 176951
1136500 37043.6 65227.6 74751.3 177023
1137000 37071.7 65294.9 74812.5 177179
1137500 37108.5 65313.8 74876 177298
1138000 37136.3 65341.5 74904.6 177382
1138500 37170.4 65352.9 74930 177453
1139000 37158.8 65416.3 74974.9 177550
1139500 37142.6 65476.6 75031.1 177650
1140000 37139.6 65518.5 75077.4 177736
1140500 37129.9 65560.4 75113.8 177804
1141000 37149.4 65560.9 75096 177806
1141500 37190.9 65580.4 75117.4 177889
1142000 37217.5 65626.2 75145.9 177990
1142500 37251.7 65653.3 75186.5 178092
1143000 37272.7 65683.7 75256.9 178213
1143500 37307.4 65675.8 75286.1 178269
1144000 37341.2 65707.6 75321.4 178370
1144500 37374.8 65786.3 75422.5 178584
1145000 37419.3 65824.6 75505.7 178750
1145500 37455.9 65861 75560.5 178877
1146000 37497.7 65857.8 75629.1 178985
1146500 37570 65875.3 75658.2 179103
1147000 37632 65856 75680.8 179169
1147500 37678.6 65860.1 75715 179254
1148000 37712 65863.7 75769.5 179345
1148500 37748.3 65890.8 75791.4 179430
1149000 37764.2 65912.6 75833.7 179511
1149500 37785.7 65892 75875.4 179553
1150000 37777.7 65914 75902.5 179594
1150500 37779.6 65932.5 75975.8 179688
1151000 37793.9 65927.1 76028.2 179749
1151500 37828.9 65917 76022 179768
1152000 37853.9 65919.3 76018 179791
1152500 37840.1 65963.5 76013.7 179817
1153000 37813.7 65983.5 76019.7 179817
1153500 37820.5 65951.2 76021.5 179793
1154000 37842.1 65985.3 76060.4 179888
1154500 37799.1 66034.2 76079.7 179913
1155000 37828.4 66075.9 76111.9 180016
1155500 37843 66200.4 76136.4 180180
1156000 37859.5 66323.2 76177.5 180360
1156500 37879.7 66370.9 76220.6 180471
1157000 37906.8 66431.2 76217.7 180556
1157500 37905 66493.1 76209.7 180608
1158000 37914.4 66571 76272 180757
1158500 37908 66606.7 76277.6 180792
1159000 37886.3 66632 76323.3 180842
1159500 37907.2 66667.4 76365.1 180940
1160000 37921.7 66693.5 76357.7 180973
1160500 37923.8 66699.7 76405.4 181029
1161000 37906.2 66673.1 76403.6 180983
1161500 37932.9 66658.2 76363.3 180954
1162000 37916 66611 76353.2 180880
1162500 37905.9 66597.4 76296.5 180800
1163000 37886.9 66600.6 76266 180753
1163500 37881.6 66615.8 76270.5 180768
1164000 37895.1 66629.1 76225.9 180750
1164500 37865.3 66582.2 76205.9 180653
1165000 37832.5 66601.6 76173.7 180608
1165500 37817.1 66615.1 76155.4 180588
1166000 37780 66593.7 76167 180541
1166500 37756.1 66579.8 76163.3 180499
1167000 37746.7 66638.5 76217.6 180603
1167500 37730.8 66706.7 76275.1 180713
1168000 37732.4 66684.8 76323.3 180740
1168500 37749.3 66728 76380.1 180857
1169000 37734.8 66830.4 76434.7 181000
1169500 37737.4 66860.3 76476 181074
1170000 37736.6 66883.4 76500 181120
1170500 37726.5 66905.9 76518 181150
1171000 37719.6 66896 76499.6 181115
1171500 37703.1 66909.7 76473.6 181086
1172000 37720.2 66943.3 76444.8 181108
1172500 37739.4 66944.7 76504.5 181189
1173000 37750.4 66949 76486.7 181186
1173500 37719.5 66982.6 76484.6 181187
1174000 37664.3 67032.8 76528.6 181226
1174500 37624.2 67088.9 76507.3 181220
1175000 37610.3 67123.7 76515.2 181249
1175500 37618.6 67122.2 76522.2 181263
1176000 37609.4 67105.3 76594.5 181309
1176500 37587.7 67131.4 76671 181390
1177000 37583.6 67145.2 76719 181448
1177500 37578 67122.8 76765.9 181467
1178000 37567.3 67139.3 76825 181532
1178500 37534.7 67163.1 76846.5 181544
1179000 37484.7 67215.7 76880.1 181581
1179500 37518.9 67231.3 76898 181648
1180000 37515.1 67264.7 76964.6 181744
1180500 37526.2 67291.9 77046.7 181865
1181000 37550.6 67354.1 77040.6 181945
1181500 37573 67432.8 77042.3 182048
1182000 37587.7 67466.2 77054.8 182109
1182500 37606.7 67485.7 77092.3 182185
1183000 37627.1 67495.6 77122.4 182245
1183500 37624.8 67472.2 77188.1 182285
1184000 37606.5 67460.1 77212.4 182279
1184500 37608.2 67452.8 77195.8 182257
1185000 37574.9 67480.1 77160.1 182215
1185500 37543.6 67491.2 77134.8 182170
1186000 37554.5 67537.1 77152.8 182244
1186500 37598.1 67571.6 77168.3 182338
1187000 37637.2 67586 77266.5 182490
1187500 37684.4 67578.8 77283 182546
1188000 37715.5 67614.2 77305.4 182635
1188500 37731.4 67673.3 77385 182790
1189000 37754.8 67716 77429.5 182900
1189500 37745.6 67742.6 77475.1 182963
1190000 37756.6 67738.4 77586.5 183081
1190500 37777.2 67720.1 77680.8 183178
1191000 37788.5 67709.2 77788.3 183286
1191500 37817.1 67692 77864.6 183374
1192000 37887.5 67626.2 77901.8 183415
1192500 37950.7 67577 77941.7 183469
1193000 37990.1 67531.3 78024.9 183546
1193500 38031.8 67458.2 78038.9 183529
1194000 38102.7 67389.4 78096.4 183588
1194500 38098.1 67355.3 78147.4 183601
1195000 38115.7 67369.5 78188 183673
1195500 38138.2 67373.4 78260.8 183772
1196000 38152 67411.6 78264.2 183828
1196500 38129.5 67428.5 78222.4 183780
1197000 38113.8 67438 78237.4 183789
1197500 38102.5 67437.4 78286.2 183826
1198000 38110.8 67441.7 78308.9 183861
1198500 38142.5 67362.2 78331.9 183837
1199000 38176.7 67310.1 78377.8 183865
1199500 38220.1 67290.7 78394.6 183905
1200000 38272.8 67305.3 78409 183987
1200500 38292.8 67326.6 78476.8 184096
1201000 38300.7 67355.7 78522.7 184179
1201500 38318.8 67360.6 78580.5 184260
1202000 38316.8 67355.3 78620.6 184293
1202500 38324.7 67315.1 78643.2 184283
1203000 38374.3 67311.5 78698.7 184384
1203500 38401.3 67293.4 78732.2 184427
1204000 38393 67310.2 78743.1 184446
1204500 38413.6 67309.2 78759.9 184483
1205000 38432.3 67336.7 78894 184663
1205500 38465.4 67393.5 79018.5 184877
1206000 38523 67439.9 79072.3 185035
1206500 38591.5 67487.5 79140.5 185219
1207000 38620.7 67515.6 79193.8 185330
1207500 38643.4 67535.5 79289.1 185468
1208000 38661 67532.5 79381.8 185575
1208500 38661.8 67521.3 79448 185631
1209000 38664.5 67559.1 79474.9 185699
1209500 38638 67569.6 79549.5 185757
1210000 38633.5 67603.2 79621 185858
1210500 38614 67605.6 79644.2 185864
1211000 38593.4 67642.8 79702.9 185939
1211500 38610.6 67680.7 79714.6 186006
1212000 38628.8 67671.9 79745.9 186047
1212500 38640.9 67723.2 79763.9 186128
1213000 38655.9 67722.8 79771.5 186150
1213500 38671.7 67716.1 79833.3 186221
1214000 38722 67707.4 79865.4 186295
1214500 38758.3 67759.6 79897.5 186415
1215000 38773.3 67799.3 79919.8 186492
1215500 38806.6 67860.4 79875.7 186543
1216000 38868.2 67913.2 79814.3 186596
1216500 38888.2 67940.5 79800.4 186629
1217000 38932.6 67962.7 79781.9 186677
1217500 38999.4 67935.3 79771.3 186706
1218000 39063.1 67972.5 79784.7 186820
1218500 39155.7 68040 79764.8 186960
1219000 39205.5 68085.3 79701 186992
1219500 39263.7 68154.7 79674 187092
1220000 39292.4 68218.3 79648.9 187160
1220500 39349.9 68278.1 79581.5 187209
1221000 39386.4 68319.9 79572.4 187279
1221500 39417.7 68363.7 79534.3 187316
1222000 39430.2 68356.8 79502.7 187290
1222500 39428.9 68362.4 79465.7 187257
1223000 39419.4 68325.2 79496.6 187241
1223500 39402.4 68328.1 79505 187235
1224000 39412.4 68349.4 79569.6 187331
1224500 39394.1 68388.4 79578.6 187361
1225000 39409 68415.3 79590.7 187415
1225500 39445.7 68447.9 79571.6 187465
1226000 39451.7 68485.4 79641.2 187578
1226500 39451 68528 79709.7 187689
1227000 39439.8 68559.6 79697.3 187697
1227500 39467.1 68616.8 79695.2 187779
1228000 39490.8 68674 79710.5 187875
1228500 39515.9 68710.9 79761.8 187989
1229000 39511.7 68693.4 79782.5 187988
1229500 39544.4 68703.3 79845.4 188093
1230000 39563.1 68735 79918.4 188216
1230500 39529.7 68755.2 80000.2 188285
1231000 39544.1 68771.4 80103.7 188419
1231500 39597.7 68819.1 80172.5 188589
1232000 39648.5 68850 80158.2 188657
1232500 39701.8 68867.2 80198.6 188768
1233000 39730.1 68878.1 80220.6 188829
1233500 39738.6 68933.2 80191.4 188863
1234000 39745.2 68934.2 80126.2 188806
1234500 39760.6 68927.8 80072.8 188761
1235000 39759.6 68917.1 80040.4 188717
1235500 39760.7 68955.1 80016 188732
1236000 39776.7 69057.7 79957.2 188792
1236500 39780 69146.5 79914.6 188841
1237000 39798.6 69199.1 79951.3 188949
1237500 39792.5 69222.6 80011.5 189027
1238000 39766.7 69256 80029.2 189052
1238500 39801.2 69345.2 79986.3 189133
1239000 39805 69430.8 79958.6 189194
1239500 39815.1 69525.3 79970.2 189311
1240000 39803.4 69576.7 79951.7 189332
1240500 39824.5 69616.8 79929.9 189371
1241000 39862.8 69648.7 79943.8 189455
1241500 39907.9 69698.4 79934 189540
1242000 39948.9 69757.8 79914.2 189621
1242500 39959.9 69758.2 79820.8 189539
1243000 39983.2 69797.2 79799.4 189580
1243500 40016.5 69816.7 79822.9 189656
1244000 40052.6 69883.1 79896 189832
1244500 40066.7 69860.8 79970.8 189898
1245000 40111.3 69886.6 79997.2 189995
1245500 40148.4 69881.5 79989.4 190019
1246000 40194.4 69919.5 79974.9 190089
1246500 40200.4 69922.7 79976 190099
1247000 40234.2 69905.6 79967.4 190107
1247500 40268.1 69874.7 79946.5 190089
1248000 40278.7 69857.2 79939 190075
1248500 40279.5 69882.7 80024.9 190187
1249000 40248.9 69948.8 80128.3 190326
1249500 40265.1 69996.1 80190.5 190452
1250000 40263.3 70064.3 80277.3 190605
1250500 40258.9 70106.4 80374.3 190740
1251000 40273.6 70152.5 80427.9 190854
1251500 40293.7 70132.1 80486.8 190913
1252000 40284.4 70169.1 80539.7 190993
1252500 40303.4 70238.9 80600.2 191143
1253000 40315 70295.8 80607.1 191218
1253500 40358.3 70346.5 80640.3 191345
1254000 40390.2 70433.5 80655.8 191480
1254500 40415.7 70522.8 80664.7 191603
1255000 40423.2 70579.6 80726.3 191729
1255500 40431.3 70705.2 80792.8 191929
1256000 40446.5 70766.2 80813.5 192026
1256500 40492.4 70754.3 80784.7 192031
1257000 40509.5 70762.6 80814.9 192087
1257500 40584.4 70762.5 80839 192186
1258000 40671 70716.1 80881.8 192269
1258500 40748.1 70707.7 80900.9 192357
1259000 40807.2 70705.5 80955.4 192468
1259500 40830.6 70693.8 80969.7 192494
1260000 40870.2 70652.6 81027.7 192551
1260500 40940.6 70639.4 81091.6 192672
1261000 41003.6 70652.6 81165.5 192822
1261500 41026.1 70659.1 81248.2 192933
1262000 41047.2 70647.5 81274.1 192969
1262500 41030.3 70700.4 81271.6 193002
1263000 41065.1 70728.1 81299.4 193093
1263500 41073.7 70744.8 81327.3 193146
1264000 41125.6 70777.1 81394.5 193297
1264500 41150.8 70797.7 81501.2 193450
1265000 41171.4 70805.3 81557.9 193535
1265500 41155 70883.9 81587.2 193626
1266000 41184 70948.6 81600.8 193733
1266500 41210.2 70943 81660.1 193813
1267000 41213.6 71014.1 81746.1 193974
1267500 41224.4 71089.5 81819.6 194133
1268000 41278.3 71093.6 81861.9 194234
1268500 41281.1 71188.1 81897.7 194367
1269000 41298.6 71301.4 81961.3 194561
1269500 41315.3 71358.6 82069 194743
1270000 41319.4 71393.3 82127 194840
1270500 41342.7 71438.3 82171 194952
1271000 41409.6 71517.8 82165.4 195093
1271500 41426 71601.8 82155.5 195183
1272000 41412.2 71644.4 82147.8 195204
1272500 41438.2 71702.1 82085.3 195226
1273000 41434.9 71743 82003.1 195181
1273500 41425.2 71806.2 81947.9 195179
1274000 41482.9 71828.5 81910.1 195222
1274500 41497.1 71860.2 81880.9 195238
1275000 41488 71847.5 81831.9 195167
1275500 41485.5 71859.6 81817.9 195163
1276000 41463.3 71910.1 81745.2 195119
1276500 41460.6 71945 81681.8 195087
1277000 41467.7 71966.3 81580.2 195014
1277500 41461.8 72009.4 81517.3 194988
1278000 41462.5 72052.7 81495.4 195011
1278500 41462 72106.4 81459.5 195028
1279000 41479.1 72143.8 81491.3 195114
1279500 41476.3 72205.3 81545.6 195227
1280000 41522.5 72242.4 81584.8 195350
1280500 41529.8 72252.8 81609.5 195392
1281000 41576.6 72326.5 81618.1 195521
1281500 41593.7 72414.5 81648.9 195657
1282000 41615.5 72531.6 81628.6 195776
1282500 41660.2 72637.8 81621.3 195919
1283000 41649.5 72711.6 81664.6 196026
1283500 41641.5 72750.4 81664 196056
1284000 41682.2 72836.8 81780.3 196299
1284500 41709.6 72897.1 81810.2 196417
1285000 41770.2 72924.1 81856.2 196551
1285500 41805.4 72950.4 81881.4 196637
1286000 41834.2 72955.2 81868.2 196658
1286500 41876.3 72999.8 81846.6 196723
1287000 41931.2 73097.2 81824.1 196853
1287500 41976.6 73187.7 81867.1 197031
1288000 42012.2 73298.9 81879.6 197191
1288500 42050.8 73336.1 81927.1 197314
1289000 42093 73402.6 81916.6 197412
1289500 42119 73448.2 81874 197441
1290000 42155.8 73471.8 81900.3 197528
1290500 42193.5 73555.4 81911.1 197660
1291000 42223.2 73623.8 81882.1 197729
1291500 42239.5 73697 81915.5 197852
1292000 42292.6 73747.8 82000.2 198041
1292500 42381.2 73793.2 82054.5 198229
1293000 42401.2 73856.7 82107.1 198365
1293500 42429.3 73906.8 82134.7 198471
1294000 42459.6 73970.4 82221.7 198652
1294500 42452.5 74027.4 82274.3 198754
1295000 42476.4 74049.9 82284.3 198811
1295500 42502.9 74051.4 82356.4 198911
1296000 42502.3 74052.1 82439.4 198994
1296500 42513.2 74083.2 82451 199047
1297000 42552.2 74085.3 82489.1 199127
1297500 42603.5 74111.9 82535.9 199251
1298000 42603.6 74127.1 82578.8 199310
1298500 42629 74180.3 82609.7 199419
1299000 42663.4 74214.8 82697.3 199575
1299500 42675.2 74249.5 82765 199690
1300000 42642.4 74291.8 82830.5 199765
1300500 42663.8 74333.9 82867 199865
1301000 42679.3 74349.1 82877.6 199906
1301500 42692.5 74378.1 82892.9 199963
1302000 42692.7 74387.1 82944.2 200024
1302500 42707 74377.5 82915.7 200000
1303000 42679.5 74355.5 82879.4 199914
1303500 42652.1 74338.8 82843.4 199834
1304000 42619.3 74358 82850.3 199828
1304500 42631.8 74393 82835.9 199861
1305000 42619.6 74428.4 82813.7 199862
1305500 42601.9 74375.7 82738.8 199716
1306000 42587.8 74297.4 82596.6 199482
1306500 42592.6 74292.2 82554 199439
1307000 42596.2 74296.9 82558.8 199452
1307500 42630.7 74313.6 82557.6 199502
1308000 42672.9 74329.7 82539.4 199542
1308500 42663.2 74330.5 82498.7 199492
1309000 42683.1 74309.5 82551.1 199544
1309500 42707.7 74298.4 82629.3 199635
1310000 42708.2 74332.5 82652.9 199694
1310500 42708.7 74316.8 82701.2 199727
1311000 42756.7 74317.9 82776.3 199851
1311500 42772 74324.8 82841.7 199939
1312000 42766.3 74323.2 82878.1 199968
1312500 42774 74268.4 82941.7 199984
1313000 42798.2 74272.6 82963.7 200035
1313500 42837.3 74305.7 82973.9 200117
1314000 42874.8 74280.1 82999.7 200155
1314500 42936 74315.4 82981.1 200233
1315000 42956.5 74319.2 83059 200335
1315500 42969.4 74391.3 83144.6 200505
1316000 43018.3 74472.2 83161.2 200652
1316500 43051.3 74514.2 83183 200748
1317000 43089.4 74555.4 83229 200874
1317500 43141.2 74610.3 83270.2 201022
1318000 43180.1 74679.5 83313.7 201173
1318500 43215.9 74733.1 83344.8 201294
1319000 43222.6 74794.2 83364.1 201381
1319500 43226.8 74845.9 83361.3 201434
1320000 43212.5 74888 83380 201481
1320500 43231.4 74950.1 83385.6 201567
1321000 43265.9 74976.6 83370.1 201613
1321500 43319.2 75074.6 83352.4 201746
1322000 43399.2 75193 83357.7 201950
1322500 43488.6 75225.6 83391.5 202106
1323000 43552.2 75238 83386.7 202177
1323500 43579.8 75269.4 83319.3 202168
1324000 43573.9 75313.3 83287.4 202175
1324500 43568.4 75351.8 83203.2 202123
1325000 43549 75379.6 83104.3 202033
1325500 43542 75415.3 83050.7 202008
1326000 43489.5 75454.2 83007.9 201952
1326500 43457.5 75521.6 82991.2 201970
1327000 43458.3 75599.9 82938.1 201996
1327500 43463.1 75662.8 82900.4 202026
1328000 43486.8 75690.8 82886.6 202064
1328500 43547.8 75719.3 82898.2 202165
1329000 43578.4 75774.5 82960.4 202313
1329500 43634.8 75831.1 83025.9 202492
1330000 43680.3 75925.8 83086.1 202692
1330500 43699 76007.5 83110.3 202817
1331000 43694.1 76056.6 83112.8 202864
1331500 43674 76097.6 83195.1 202967
1332000 43681 76067.2 83287.1 203035
1332500 43707.9 76093 83343.2 203144
1333000 43709.4 76125.9 83346.5 203182
1333500 43753.5 76185.5 83401.7 203341
1334000 43797.9 76225.4 83493.1 203516
1334500 43842.6 76217.1 83512.3 203572
1335000 43918.7 76222 83508.6 203649
1335500 43971.9 76273.2 83528.9 203774
1336000 44045.3 76327.2 83555.5 203928
1336500 44060.4 76368.6 83587 204016
1337000 44059.2 76453.4 83633.5 204146
1337500 44107.7 76525 83652.4 204285
1338000 44146.2 76571.8 83674.6 204393
1338500 44197.8 76635.5 83709 204542
1339000 44227.9 76722.9 83772.1 204723
1339500 44317.5 76846.7 83823.1 204987
1340000 44397.1 76949 83848.4 205195
1340500 44405.3 77027.5 83876.7 205310
1341000 44409.8 77064.3 83920.3 205394
1341500 44412.2 77103.7 83943.5 205459
1342000 44454.4 77178.2 84009.8 205642
1342500 44511.1 77268.1 84065.8 205845
1343000 44551.4 77354.4 84079.1 205985
1343500 44577.4 77413.9 84138.6 206130
1344000 44631.8 77473.6 84141.4 206247
1344500 44716.8 77542.8 84179 206439
1345000 44775 77542.2 84237.7 206555
1345500 44826.4 77543.5 84292.3 206662
1346000 44848.6 77559 84314.4 206722
1346500 44888.9 77546.6 84356.9 206792
1347000 44929.2 77587.5 84448.7 206965
1347500 44941.9 77637.3 84527.6 207107
1348000 44928.5 77695.5 84568.1 207192
1348500 44945.8 77716.8 84605 207268
1349000 44976.9 77764.8 84667.6 207409
1349500 44990.6 77848.1 84702.2 207541
1350000 44989.9 77900.2 84748.3 207638
1350500 45020.4 77958.5 84754.8 207734
1351000 45026.3 78048.3 84751.3 207826
1351500 45026.7 78106.6 84797.3 207931
1352000 44984.8 78180 84848 208013
1352500 44989.7 78209.4 84881.4 208080
1353000 45015.2 78144.6 84928.6 208088
1353500 45064.4 78108.2 84963.5 208136
1354000 45114.8 78075.1 84990.6 208181
1354500 45147 78030.1 85042.4 208220
1355000 45192 77973.3 85114.4 208280
1355500 45205.8 77945.2 85185.6 208337
1356000 45221.9 77961.6 85238.2 208422
1356500 45293.4 78023.2 85251 208568
1357000 45297.4 78040 85260.3 208598
1357500 45300.9 78073.5 85272.1 208647
1358000 45307.1 78109 85311.7 208728
1358500 45303.9 78161.3 85400.2 208865
1359000 45266 78246.7 85470.3 208983
1359500 45232.8 78287.7 85548.9 209069
1360000 45233.2 78360.1 85610 209203
1360500 45244.4 78440.4 85644.8 209330
1361000 45261.6 78531 85660.2 209453
1361500 45277 78595.4 85694.7 209567
1362000 45298.7 78632.4 85708.4 209639
1362500 45317 78704.9 85705.4 209727
1363000 45338.2 78753 85736 209827
1363500 45376.4 78796.6 85772.6 209946
1364000 45375 78802 85765.8 209943
1364500 45395.3 78811.3 85769.3 209976
1365000 45405.6 78864 85778.9 210048
1365500 45379.1 78885.5 85777 210042
1366000 45394.9 78891.8 85738.6 210025
1366500 45395.3 78906.3 85773.4 210075
1367000 45383.9 78988.2 85808.1 210180
1367500 45408.4 79076.2 85797.2 210282
1368000 45437.1 79158.6 85824.3 210420
1368500 45447.4 79207.8 85829.5 210485
1369000 45401 79282 85829.8 210513
1369500 45411.6 79307.4 85767.6 210487
1370000 45431.7 79317.7 85738.8 210488
1370500 45418.9 79315.5 85703.4 210438
1371000 45428.5 79311.7 85639.7 210380
1371500 45379.1 79289.3 85602.6 210271
1372000 45353.5 79202.4 85593.1 210149
1372500 45318.2 79180 85614.5 210113
1373000 45263.8 79167.8 85621.9 210053
1373500 45206.2 79192 85614.4 210013
1374000 45134.5 79200.8 85613.9 209949
1374500 45109.5 79202.2 85641.5 209953
1375000 45101.1 79206 85678.3 209985
1375500 45115.7 79231.4 85696.1 210043
1376000 45128.2 79325.1 85675.3 210129
1376500 45169 79353.9 85675.4 210198
1377000 45217.3 79429.3 85700.7 210347
1377500 45224.7 79570 85713.4 210508
1378000 45235.5 79690.3 85691.7 210617
1378500 45244.7 79790.5 85692.9 210728
1379000 45243.4 79811.1 85715.4 210770
1379500 45232.7 79843.5 85717.9 210794
1380000 45216.2 79864.4 85755.9 210836
1380500 45205.4 79888.3 85717.3 210811
1381000 45211.3 79923.4 85713.3 210848
1381500 45200.8 79941.4 85757.8 210900
1382000 45201.1 79967.8 85814.2 210983
1382500 45203 80034 85835.1 211072
1383000 45225.2 80084.5 85868.2 211178
1383500 45225.9 80125.8 85900.6 211252
1384000 45222.3 80201.4 85921.5 211345
1384500 45206.3 80283.3 85942.9 211433
1385000 45169.8 80338.9 85991.4 211500
1385500 45148.8 80342.3 86016.8 211508
1386000 45203.6 80329 86033 211566
1386500 45218.1 80322.9 86069.3 211610
1387000 45255.3 80352.4 86116.6 211724
1387500 45301.4 80409.4 86139 211850
1388000 45350.4 80416.7 86140.7 211908
1388500 45393.1 80419.4 86189.7 212002
1389000 45435.5 80433.4 86266.4 212135
1389500 45462.2 80515.7 86342.9 212321
1390000 45523.5 80594.1 86396.1 212514
1390500 45534.8 80638.3 86416.6 212590
1391000 45551.5 80663.5 86422.1 212637
1391500 45548.8 80674.9 86433.5 212657
1392000 45514.7 80695.9 86473.1 212684
1392500 45450.3 80703.4 86479.5 212633
1393000 45443.4 80758.4 86536 212738
1393500 45493.6 80774.7 86612.3 212881
1394000 45538.9 80815.4 86666.6 213021
1394500 45551.5 80847 86740.4 213139
1395000 45567.3 80860.2 86813.2 213241
1395500 45597.6 80908.3 86867.2 213373
1396000 45620.2 80956.2 86883 213459
1396500 45628 81017.9 86914.2 213560
1397000 45656.9 81099.8 86946.6 213703
1397500 45703.3 81150.1 86915.9 213769
1398000 45722.5 81156.1 86976.7 213855
1398500 45776.7 81194.5 87059.7 214031
1399000 45773.4 81250.3 87099.9 214124
1399500 45743.5 81266.9 87151.8 214162
1400000 45737 81319.2 87192.4 214249
1400500 45794.1 81369.7 87258.5 214422
1401000 45834.1 81482.6 87318.8 214636
1401500 45870.4 81527 87385.7 214783
1402000 45901.1 81607.7 87411.2 214920
1402500 45913.3 81707 87456.8 215077
1403000 45961.6 81739 87511.9 215212
1403500 45994.4 81764.4 87565.1 215324
1404000 46007.3 81790.5 87624.3 215422
1404500 46021.8 81907.1 87661.9 215591
1405000 46027.5 81954.6 87772.9 215755
1405500 46042.3 82001.3 87825.4 215869
1406000 46064 82031.8 87828.9 215925
1406500 46127.3 82123.5 87863.7 216114
1407000 46204.3 82194 87968.2 216366
1407500 46251.5 82256.5 88106.3 216614
1408000 46266.7 82295.2 88272.8 216835
1408500 46286.2 82335.2 88361.8 216983
1409000 46309.9 82446.4 88498.9 217255
1409500 46297 82578.1 88637.8 217513
1410000 46341.2 82649.9 88751.1 217742
1410500 46356.8 82671.6 88827.5 217856
1411000 46381.4 82705.7 88930.1 218017
1411500 46442.8 82738.9 89006.4 218188
1412000 46487.5 82746.9 89058.9 218293
1412500 46538.3 82801 89092.6 218432
1413000 46550.3 82853.9 89072.7 218477
1413500 46590.3 82911.6 89056.2 218558
1414000 46606.2 82912.7 89000.2 218519
1414500 46638.3 82931.5 88986.8 218557
1415000 46697.5 82883.8 88982.7 218564
1415500 46735.8 82836.6 89007.9 218580
1416000 46752.5 82770 89010.5 218533
1416500 46793.5 82751.8 89000.5 218546
1417000 46846 82724.9 89012.6 218583
1417500 46855.8 82733.4 89031.6 218621
1418000 46858.7 82761.2 89149.4 218769
1418500 46870.7 82825.2 89234.8 218931
1419000 46869.5 82898.4 89313.3 219081
1419500 46853.8 82940.6 89406.2 219201
1420000 46822 82933.4 89554.1 219310
1420500 46811.9 82983.2 89671.3 219466
1421000 46828.9 83055.8 89766.7 219651
1421500 46819.2 83145.1 89866.1 219830
1422000 46800.1 83233.2 89946.2 219980
1422500 46779.6 83281.1 90030.6 220091
1423000 46758.6 83322.9 90080 220161
1423500 46741.3 83407.5 90105.5 220254
1424000 46747.2 83471.8 90101.2 220320
1424500 46761.4 83509.7 90055 220326
1425000 46774.8 83537.9 90018.7 220331
1425500 46765.8 83555.6 90029.9 220351
1426000 46749.8 83549.9 90057.4 220357
1426500 46733.8 83592.3 90056.3 220382
1427000 46724.9 83644.5 90071.7 220441
1427500 46730.3 83655.3 90115 220501
1428000 46756.7 83716.9 90172.1 220646
1428500 46751.2 83726 90233.6 220711
1429000 46752.1 83739.3 90283.4 220775
1429500 46760.9 83716.5 90364.9 220842
1430000 46784.3 83664.3 90435.4 220884
1430500 46780.8 83654 90517.2 220952
1431000 46766.2 83702.8 90531 221000
1431500 46796.9 83707.4 90563.9 221068
1432000 46866.6 83682.5 90624.1 221173
1432500 46906 83700.6 90678.5 221285
1433000 46929.7 83717.8 90748.3 221396
1433500 46940.3 83694.8 90816.1 221451
1434000 46967.3 83682.7 90930.1 221580
1434500 46981.5 83655.4 91027.2 221664
1435000 46982.5 83658 91071.4 221712
1435500 46986.8 83690.9 91180.7 221858
1436000 47027.5 83737.4 91232.3 221997
1436500 47021.9 83734.3 91274 222030
1437000 47008.5 83785.2 91308.9 222103
1437500 47010.8 83807.9 91340.3 222159
1438000 47002.7 83868.3 91369 222240
1438500 47003.8 83896.5 91360.3 222261
1439000 47007.8 83926.6 91345.7 222280
1439500 46994.7 83905.5 91345.6 222246
1440000 47005.5 83925.8 91430.6 222362
1440500 47043 83918.1 91493.4 222455
1441000 47058.1 83922.3 91537.1 222518
1441500 47075.5 83920.2 91562.5 222558
1442000 47105.8 83937.9 91558.8 222602
1442500 47125.3 83903.6 91596.5 222625
1443000 47121.5 83905.5 91601.6 222629
1443500 47107.8 83926.7 91534.4 222569
1444000 47086.6 83978.4 91554.5 222620
1444500 47088.6 84054.9 91583 222726
1445000 47070.6 84151.5 91554.6 222777
1445500 47063.7 84222.3 91627.1 222913
1446000 47103.4 84301.9 91666.6 223072
1446500 47137.5 84411.6 91700.2 223249
1447000 47181.8 84513 91732.6 223427
1447500 47171.7 84586.3 91805.4 223563
1448000 47178.2 84665.8 91824.8 223669
1448500 47183.4 84696.8 91887.7 223768
1449000 47193.5 84780.2 91921.7 223895
1449500 47210.2 84804.7 91979.8 223995
1450000 47217 84842.9 92017 224077
1450500 47215 84884.7 92057.2 224157
1451000 47248.1 84918.3 92074.4 224241
1451500 47276.9 85006.6 92115.1 224399
1452000 47308.6 85054.1 92163.3 224526
1452500 47300.8 85086.5 92218.9 224606
1453000 47244.8 85124.3 92222.4 224592
1453500 47238.9 85174.7 92266 224680
1454000 47284.7 85240.3 92253.3 224778
1454500 47317.2 85302.3 92225.9 224845
1455000 47327.5 85366.6 92219.6 224914
1455500 47343.1 85422.3 92216.3 224982
1456000 47356.7 85523.2 92220.9 225101
1456500 47348.3 85560.6 92221.2 225130
1457000 47347.5 85619.6 92295.9 225263
1457500 47318 85657.1 92358.4 225333
1458000 47313 85726.8 92405.4 225445
1458500 47344.1 85720.4 92392.4 225457
1459000 47373.9 85651.3 92409.5 225435
1459500 47458.9 85630 92409 225498
1460000 47536.1 85589.4 92300.1 225426
1460500 47584.1 85519.9 92281.7 225386
1461000 47615.5 85490.9 92255.6 225362
1461500 47661.9 85497.7 92274.3 225434
1462000 47703.6 85486.5 92303 225493
1462500 47733.5 85443.1 92314.1 225491
1463000 47784.9 85421.7 92314.1 225521
1463500 47831.3 85458.5 92370.8 225661
1464000 47855.1 85503.6 92412.9 225772
1464500 47870.5 85535.6 92421.5 225828
1465000 47844.2 85564 92452.9 225861
1465500 47859 85636.5 92439.8 225935
1466000 47872.1 85720.9 92439.2 226032
1466500 47884.7 85783.1 92468.5 226136
1467000 47886.1 85878.3 92509.2 226274
1467500 47888.8 85970.2 92561.4 226420
1468000 47874.9 86010.1 92605.3 226490
1468500 47855.9 85993.5 92687.8 226537
1469000 47844.7 86035.8 92692.4 226573
1469500 47840.3 86066.4 92709.9 226617
1470000 47860.8 86044.1 92758.5 226663
1470500 47916.6 86004.7 92759.6 226681
1471000 47933.6 85995.4 92729.8 226659
1471500 47947.7 86029.6 92728 226705
1472000 47980 86020.2 92752.5 226753
1472500 48047.2 86028.2 92802.7 226878
1473000 48080 86078.4 92869 227027
1473500 48114 86105.6 92833.7 227053
1474000 48140.1 86154.1 92807.2 227101
1474500 48155 86196.3 92793.5 227145
1475000 48187.1 86187.1 92804 227178
1475500 48212.6 86222.8 92800.1 227235
1476000 48229.3 86261.9 92793 227284
1476500 48235.8 86330.8 92806.9 227374
1477000 48225 86351.3 92858.4 227435
1477500 48237.3 86402.4 92878 227518
1478000 48233.2 86483.7 92900.1 227617
1478500 48231.1 86500.9 92908.4 227640
1479000 48210.6 86501.5 92816.4 227528
1479500 48251.8 86504.1 92767.4 227523
1480000 48262.5 86564.5 92739.8 227567
1480500 48279.8 86573.2 92707.1 227560
1481000 48304 86569.1 92692.9 227566
1481500 48310.3 86555.9 92656 227522
1482000 48322.5 86533.3 92626.5 227482
1482500 48331.8 86517.2 92658.9 227508
1483000 48336.9 86530.9 92756.8 227625
1483500 48358 86554.9 92836.5 227749
1484000 48347.6 86581.4 92858.4 227787
1484500 48321.8 86643.4 92907.5 227873
1485000 48317.9 86679.4 92910.3 227908
1485500 48310.8 86751.8 92925.8 227988
1486000 48331.9 86817.4 92950.8 228100
1486500 48309.4 86833.2 93031.6 228174
1487000 48298.8 86873.7 93061.2 228234
1487500 48307.3 86892.7 93051.5 228252
1488000 48318 86885.9 93050 228254
1488500 48306.6 86862.5 93039.2 228208
1489000 48319.3 86899 93030.2 228249
1489500 48278 86922.6 92983.6 228184
1490000 48260.2 86916.8 92946.2 228123
1490500 48270.9 86942.4 92917.9 228131
1491000 48272.6 86987.9 92898.7 228159
1491500 48302.5 87034.2 92930.1 228267
1492000 48317.1 87062.6 92897.4 228277
1492500 48352.2 87091.3 92910.6 228354
1493000 48377.2 87085.2 92949.8 228412
1493500 48439.7 87117.4 92951.8 228509
1494000 48472.3 87125.2 92957 228554
1494500 48499.1 87169.6 92972.4 228641
1495000 48560.4 87183.7 92996 228740
1495500 48602.8 87173.6 93032.1 228808
1496000 48616.5 87138.4 93119.9 228875
1496500 48648 87095.5 93111.1 228855
1497000 48686 87134.5 93081.9 228902
1497500 48724.1 87159.1 93044.4 228928
1498000 48760.3 87165.3 93038 228964
1498500 48747.5 87230.3 93029.6 229007
1499000 48783.6 87319.9 93056.2 229160
1499500 48756.7 87316.1 93122.7 229195
1500000 48739.7 87324.7 93121.2 229186
1500500 48676.3 87292.5 93109.8 229079
1501000 48624.3 87300.4 93060.4 228985
1501500 48615.6 87300.1 93094.4 229010
1502000 48579.3 87318.5 93084.4 228982
1502500 48588.7 87310.5 93123.8 229023
1503000 48629.9 87333.3 93120.5 229084
1503500 48627.5 87355.9 93132.9 229116
1504000 48622.5 87361.9 93184.9 229169
1504500 48630 87393.9 93255 229279
1505000 48647.6 87433.7 93256 229337
1505500 48646.5 87466.6 93321.3 229434
1506000 48682.2 87465 93372.3 229520
1506500 48726.7 87468 93388.5 229583
1507000 48785.9 87516.9 93355.8 229659
1507500 48864.6 87500.2 93319.9 229685
1508000 48929.5 87503.7 93336.7 229770
1508500 48945.3 87511.3 93370.9 229827
1509000 48953.6 87568.5 93437.7 229960
1509500 48925.6 87623.7 93496.4 230046
1510000 48931.1 87642.1 93605.2 230178
1510500 48921.3 87712.5 93700.3 230334
1511000 48897.1 87758.8 93770.9 230427
1511500 48912.9 87745.6 93793.1 230452
1512000 48948.1 87749.7 93786.2 230484
1512500 48949.8 87762.9 93779.4 230492
1513000 48912.7 87790.6 93691.5 230395
1513500 48886.6 87852 93680.7 230419
1514000 48912.7 87895 93719.1 230527
1514500 48923.4 87877.5 93789.1 230590
1515000 48951.5 87869.1 93874.1 230695
1515500 48992.5 87814.4 93878.7 230686
1516000 49081.1 87772 93842.5 230696
1516500 49136.5 87750.9 93835.6 230723
1517000 49140.1 87813.9 93777.3 230731
1517500 49166.4 87797.4 93813.3 230777
1518000 49190.3 87817 93878.7 230886
1518500 49236.2 87804.9 93841.2 230882
1519000 49270.3 87880 93880.5 231031
1519500 49309.1 87903.4 93901.7 231114
1520000 49324.7 87934.9 93877.6 231137
1520500 49353 87957.6 93841.1 231152
1521000 49341.2 88005.6 93827.3 231174
1521500 49336.5 88033.6 93810.8 231181
1522000 49320.8 88089.9 93791.8 231203
1522500 49349.6 88150.3 93761.8 231262
1523000 49358.8 88179.8 93710.5 231249
1523500 49319.1 88142 93637.1 231098
1524000 49268.6 88153.1 93630.2 231052
1524500 49271.3 88203.8 93603.7 231079
1525000 49246.7 88220.2 93605.4 231072
1525500 49238.1 88227.6 93685.7 231151
1526000 49259.7 88272.1 93736.8 231269
1526500 49273.3 88289.1 93663.8 231226
1527000 49323.2 88280.9 93711.3 231315
1527500 49383.6 88313.4 93782.1 231479
1528000 49392.6 88342.8 93803.7 231539
1528500 49388.1 88333.2 93825 231546
1529000 49387 88414.5 93899.6 231701
1529500 49395.8 88478.9 93918.9 231794
1530000 49408 88444.9 93901 231754
1530500 49407.2 88449.6 94007.7 231864
1531000 49429.8 88402.4 94027.7 231860
1531500 49452.2 88387.5 94025.8 231866
1532000 49425.6 88388.3 94058.7 231873
1532500 49432.1 88382.9 94059.4 231874
1533000 49460.7 88420.4 94036.3 231917
1533500 49459.1 88409.9 94074.2 231943
1534000 49479.7 88403.9 94031.1 231915
1534500 49470.1 88394.4 94009.2 231874
1535000 49449.1 88371.5 93985.2 231806
1535500 49443.4 88411.5 93944.5 231799
1536000 49394.6 88475.8 93878.6 231749
1536500 49390.9 88452.6 93825.6 231669
1537000 49375.9 88455.1 93809.1 231640
1537500 49360.8 88483.8 93815.7 231660
1538000 49356 88480.4 93864.1 231700
1538500 49330 88450 93920 231700
1539000 49371.3 88420.1 93966.6 231758
1539500 49350.5 88478.5 94045.5 231874
1540000 49374.3 88548.1 94149.5 232072
1540500 49388.5 88534.6 94153 232076
1541000 49368.9 88548.3 94164.5 232082
1541500 49381 88591.9 94175.4 232148
1542000 49408.1 88570.7 94170.4 232149
1542500 49429.4 88591.1 94183.6 232204
1543000 49472 88606.7 94142.2 232221
1543500 49495 88712.8 94079.8 232288
1544000 49540.1 88773.6 94055.7 232369
1544500 49570.2 88798.6 94054 232423
1545000 49592.7 88834.9 94093.1 232521
1545500 49637 88879.6 94026.8 232543
1546000 49688 88895.7 93964.2 232548
1546500 49744.3 88912.6 93940.1 232597
1547000 49762.5 88903.9 93947.1 232613
1547500 49779.4 88920.3 93899.9 232600
1548000 49776.3 88971.5 93898.1 232646
1548500 49797.6 88981 93898.3 232677
1549000 49808.4 89032.7 93954.1 232795
1549500 49796.2 89074.1 94020.2 232891
1550000 49792.5 89092.2 94106.4 232991
1550500 49800.9 89112.1 94180.4 233093
1551000 49776.9 89147.2 94229.9 233154
1551500 49778.8 89211.6 94300.6 233291
1552000 49713.7 89245 94406.1 233365
1552500 49696.5 89268.1 94537 233502
1553000 49704.1 89313.9 94655 233673
1553500 49725.1 89385.6 94734.2 233845
1554000 49718.1 89489.2 94833.7 234041
1554500 49735.3 89516.9 94868.1 234120
1555000 49803.5 89500.7 94922.1 234226
1555500 49811.7 89528.2 94976.4 234316
1556000 49790.2 89549.8 94982.5 234323
1556500 49771.6 89554 95021.4 234347
1557000 49769.7 89533.7 95006.8 234310
1557500 49741.9 89555.1 95028.5 234325
1558000 49733.3 89522.9 95114.1 234370
1558500 49752.8 89508.7 95128.8 234390
1559000 49752.8 89475.4 95155.1 234383
1559500 49740.8 89446.3 95179.8 234367
1560000 49730.2 89454.6 95243.2 234428
1560500 49761.6 89477.5 95344.1 234583
1561000 49782.1 89464.8 95344.8 234592
1561500 49816.3 89500.9 95268.4 234586
1562000 49854.3 89594.8 95250.9 234700
1562500 49864.5 89610.1 95272.9 234748
1563000 49910.5 89648.4 95229.6 234788
1563500 49915.2 89660.7 95196.1 234772
1564000 49924.8 89764.7 95192.8 234882
1564500 49929.1 89798.2 95220 234947
1565000 49953.7 89872.3 95235.4 235061
1565500 49949.8 89942.1 95270.3 235162
1566000 49958.6 90035.7 95316 235310
1566500 49960.1 90088.9 95366.5 235415
1567000 49955.3 90138.3 95406.9 235500
1567500 49939.4 90208.2 95423.3 235571
1568000 49928.1 90247.1 95442.5 235618
1568500 49977.5 90325.7 95474.3 235778
1569000 50000.8 90333 95488.7 235822
1569500 50030.6 90315.4 95561.3 235907
1570000 50035.1 90395.8 95636.3 236067
1570500 50048.7 90496.6 95698.7 236244
1571000 50050.7 90548.4 95764.9 236364
1571500 50067 90631.8 95875.9 236575
1572000 50083.7 90665 95890.3 236639
1572500 50086.9 90689.6 95943.4 236720
1573000 50152.6 90755.5 95993.7 236902
1573500 50192.8 90819.3 96048.1 237060
1574000 50188.2 90923.9 96104.3 237216
1574500 50234.7 90961.3 96148.2 237344
1575000 50313.1 90991.1 96252.7 237557
1575500 50376.7 91036.2 96290.1 237703
1576000 50428.5 91051.7 96356 237836
1576500 50483.9 91115.7 96441 238041
1577000 50501.5 91197.4 96544.1 238243
1577500 50561 91274 96649.3 238484
1578000 50590.9 91304.7 96741.3 238637
1578500 50613.7 91381.2 96800 238795
1579000 50623 91397.7 96909.3 238930
1579500 50610.9 91399.7 96967.6 238978
1580000 50573.6 91415.6 97021.2 239010
1580500 50584.2 91447.4 97054.8 239086
1581000 50560.1 91490.2 97129.1 239179
1581500 50465.8 91483.3 97241.3 239190
1582000 50490.9 91509 97345.1 239345
1582500 50543.7 91569 97441 239554
1583000 50608 91596.4 97499.6 239704
1583500 50639.9 91596.5 97592.4 239829
1584000 50666.8 91611.8 97650 239929
1584500 50665.6 91665.5 97699.5 240031
1585000 50665.7 91731 97809.9 240207
1585500 50679.4 91759.9 97931.1 240370
1586000 50716.5 91774.2 97963.3 240454
1586500 50767.7 91826.4 97981.8 240576
1587000 50781.1 91836.1 98064.5 240682
1587500 50846.9 91855.1 98099.3 240801
1588000 50885.7 91852.4 98143.9 240882
1588500 50902.2 91858.7 98255.4 241016
1589000 50922.5 91898.2 98340.4 241161
1589500 50973.9 91943.1 98384.4 241301
1590000 51017 91945.3 98432.3 241395
1590500 51030.4 91981.2 98474.2 241486
1591000 51041.9 91997.4 98475.5 241515
1591500 51087 91981 98490.8 241559
1592000 51127.4 92006.2 98534.4 241668
1592500 51131.3 92083.7 98566.6 241782
1593000 51125.2 92091.9 98616.6 241834
1593500 51138.5 92071.9 98657.6 241868
1594000 51139.5 92051.7 98664 241855
1594500 51098.1 92098.9 98651.6 241849
1595000 51076.2 92106.7 98732.1 241915
1595500 51026.4 92121.8 98780.3 241928
1596000 51012.3 92163.9 98812.7 241989
1596500 50973.5 92151.7 98895.1 242020
1597000 50940.7 92138 98987.5 242066
1597500 50898.7 92115.9 99037.1 242052
1598000 50894.9 92178.1 99082.7 242156
1598500 50906.7 92220.6 99119.6 242247
1599000 50933.8 92265.1 99157.1 242356
1599500 50973.9 92282.7 99219 242476
1600000 51015.5 92306.6 99303.6 242626
1600500 51050.8 92289.7 99388.4 242729
1601000 51055.4 92304.7 99450.3 242810
1601500 51116.7 92336.7 99510.6 242964
1602000 51122.2 92354.9 99603 243080
1602500 51135.5 92353.2 99689.1 243178
1603000 51176.6 92329.4 99722.5 243229
1603500 51208.8 92345 99730.1 243284
1604000 51247.3 92368.5 99813.1 243429
1604500 51246.4 92416.6 99891.8 243555
1605000 51284 92429.4 99996.3 243710
1605500 51256.7 92505.4 100055 243817
1606000 51262.6 92572.2 100098 243933
1606500 51287 92716.9 100140 244144
1607000 51295.2 92814.7 100193 244302
1607500 51309.4 92876.6 100283 244469
1608000 51358.9 92967 100317 244643
1608500 51344.3 93034.9 100333 244713
1609000 51332.9 93132.9 100340 244806
1609500 51350.3 93176.2 100383 244909
1610000 51371.9 93216.3 100463 245051
1610500 51346.5 93269.5 100593 245209
1611000 51372.3 93345.8 100711 245429
1611500 51417.1 93420.6 100787 245625
1612000 51453.7 93532.1 100829 245815
1612500 51480.2 93556.4 100881 245918
1613000 51519 93564.7 100980 246064
1613500 51513.6 93564 101092 246170
1614000 51569 93565.2 101193 246327
1614500 51631.8 93594.1 101244 246470
1615000 51692.5 93618.6 101242 246553
1615500 51770.7 93573.5 101209 246553
1616000 51797.2 93547.7 101145 246490
1616500 51853.5 93501.6 101154 246509
1617000 51856.3 93449.7 101155 246461
1617500 51891.8 93426.5 101155 246473
1618000 51918.5 93461.5 101165 246545
1618500 51972.1 93519.3 101178 246670
1619000 51983.5 93544.7 101165 246693
1619500 51971.7 93597.5 101135 246704
1620000 51990.6 93629.5 101098 246718
1620500 51944.3 93671.3 101097 246712
1621000 51948.6 93718.1 101101 246768
1621500 51921.1 93768.8 101120 246810
1622000 51932.3 93860.7 101180 246973
1622500 51899.3 93873.4 101223 246995
1623000 51862.2 93906.5 101243 247012
1623500 51826.8 93965.8 101265 247058
1624000 51808.6 94011.2 101274 247094
1624500 51802 93995.5 101277 247074
1625000 51788.2 94023.5 101274 247086
1625500 51753.3 94061.2 101250 247065
1626000 51759.3 94013.6 101273 247046
1626500 51721.9 94025.3 101328 247075
1627000 51689.7 94081.5 101321 247092
1627500 51695.7 94154.9 101344 247195
1628000 51686.8 94176 101396 247259
1628500 51651.5 94224.3 101388 247264
1629000 51671.7 94302.4 101418 247393
1629500 51643.3 94392.7 101406 247442
1630000 51618.6 94497.1 101394 247509
1630500 51681 94594.1 101380 247655
1631000 51721.6 94629.2 101369 247720
1631500 51692 94656.4 101383 247731
1632000 51699.5 94710.3 101354 247764
1632500 51704.3 94734.1 101384 247822
1633000 51676.5 94748.8 101414 247840
1633500 51621.6 94755.7 101422 247799
1634000 51636.6 94711.1 101431 247779
1634500 51645.7 94685.3 101476 247807
1635000 51665.3 94695.3 101533 247894
1635500 51670.7 94739.3 101586 247996
1636000 51695.4 94710.3 101663 248068
1636500 51740.3 94702.4 101702 248145
1637000 51731.3 94690 101722 248143
1637500 51710.3 94709.9 101751 248171
1638000 51688.8 94672.6 101788 248150
1638500 51673.4 94582.6 101811 248067
1639000 51694.8 94486.5 101842 248024
1639500 51753.4 94369.8 101930 248053
1640000 51752.6 94319 101999 248071
1640500 51750.3 94336.4 102012 248099
1641000 51772.2 94307.3 102034 248114
1641500 51779.1 94329.5 102025 248133
1642000 51786.9 94396.1 102038 248221
1642500 51804.6 94398.4 102060 248263
1643000 51808.5 94382.6 102073 248264
1643500 51858.1 94399 102115 248372
1644000 51863.2 94409.3 102145 248418
1644500 51859.2 94337.3 102223 248420
1645000 51870.9 94396.4 102263 248531
1645500 51887.6 94455.6 102284 248628
1646000 51887.1 94454.4 102329 248670
1646500 51892.1 94479.4 102407 248778
1647000 51919.1 94467.8 102435 248822
1647500 51908.5 94446 102507 248862
1648000 51939.5 94461.4 102520 248921
1648500 51955.9 94434.7 102577 248967
1649000 51987.7 94437.3 102605 249030
1649500 52016.1 94361.9 102693 249070
1650000 52044.6 94293.7 102800 249139
1650500 52075.5 94215.1 102870 249161
1651000 52082.9 94171.2 102907 249161
1651500 52115.3 94166.5 102981 249262
1652000 52161.1 94120.1 103043 249324
1652500 52216.8 94080.4 103094 249391
1653000 52230.1 94074.7 103114 249419
1653500 52200.1 94045.6 103144 249389
1654000 52191 94038.4 103230 249459
1654500 52202.5 94009.4 103324 249536
1655000 52171.1 94016.5 103393 249581
1655500 52128.2 93975.3 103414 249517
1656000 52125.9 93962.5 103440 249528
1656500 52118.9 93930.2 103462 249511
1657000 52074.9 93946 103432 249453
1657500 52068.4 93866.5 103446 249381
1658000 52061.5 93851.4 103481 249394
1658500 52093.2 93798.3 103512 249403
1659000 52121.9 93739.3 103510 249371
1659500 52178.9 93656 103478 249312
1660000 52203.6 93633 103443 249279
1660500 52219.3 93568 103452 249239
1661000 52250.4 93548.7 103439 249238
1661500 52259.4 93572.1 103504 249336
1662000 52277 93602.4 103546 249425
1662500 52316.9 93558.1 103568 249443
1663000 52366.8 93536 103561 249464
1663500 52426 93600.2 103554 249580
1664000 52439.3 93647.8 103549 249636
1664500 52424.9 93659.8 103509 249594
1665000 52463.1 93658 103493 249615
1665500 52473.4 93654 103495 249622
1666000 52462.1 93685.1 103464 249611
1666500 52473.4 93748 103533 249754
1667000 52454.6 93779.1 103594 249828
1667500 52450.1 93817.3 103605 249873
1668000 52477.4 93860.4 103649 249987
1668500 52476.1 93913.9 103732 250122
1669000 52482.4 93973.5 103802 250258
1669500 52489.4 94102.6 103877 250469
1670000 52500.9 94110 103863 250474
1670500 52545.5 94137 103863 250546
1671000 52523.4 94170.1 103905 250599
1671500 52558.3 94146.4 103978 250683
1672000 52591.7 94146.7 103946 250684
1672500 52652.7 94077.6 103966 250696
1673000 52674 94035.3 103966 250675
1673500 52728.9 94016.1 103997 250742
1674000 52745.9 94035.7 104031 250813
1674500 52787.3 94042 104035 250865
1675000 52823.9 94018 104087 250929
1675500 52865.6 93953.3 104145 250964
1676000 52874.9 93925.8 104218 251019
1676500 52922.2 93866.3 104231 251019
1677000 52958.3 93798 104306 251063
1677500 52989.9 93736.2 104345 251071
1678000 53015.5 93712.3 104387 251115
1678500 53031.6 93687.5 104478 251197
1679000 53079.5 93616.7 104519 251216
1679500 53130.7 93596.9 104612 251340
1680000 53143.8 93664.8 104708 251517
1680500 53172.1 93695.3 104793 251661
1681000 53167.2 93704.6 104870 251742
1681500 53158.2 93705.4 104952 251815
1682000 53162 93705.9 105003 251871
1682500 53150.3 93713.2 105058 251922
1683000 53126.8 93697.2 105066 251890
1683500 53115.8 93648.4 105087 251851
1684000 53102.8 93626.6 105095 251825
1684500 53154.3 93619.6 105108 251882
1685000 53211.8 93609.4 105086 251907
1685500 53273.3 93657.1 105071 252001
1686000 53332.7 93696.1 105045 252074
1686500 53385.7 93679.9 105049 252115
1687000 53434 93646.6 105078 252159
1687500 53485 93603.9 105138 252227
1688000 53539.7 93578.2 105106 252223
1688500 53607 93567.3 105141 252316
1689000 53662 93597.8 105160 252420
1689500 53714.5 93598.4 105218 252531
1690000 53729.7 93606.9 105225 252562
1690500 53731.8 93630.9 105235 252598
1691000 53763.3 93643.1 105224 252630
1691500 53766.5 93731.2 105212 252710
1692000 53758.3 93785.7 105226 252770
1692500 53761.1 93762.8 105308 252832
1693000 53759.1 93770.5 105347 252877
1693500 53744.9 93765.5 105455 252966
1694000 53724.3 93818 105557 253100
1694500 53731.6 93864.5 105630 253226
1695000 53726.1 93945.3 105645 253317
1695500 53726.9 93977.4 105640 253345
1696000 53672.7 93972.4 105657 253302
1696500 53654.4 93989.1 105649 253293
1697000 53660.3 94031.8 105664 253356
1697500 53677.7 94078.6 105667 253424
1698000 53656.2 94134.6 105698 253488
1698500 53676.4 94176.4 105728 253581
1699000 53704.4 94207.8 105808 253720
1699500 53735 94274.1 105891 253900
1700000 53750.2 94291.1 105948 253989
1700500 53801.3 94375.7 106040 254217
1701000 53845.8 94425.8 106163 254435
1701500 53897.2 94408.1 106203 254509
1702000 53933.4 94403.2 106232 254568
1702500 53943.6 94445.7 106304 254693
1703000 53958.7 94498.1 106351 254808
1703500 53974 94565.9 106366 254906
1704000 53967.2 94624 106348 254939
1704500 53986.8 94728 106370 255084
1705000 54009 94789.9 106430 255229
1705500 54027.4 94823.9 106445 255296
1706000 54050.2 94840.6 106476 255367
1706500 54071.6 94779.9 106482 255333
1707000 54089.5 94726 106464 255279
1707500 54141.8 94640.5 106463 255246
1708000 54214.9 94571.5 106510 255296
1708500 54254.4 94501.9 106589 255345
1709000 54320.6 94525.6 106625 255471
1709500 54362.9 94531.6 106619 255514
1710000 54395.8 94589 106667 255652
1710500 54418.8 94639.6 106710 255769
1711000 54449.7 94702.3 106774 255926
1711500 54445.2 94738.6 106766 255950
1712000 54433.8 94744.9 106800 255979
1712500 54443.1 94788.1 106735 255967
1713000 54460.9 94816.6 106668 255946
1713500 54452.6 94832.4 106637 255922
1714000 54452.3 94884.3 106599 255936
1714500 54440 94901.4 106569 255910
1715000 54419.2 94915.6 106545 255879
1715500 54372.6 94944.5 106539 255857
1716000 54321.5 94961 106523 255806
1716500 54290.9 94913.2 106501 255705
1717000 54250.7 94888.1 106455 255594
1717500 54261.4 94924.2 106383 255568
1718000 54250.6 94930 106371 255552
1718500 54234.2 94876.1 106377 255487
1719000 54225.6 94880.4 106400 255506
1719500 54236.9 94854 106426 255516
1720000 54258 94881.3 106391 255530
1720500 54249.5 94909.3 106404 255563
1721000 54262.5 94914.4 106347 255524
1721500 54263.1 94903.7 106321 255488
1722000 54318.6 94948.8 106365 255632
1722500 54341.6 94991.9 106405 255738
1723000 54337.4 94997.4 106348 255682
1723500 54354.4 94951.3 106397 255702
1724000 54435.5 94963.7 106423 255822
1724500 54455 95032 106465 255952
1725000 54520.2 95026.4 106502 256049
1725500 54589.9 95030.3 106510 256130
1726000 54619.6 95048.8 106582 256251
1726500 54634.4 95049.6 106648 256332
1727000 54654.4 95102.9 106650 256407
1727500 54704.8 95134.8 106636 256476
1728000 54711.2 95108.6 106642 256462
1728500 54700.5 95057 106679 256436
1729000 54709.7 95018.8 106684 256412
1729500 54710.7 94986.1 106699 256396
1730000 54650.3 94944.4 106740 256335
1730500 54642.3 94968.1 106770 256381
1731000 54691.6 94993.7 106747 256432
1731500 54711.6 94956.3 106761 256429
1732000 54738.4 94883.2 106813 256434
1732500 54732 94814.7 106868 256414
1733000 54719.8 94802.5 106917 256439
1733500 54696.9 94760.2 106983 256440
1734000 54666.8 94767 107065 256498
1734500 54638.6 94710.4 107168 256517
1735000 54676 94703.9 107246 256625
1735500 54696.8 94695.2 107310 256702
1736000 54699.9 94659 107395 256754
1736500 54730.3 94699.3 107459 256889
1737000 54719.4 94745.6 107616 257081
1737500 54724.8 94757.9 107793 257276
1738000 54690.6 94782.8 107931 257404
1738500 54702.7 94802.9 107999 257504
1739000 54702.1 94773.9 108065 257542
1739500 54708.5 94812.3 108150 257670
1740000 54750.3 94842 108228 257820
1740500 54768.1 94799.4 108319 257887
1741000 54758 94722.9 108409 257890
1741500 54781.3 94703.9 108442 257927
1742000 54787 94703.8 108479 257970
1742500 54775 94668.2 108570 258013
1743000 54776.3 94718.7 108627 258123
1743500 54819.6 94813.5 108707 258340
1744000 54818.3 94844.8 108762 258425
1744500 54790.5 94873.1 108808 258472
1745000 54754 94831.9 108870 258456
1745500 54707.8 94876.4 108950 258534
1746000 54674.5 94982.8 109041 258698
1746500 54684.5 95037.2 109152 258873
1747000 54730.4 95058.5 109277 259066
1747500 54776.1 95031.5 109424 259232
1748000 54772.5 95011.6 109495 259280
1748500 54801.6 95020 109596 259418
1749000 54827.1 95037.6 109699 259564
1749500 54875 95111.8 109715 259702
1750000 54894.6 95166.9 109765 259827
1750500 54954.7 95251.6 109846 260052
1751000 54984.3 95325.9 109898 260208
1751500 55022.4 95390.4 109939 260351
1752000 55000.7 95407.8 109997 260405
1752500 54996.2 95408.1 110075 260480
1753000 54991.1 95426.3 110141 260559
1753500 54995.1 95474 110120 260589
1754000 55027.2 95502.2 110081 260611
1754500 55044.2 95472.3 110076 260593
1755000 55047.5 95497.1 110100 260645
1755500 55087.9 95506.4 110164 260758
1756000 55109.8 95541.1 110170 260821
1756500 55127.2 95550.4 110238 260916
1757000 55160.7 95574.5 110255 260990
1757500 55169.7 95590.4 110238 260998
1758000 55191.6 95628.7 110237 261057
1758500 55194.4 95646.9 110264 261105
1759000 55169.9 95648.5 110300 261119
1759500 55143.2 95616.8 110351 261111
1760000 55115.3 95604.6 110364 261084
1760500 55116.3 95643.6 110387 261147
1761000 55146.4 95661.9 110408 261216
1761500 55210.4 95662.2 110388 261260
1762000 55252.9 95709.9 110327 261290
1762500 55324.9 95727.8 110241 261294
1763000 55348.2 95670.5 110262 261281
1763500 55334 95582.4 110285 261201
1764000 55355 95495.5 110313 261164
1764500 55331.4 95435.4 110356 261122
1765000 55305.7 95344.3 110377 261027
1765500 55289.3 95304.7 110398 260992
1766000 55252.3 95274.1 110435 260962
1766500 55230 95238.5 110521 260990
1767000 55197.3 95237.2 110604 261039
1767500 55192.4 95296.2 110666 261155
1768000 55214.2 95309 110788 261311
1768500 55227.8 95366.9 110889 261483
1769000 55271 95418.9 110931 261621
1769500 55269.8 95442.9 110956 261668
1770000 55299.1 95424.2 111030 261753
1770500 55287.2 95459.6 111034 261781
1771000 55280.7 95479.2 111085 261845
1771500 55341.1 95444.3 111075 261860
1772000 55430.8 95420.3 111124 261975
1772500 55476.1 95387.6 111160 262024
1773000 55466.6 95407.5 111215 262090
1773500 55513.5 95373.1 111223 262110
1774000 55515 95387.3 111224 262126
1774500 55527.2 95378.7 111329 262235
1775000 55570.8 95412.7 111377 262361
1775500 55618.1 95370 111430 262418
1776000 55675.9 95402 111451 262529
1776500 55681.5 95399.3 111460 262540
1777000 55715.1 95417.3 111529 262661
1777500 55694.3 95471.2 111601 262766
1778000 55745.3 95506.7 111686 262938
1778500 55776.3 95565.7 111784 263126
1779000 55825.2 95664.4 111874 263364
1779500 55816.1 95737 111907 263460
1780000 55836 95774.7 111958 263569
1780500 55900.6 95803.6 111997 263701
1781000 55964.7 95827.6 112008 263801
1781500 56001.6 95832.1 112002 263836
1782000 56041.9 95850.9 112039 263932
1782500 56032.3 95865.7 112079 263977
1783000 56086.2 95925.3 112136 264148
1783500 56149.5 96004.9 112163 264317
1784000 56180 96045.1 112176 264401
1784500 56248.8 96090.7 112264 264603
1785000 56273.3 96128.9 112282 264684
1785500 56299.7 96159.1 112289 264748
1786000 56317.5 96217.1 112325 264860
1786500 56371.6 96218 112375 264965
1787000 56391.9 96239.1 112436 265067
1787500 56388.4 96320.9 112482 265191
1788000 56366.4 96352.8 112506 265225
1788500 56360.7 96383.5 112564 265309
1789000 56388.2 96425.9 112626 265440
1789500 56394 96494 112725 265613
1790000 56424 96546.3 112868 265838
1790500 56452.7 96582.9 112959 265994
1791000 56497 96597.5 113075 266170
1791500 56523.2 96629 113169 266321
1792000 56523.6 96605.9 113274 266403
1792500 56546.8 96606.2 113367 266520
1793000 56585 96625.9 113375 266586
1793500 56612.4 96681.4 113375 266669
1794000 56602.3 96766.1 113376 266745
1794500 56624.2 96820.4 113441 266886
1795000 56626.4 96867.4 113424 266918
1795500 56638.1 96946.4 113448 267033
1796000 56696.6 96991.9 113456 267145
1796500 56713.7 97002 113479 267195
1797000 56732.8 97002.8 113478 267214
1797500 56764.7 96971.5 113508 267244
1798000 56827.2 96950.3 113587 267364
1798500 56868.7 96856.8 113693 267418
1799000 56931.5 96822.4 113745 267498
1799500 56990.1 96851.8 113767 267609
1800000 57010.9 96807.2 113802 267620
1800500 57017.2 96733.6 113943 267694
1801000 57014 96737.1 114074 267825
1801500 57015.7 96693.3 114182 267891
1802000 57063.7 96656.4 114187 267907
1802500 57058.4 96613.3 114267 267938
1803000 57092.5 96549 114338 267980
1803500 57098.8 96534.3 114382 268016
1804000 57085 96518.4 114386 267990
1804500 57093.2 96455.4 114393 267942
1805000 57086.3 96451.1 114432 267969
1805500 57069.5 96421.8 114568 268059
1806000 57082 96433.8 114614 268130
1806500 57096.8 96438.3 114650 268186
1807000 57078.8 96428.4 114626 268133
1807500 57093.4 96446.5 114620 268160
1808000 57149.2 96487.8 114610 268247
1808500 57148.2 96454 114606 268209
1809000 57188.8 96437.6 114621 268247
1809500 57211.7 96451.6 114657 268320
1810000 57220.7 96440.1 114661 268322
1810500 57248.7 96461.3 114626 268336
1811000 57260.8 96520.9 114740 268521
1811500 57261.8 96499 114812 268573
1812000 57252.4 96541.9 114825 268620
1812500 57234.9 96594.8 114848 268678
1813000 57265.7 96634.8 114880 268780
1813500 57249.7 96666.9 114951 268867
1814000 57250.1 96692.7 115043 268986
1814500 57218.3 96758.2 115046 269023
1815000 57215.9 96796.3 115002 269014
1815500 57226.1 96789.2 114970 268986
1816000 57251.8 96783.5 114948 268984
1816500 57278.9 96790.7 114975 269044
1817000 57322.5 96866.6 114967 269156
1817500 57354.9 96928.2 114971 269254
1818000 57397.1 96951.1 114913 269261
1818500 57433.2 96965.8 114863 269262
1819000 57510.2 97012.2 114833 269356
1819500 57617.9 97041.9 114827 269487
1820000 57653.4 97064.3 114814 269531
1820500 57735.5 97086.7 114816 269638
1821000 57809.8 97181 114831 269821
1821500 57870.5 97262.2 114878 270011
1822000 57981.4 97352 114944 270278
1822500 58072.3 97401.7 115021 270495
1823000 58134.6 97430.1 115099 270664
1823500 58169.5 97499.7 115145 270814
1824000 58160.5 97552.2 115201 270914
1824500 58172.4 97588.1 115217 270977
1825000 58197.6 97637.4 115218 271053
1825500 58195 97722.8 115204 271122
1826000 58185.3 97731.7 115128 271045
1826500 58244.4 97719.7 115098 271062
1827000 58296 97705.5 115072 271074
1827500 58345.9 97666.3 115019 271032
1828000 58380.8 97641.3 114976 270998
1828500 58404.3 97612.9 114972 270989
1829000 58425.8 97633.6 114994 271053
1829500 58443.8 97603.8 114950 270998
1830000 58420.3 97628.9 114967 271017
1830500 58440.1 97616.4 114920 270976
1831000 58460.6 97631.9 114925 271017
1831500 58495.2 97648.3 114953 271097
1832000 58560.3 97737.4 115007 271305
1832500 58597 97809.9 114959 271366
1833000 58609.7 97896.6 114956 271462
1833500 58595.5 97933.9 114970 271500
1834000 58618.5 97976.6 115030 271625
1834500 58607.2 98014 115026 271647
1835000 58584.7 98101 115056 271742
1835500 58570.9 98140.7 115029 271741
1836000 58572.3 98176.6 115069 271818
1836500 58605 98287 115106 271998
1837000 58661.8 98341.1 115145 272148
1837500 58731.6 98369.9 115107 272208
1838000 58787 98392.6 115156 272336
1838500 58850.2 98411.6 115213 272475
1839000 58943.1 98361 115234 272538
1839500 58973.5 98356.1 115260 272590
1840000 59030.1 98400 115269 272699
1840500 59097 98398 115331 272826
1841000 59179.1 98486.5 115368 273034
1841500 59256.1 98541.3 115442 273240
1842000 59298.5 98529.4 115510 273338
1842500 59395.1 98522.6 115557 273475
1843000 59469.8 98546.3 115609 273625
1843500 59547.7 98560 115654 273762
1844000 59611.4 98569.2 115717 273898
1844500 59635.6 98638.6 115787 274062
1845000 59656.4 98634.9 115872 274163
1845500 59663.3 98653.5 115923 274240
1846000 59707 98648.8 115994 274350
1846500 59786.7 98617.7 116100 274504
1847000 59832.6 98621.8 116225 274679
1847500 59890.1 98576.3 116291 274758
1848000 59952.7 98565.1 116417 274935
1848500 59991.6 98530.1 116553 275074
1849000 60056.8 98518.3 116600 275176
1849500 60114.2 98503 116642 275260
1850000 60187.7 98489 116684 275361
1850500 60245.6 98471.4 116701 275418
1851000 60329.3 98407.7 116686 275423
1851500 60386.3 98467.5 116712 275565
1852000 60478.2 98567.7 116718 275764
1852500 60570.3 98686.6 116736 275993
1853000 60632.3 98794.4 116716 276143
1853500 60654.1 98962.6 116705 276322
1854000 60692.9 99083.4 116802 276578
1854500 60756.9 99175.4 116844 276776
1855000 60853.2 99232.2 116821 276907
1855500 60944.9 99222.1 116793 276960
1856000 60984.9 99227 116770 276982
1856500 61073.7 99245.4 116787 277107
1857000 61099.4 99267.3 116803 277170
1857500 61174.2 99279.8 116793 277247
1858000 61220.5 99255.6 116760 277236
1858500 61255.3 99280 116772 277307
1859000 61279 99325.3 116823 277427
1859500 61291.6 99388.2 116816 277496
1860000 61342.1 99443.7 116778 277564
1860500 61349.2 99432 116795 277576
1861000 61398.7 99419.1 116816 277634
1861500 61437.3 99446.2 116855 277739
1862000 61478.5 99464.9 116925 277868
1862500 61488.3 99484.6 116961 277934
1863000 61518.5 99482.5 117001 278002
1863500 61582.3 99451.5 117047 278080
1864000 61580.4 99434.5 117082 278097
1864500 61587 99448.1 117161 278196
1865000 61583.1 99509.2 117245 278337
1865500 61542.6 99502.8 117331 278377
1866000 61520.3 99513 117417 278450
1866500 61518.4 99553 117411 278482
1867000 61503.6 99596.5 117371 278471
1867500 61470.9 99606.7 117256 278334
1868000 61443.5 99677.6 117169 278290
1868500 61426.5 99713.5 117162 278302
1869000 61412.8 99690.9 117230 278334
1869500 61410.6 99692.3 117337 278439
1870000 61363.5 99741.9 117422 278527
1870500 61327.5 99740.9 117501 278569
1871000 61268.3 99761.5 117588 278618
1871500 61232.9 99776.9 117634 278643
1872000 61196.8 99779.5 117674 278650
1872500 61212.9 99786.3 117701 278701
1873000 61189.5 99765.7 117664 278619
1873500 61166.3 99804.6 117697 278668
1874000 61132.3 99802 117732 278667
1874500 61126.5 99834.6 117753 278714
1875000 61136.1 99807.1 117856 278799
1875500 61131.2 99815.5 117874 278821
1876000 61185.1 99809.5 117930 278924
1876500 61222.5 99776.1 118002 279001
1877000 61268.7 99789.5 118050 279108
1877500 61306.9 99805.6 118105 279218
1878000 61330.6 99787.6 118118 279237
1878500 61299 99799 118117 279215
1879000 61274.3 99855.4 118121 279251
1879500 61281.5 99896.9 118158 279337
1880000 61351 99889.3 118173 279413
1880500 61407.3 99897.8 118233 279538
1881000 61483.1 99919.7 118272 279675
1881500 61517.8 99972.6 118301 279792
1882000 61536.8 99999.2 118371 279907
1882500 61545.2 100006 118488 280040
1883000 61537 100056 118561 280154
1883500 61559.4 100049 118512 280121
1884000 61541.4 100045 118520 280106
1884500 61502.9 100092 118515 280110
1885000 61491.7 100065 118486 280043
1885500 61527 100052 118452 280031
1886000 61532.6 100028 118459 280020
1886500 61526.2 99961.2 118444 279931
1887000 61564 99942.1 118435 279941
1887500 61565.7 99966.1 118438 279970
1888000 61567.6 100015 118460 280043
1888500 61560.9 100045 118451 280057
1889000 61568.9 100112 118438 280118
1889500 61588.5 100124 118427 280139
1890000 61599.1 100196 118416 280211
1890500 61570.2 100272 118482 280325
1891000 61585.5 100297 118489 280372
1891500 61591.7 100306 118486 280384
1892000 61622.3 100362 118532 280516
1892500 61687.8 100352 118526 280566
1893000 61711.6 100362 118555 280628
1893500 61729.1 100362 118577 280668
1894000 61757 100388 118660 280805
1894500 61742.9 100407 118743 280893
1895000 61717.2 100399 118768 280884
1895500 61688.8 100349 118716 280753
1896000 61656.9 100347 118689 280693
1896500 61616.3 100357 118632 280606
1897000 61572 100336 118607 280515
1897500 61547.6 100340 118621 280508
1898000 61503.2 100426 118623 280553
1898500 61491.7 100525 118614 280631
1899000 61497.3 100586 118653 280736
1899500 61462.1 100628 118688 280778
1900000 61484.9 100671 118695 280851
1900500 61498.4 100741 118762 281001
1901000 61489.6 100770 118819 281079
1901500 61506.4 100814 118956 281277
1902000 61506.6 100880 119000 281386
1902500 61485 100930 119065 281480
1903000 61522.2 100948 119119 281589
1903500 61495.7 101036 119204 281736
1904000 61470.9 101126 119325 281922
1904500 61421.6 101218 119415 282055
1905000 61407.6 101259 119563 282230
1905500 61363.9 101294 119587 282244
1906000 61332.2 101290 119680 282303
1906500 61305 101279 119740 282324
1907000 61249.9 101248 119814 282312
1907500 61207 101258 119838 282302
1908000 61169.4 101255 119818 282242
1908500 61132.9 101259 119871 282263
1909000 61143.4 101280 119935 282358
1909500 61173.4 101335 119982 282491
1910000 61145.1 101345 120033 282523
1910500 61108 101369 120053 282530
1911000 61050.3 101457 120098 282605
1911500 61023.9 101462 120069 282554
1912000 61036.5 101536 120128 282700
1912500 61069 101615 120119 282803
1913000 61069.3 101709 120157 282935
1913500 61060.9 101709 120237 283007
1914000 61108.6 101716 120308 283132
1914500 61134.1 101667 120391 283192
1915000 61173.9 101647 120428 283249
1915500 61174.1 101655 120484 283313
1916000 61150.1 101609 120479 283238
1916500 61147.2 101626 120537 283310
1917000 61127.7 101646 120589 283363
1917500 61190.9 101694 120592 283477
1918000 61253.6 101723 120579 283555
1918500 61268.3 101734 120580 283583
1919000 61342.8 101739 120600 283683
1919500 61347.7 101757 120662 283767
1920000 61376.8 101820 120714 283910
1920500 61411 101873 120822 284106
1921000 61423.8 101866 120928 284218
1921500 61460.7 101930 120912 284302
1922000 61484.6 102010 120970 284465
1922500 61449.3 102068 121094 284612
1923000 61446.8 102129 121196 284771
1923500 61504.8 102140 121264 284909
1924000 61560.4 102179 121315 285054
1924500 61567.2 102276 121312 285155
1925000 61622 102327 121320 285269
1925500 61682.5 102382 121350 285414
1926000 61802.3 102523 121424 285750
1926500 61907.3 102622 121499 286028
1927000 62004.4 102711 121588 286303
1927500 62067.3 102833 121659 286559
1928000 62119.5 102840 121677 286637
1928500 62139.6 102884 121715 286738
1929000 62183.5 102910 121736 286830
1929500 62213.8 102931 121789 286934
1930000 62185.1 102941 121813 286938
1930500 62195.6 102996 121841 287033
1931000 62192.3 103062 121958 287212
1931500 62235.2 103179 122017 287431
1932000 62220 103244 122044 287508
1932500 62217 103311 122070 287598
1933000 62262.6 103304 122048 287615
1933500 62300.4 103333 122023 287656
1934000 62314.3 103303 122057 287674
1934500 62366.1 103329 122034 287730
1935000 62467 103395 122048 287910
1935500 62552.8 103471 122067 288091
1936000 62574.1 103434 122066 288074
1936500 62606.6 103475 122049 288131
1937000 62611.8 103478 122077 288166
1937500 62635.7 103523 122164 288322
1938000 62631.7 103588 122178 288398
1938500 62630.4 103666 122241 288537
1939000 62662.4 103729 122295 288687
1939500 62683.6 103829 122396 288909
1940000 62694.2 103917 122551 289163
1940500 62722 103975 122735 289431
1941000 62748.4 103998 122878 289624
1941500 62779.2 104031 123044 289854
1942000 62799.5 104056 123262 290118
1942500 62836.9 104074 123358 290269
1943000 62862.8 104115 123447 290425
1943500 62903.9 104122 123529 290554
1944000 62951.1 104152 123549 290652
1944500 62991.1 104176 123629 290796
1945000 62988.3 104155 123717 290860
1945500 62991.4 104196 123833 291020
1946000 63056.1 104247 123927 291230
1946500 63068 104278 123929 291275
1947000 63057.5 104315 123968 291341
1947500 63012.8 104388 123952 291352
1948000 63007.3 104417 123947 291372
1948500 63019.8 104474 123997 291490
1949000 63072.9 104520 123971 291564
1949500 63087.9 104657 123971 291716
1950000 63131.5 104770 123990 291891
1950500 63106.8 104931 124035 292073
1951000 63104.1 105013 124088 292205
1951500 63104.2 105064 124088 292255
1952000 63131.3 105113 124049 292294
1952500 63153.8 105129 124057 292340
1953000 63171.9 105210 124131 292513
1953500 63163.8 105287 124153 292603
1954000 63181 105334 124208 292723
1954500 63194.1 105360 124244 292797
1955000 63238.2 105386 124269 292894
1955500 63300.1 105350 124246 292896
1956000 63322 105346 124248 292916
1956500 63315.6 105350 124235 292900
1957000 63354 105372 124153 292879
1957500 63386.3 105411 124109 292906
1958000 63400.2 105432 124055 292887
1958500 63404.6 105435 124014 292854
1959000 63437.6 105431 124020 292889
1959500 63428.4 105469 124052 292950
1960000 63425.3 105518 124094 293037
1960500 63419.7 105533 124090 293044
1961000 63428.1 105571 124083 293082
1961500 63439.6 105611 124072 293123
1962000 63442.3 105676 124102 293220
1962500 63450.4 105701 124145 293297
1963000 63503.5 105746 124233 293483
1963500 63560.2 105821 124275 293656
1964000 63574.2 105922 124293 293789
1964500 63578.5 105925 124300 293803
1965000 63621.2 105959 124313 293893
1965500 63605.4 105998 124301 293905
1966000 63602.2 105997 124401 294001
1966500 63615.6 105984 124478 294077
1967000 63576.7 106043 124571 294191
1967500 63575.6 106140 124590 294306
1968000 63590 106176 124636 294403
1968500 63575.2 106176 124658 294410
1969000 63576 106146 124701 294423
1969500 63565 106139 124797 294501
1970000 63564.3 106205 124804 294574
1970500 63574.8 106241 124830 294646
1971000 63561.5 106268 124926 294755
1971500 63534.6 106314 124964 294813
1972000 63530.9 106386 125037 294953
1972500 63602.2 106436 125159 295198
1973000 63630.3 106506 125260 295396
1973500 63672.4 106564 125313 295549
1974000 63718.5 106632 125349 295699
1974500 63760.9 106650 125417 295828
1975000 63744.6 106675 125472 295892
1975500 63745.7 106690 125457 295892
1976000 63776.5 106791 125487 296054
1976500 63782.4 106892 125520 296195
1977000 63821 106948 125503 296272
1977500 63832.8 107082 125509 296423
1978000 63829.7 107116 125448 296394
1978500 63840.6 107164 125363 296367
1979000 63850.9 107219 125328 296399
1979500 63911 107239 125275 296425
1980000 63969 107282 125254 296506
1980500 63997 107368 125229 296594
1981000 64022.8 107521 125155 296698
1981500 64058.2 107673 125066 296798
1982000 64116.7 107767 125093 296976
1982500 64136.6 107830 125084 297050
1983000 64159.8 107976 125110 297246
1983500 64203.4 108078 125163 297444
1984000 64256.4 108161 125181 297598
1984500 64305.1 108256 125209 297770
1985000 64309.7 108300 125238 297848
1985500 64284.9 108362 125218 297865
1986000 64342.9 108473 125275 298091
1986500 64390.2 108523 125276 298189
1987000 64434.8 108603 125318 298356
1987500 64473.8 108665 125370 298509
1988000 64527.7 108668 125429 298625
1988500 64574.4 108736 125486 298797
1989000 64624.2 108877 125527 299028
1989500 64672.9 108954 125482 299109
1990000 64728.8 109010 125498 299237
1990500 64772.6 108981 125528 299281
1991000 64810.5 109002 125498 299311
1991500 64853.2 108983 125433 299269
1992000 64895.1 108998 125492 299385
1992500 65003.2 108982 125581 299566
1993000 65021.1 109073 125638 299732
1993500 65032.7 109126 125716 299875
1994000 65070.6 109165 125783 300018
1994500 65100.5 109220 125781 300102
1995000 65159.1 109298 125797 300253
1995500 65206.4 109396 125794 300397
1996000 65233.3 109483 125805 300522
1996500 65237.3 109569 125828 300634
1997000 65266.1 109579 125794 300639
1997500 65248.2 109562 125815 300625
1998000 65225.2 109621 125872 300719
1998500 65234.4 109653 125887 300774
1999000 65290.2 109698 125945 300933
1999500 65311.2 109752 125941 301004
2000000 65341 109826 125978 301145
